time,open,high,low,close,volume
2020-10-02 07:15:00,297.800623618,297.800623618,297.781287171,297.781287171,811.0
2020-10-02 08:15:00,294.542432262,294.542432262,294.542432262,294.542432262,411.0
2020-10-02 09:15:00,294.059021081,294.059021081,294.059021081,294.059021081,336.0
2020-10-02 09:45:00,298.854459991,300.681754254,298.313039469,298.864128215,64048.0
2020-10-02 10:00:00,299.081663246,299.478060414,296.930483493,297.931144637,41689.0
2020-10-02 10:15:00,298.197020786,298.516072165,297.423562897,297.439322102,34293.0
2020-10-02 10:30:00,297.467069903,298.371048811,297.007829282,297.998822202,40606.0
2020-10-02 10:45:00,298.129343221,298.400053482,297.317212438,297.742614276,36720.0
2020-10-02 11:00:00,297.781287171,298.999483346,297.723277829,298.467731047,110419.0
2020-10-02 11:15:00,298.308205358,298.34204414,297.684604935,297.964983419,87732.0
2020-10-02 11:30:00,297.955315196,300.435214552,297.93085459,300.179006626,75993.0
2020-10-02 11:45:00,300.21767952,300.32402998,298.820621209,298.820621209,47661.0
2020-10-02 12:00:00,298.825455321,300.556067347,298.825455321,299.250857159,56893.0
2020-10-02 12:15:00,299.217018377,302.673408317,299.110667917,301.880613981,63000.0
2020-10-02 12:30:00,302.015969112,302.518716739,301.619571944,302.14649013,36556.0
2020-10-02 12:45:00,302.204499472,302.499380292,301.967627994,302.286679373,33437.0
2020-10-02 13:00:00,302.383361609,303.504875548,302.102983124,303.214828839,83654.0
2020-10-02 13:15:00,303.195492392,304.113973635,302.808956812,303.427529759,54053.0
2020-10-02 13:30:00,303.316345187,303.891604492,303.035966703,303.195492392,25584.0
2020-10-02 13:45:00,303.195492392,303.234165287,301.266681782,301.406871024,25437.0
2020-10-02 14:00:00,301.42137336,301.571230826,300.411043993,300.589906129,25449.0
2020-10-02 14:15:00,300.681754254,303.287340516,300.488389781,303.127814827,52237.0
2020-10-02 14:30:00,303.127814827,303.4855391,302.774924665,302.953786802,28644.0
2020-10-02 14:45:00,303.079473709,303.857765709,302.876441013,303.093976044,36455.0
2020-10-02 15:00:00,303.069805485,303.504875548,302.828099895,302.905445684,30268.0
2020-10-02 15:15:00,302.942184934,302.942184934,301.658244838,302.073978453,30161.0
2020-10-02 15:30:00,302.035305559,303.891604492,301.948291546,303.688571796,41196.0
2020-10-02 15:45:00,303.736912914,304.679564716,303.678903573,304.491034356,34487.0
2020-10-02 16:00:00,304.558711921,304.665062381,303.118146603,303.533880218,117198.0
2020-10-02 16:15:00,303.533880218,303.533880218,303.533880218,303.533880218,10740.0
2020-10-02 18:00:00,303.533783536,303.533783536,303.533783536,303.533783536,100.0
2020-10-05 08:15:00,305.757571649,305.757571649,305.757571649,305.757571649,125.0
2020-10-05 09:45:00,305.370842704,306.705057562,304.210655871,305.776908096,33689.0
2020-10-05 10:00:00,305.631884742,305.873590332,302.673408317,303.582124654,22022.0
2020-10-05 10:15:00,303.127814827,304.094637188,302.015969112,302.639569535,19492.0
2020-10-05 10:30:00,302.750754106,304.258996989,302.683076541,303.427529759,15271.0
2020-10-05 10:45:00,303.712742355,305.022786654,303.504875548,304.616721263,10159.0
2020-10-05 11:00:00,304.607053039,305.728566978,304.452361461,305.206482903,12748.0
2020-10-05 11:15:00,305.264492245,306.017646864,304.82458807,305.409515599,11799.0
2020-10-05 11:30:00,305.337003922,306.434347301,304.906767971,305.293496915,20467.0
2020-10-05 11:45:00,304.926104418,304.945440865,303.446866206,303.934047994,16010.0
2020-10-05 12:00:00,303.906106827,304.075300741,302.557389634,302.557389634,22892.0
2020-10-05 12:15:00,302.712081212,302.982791473,302.277011149,302.46080408,24017.0
2020-10-05 12:30:00,302.634735423,302.886109237,302.286679373,302.470375621,20543.0
2020-10-05 12:45:00,302.538053187,302.784592889,302.378527497,302.480043845,16377.0
2020-10-05 13:00:00,302.489712069,302.576726081,301.71625418,301.948291546,15438.0
2020-10-05 13:15:00,302.107817236,302.107817236,301.310188788,301.532557931,10310.0
2020-10-05 13:30:00,301.638811709,301.909618652,301.358529906,301.687249509,13280.0
2020-10-05 13:45:00,301.696917733,302.209333584,301.484216813,301.754927074,15064.0
2020-10-05 14:00:00,301.667913062,301.841941087,301.426207472,301.440709807,24220.0
2020-10-05 14:15:00,301.532557931,301.532557931,301.010473856,301.387534577,12945.0
2020-10-05 14:30:00,301.397202801,301.580899049,300.971800962,301.203838329,14477.0
2020-10-05 14:45:00,301.26184767,301.774263522,301.26184767,301.701751844,20314.0
2020-10-05 15:00:00,301.774263522,301.967627994,301.358529906,301.861277534,26951.0
2020-10-05 15:15:00,301.875779869,301.875779869,301.464880366,301.687249509,21783.0
2020-10-05 15:30:00,301.638908391,301.82260464,301.392368689,301.788765857,30602.0
2020-10-05 15:45:00,301.658244838,302.702412988,301.571230826,302.267342926,39823.0
2020-10-05 16:00:00,302.238338255,302.518716739,301.638908391,301.82260464,120572.0
2020-10-05 16:15:00,301.82260464,301.82260464,301.82260464,301.82260464,93785.0
2020-10-05 20:00:00,301.764595298,301.764595298,301.764595298,301.764595298,201.0
2020-10-06 07:45:00,306.482688419,306.482688419,306.482688419,306.482688419,200.0
2020-10-06 08:15:00,306.482688419,307.768562159,306.482688419,307.768562159,892.0
2020-10-06 08:30:00,307.44951078,308.413916085,307.44951078,308.413916085,308.0
2020-10-06 08:45:00,307.497851898,307.932921961,307.497851898,307.932921961,7381.0
2020-10-06 09:00:00,307.932921961,307.932921961,306.869417364,306.869417364,6026.0
2020-10-06 09:30:00,307.546193016,309.383155502,305.999277239,309.383155502,2046.0
2020-10-06 09:45:00,309.702206881,309.702206881,304.04629607,305.080795996,126021.0
2020-10-06 10:00:00,304.945440865,305.902595003,304.945440865,305.303165139,58847.0
2020-10-06 10:15:00,305.112701134,305.535202506,304.017291399,304.278333436,36337.0
2020-10-06 10:30:00,304.278333436,305.124303002,303.935111498,304.094637188,19966.0
2020-10-06 10:45:00,304.229992318,304.570797201,303.098810156,303.147151274,22746.0
2020-10-06 11:00:00,303.147151274,303.649898902,302.890943348,303.272838181,33854.0
2020-10-06 11:15:00,303.253501734,303.330847523,302.866772789,302.958620914,16155.0
2020-10-06 11:30:00,302.789427,303.10847838,301.097584551,301.764595298,27055.0
2020-10-06 11:45:00,301.928955099,302.857104566,301.928955099,302.697578876,22092.0
2020-10-06 12:00:00,302.605730752,303.253501734,302.364025162,303.122303939,16557.0
2020-10-06 12:15:00,303.282506405,303.282506405,302.683076541,303.147151274,28861.0
2020-10-06 12:30:00,303.084307821,303.427529759,302.828099895,303.10847838,26205.0
2020-10-06 12:45:00,303.166487721,304.28800166,303.098810156,304.055964293,24133.0
2020-10-06 13:00:00,304.065632517,304.8777633,303.988286728,304.759327561,61037.0
2020-10-06 13:15:00,304.607053039,305.283828692,304.481366132,305.283828692,73137.0
2020-10-06 13:30:00,305.506197835,306.927813434,305.46752494,306.492356643,28523.0
2020-10-06 13:45:00,306.61804355,306.61804355,305.5738754,305.622216518,27176.0
2020-10-06 14:00:00,305.636718853,305.704396419,304.805251623,305.003450207,18709.0
2020-10-06 14:15:00,305.013118431,305.085630108,304.089803076,304.694067052,19119.0
2020-10-06 14:30:00,304.578048368,304.819753958,304.273499325,304.42335679,32799.0
2020-10-06 14:45:00,304.42335679,305.786576319,304.42335679,305.583543624,32362.0
2020-10-06 15:00:00,305.695888382,305.791410431,300.198343073,301.489050925,48289.0
2020-10-06 15:15:00,301.50355326,301.774263522,299.714931893,300.21767952,31114.0
2020-10-06 15:30:00,299.898628141,300.440048663,298.641759072,298.922137557,56049.0
2020-10-06 15:45:00,299.067160911,301.464880366,298.922137557,300.546399123,36324.0
2020-10-06 16:00:00,300.401375769,300.469053334,298.661095519,298.719104861,117356.0
2020-10-06 16:15:00,298.719104861,303.964116169,298.719104861,303.964116169,13893.0
2020-10-06 16:45:00,298.651427296,298.651427296,298.651427296,298.651427296,168.0
2020-10-06 18:45:00,298.264698351,298.699768414,298.264698351,298.699768414,731.0
2020-10-06 19:45:00,298.719104861,298.719104861,298.719104861,298.719104861,100.0
2020-10-06 20:00:00,298.719104861,298.719104861,298.719104861,298.719104861,126.0
2020-10-07 09:45:00,300.101660837,302.924782131,300.101660837,302.605730752,47061.0
2020-10-07 10:00:00,302.175494801,303.156819498,301.745258851,301.745258851,11084.0
2020-10-07 10:15:00,302.175494801,302.605730752,301.445543919,302.262508814,16306.0
2020-10-07 10:30:00,302.692744764,304.539375474,302.692744764,303.625728343,27338.0
2020-10-07 10:45:00,303.843263374,304.026959623,302.541920476,302.596062528,20026.0
2020-10-07 11:00:00,302.65407187,303.804590479,302.571891969,302.992459696,32190.0
2020-10-07 11:15:00,303.127814827,303.166487721,302.30601582,302.460707398,46555.0
2020-10-07 11:30:00,302.480043845,302.803929336,302.06431023,302.484877957,15686.0
2020-10-07 11:45:00,302.484877957,303.4855391,302.315684044,303.185824168,24365.0
2020-10-07 12:00:00,303.13748305,303.13748305,302.499380292,302.702412988,18313.0
2020-10-07 12:15:00,302.779758777,302.982791473,302.460707398,302.596062528,15594.0
2020-10-07 12:30:00,302.596062528,303.562884889,302.470375621,302.910279796,19535.0
2020-10-07 12:45:00,303.19065828,303.437197982,302.238338255,302.248006478,14983.0
2020-10-07 13:00:00,302.228670031,302.35919105,301.335712899,301.47454859,11933.0
2020-10-07 13:15:00,301.493885037,302.131987795,301.358529906,301.71625418,9662.0
2020-10-07 13:30:00,301.561562602,302.131987795,301.484216813,302.049807894,10014.0
2020-10-07 13:45:00,302.160992466,303.321179299,302.160992466,303.321179299,13808.0
2020-10-07 14:00:00,303.205160616,303.669235349,303.156819498,303.176155945,22257.0
2020-10-07 14:15:00,303.311511075,303.640230678,302.784592889,302.784592889,14834.0
2020-10-07 14:30:00,302.857104566,304.04629607,302.857104566,303.529046107,14164.0
2020-10-07 14:45:00,303.620894231,304.317006331,303.408193311,304.317006331,19912.0
2020-10-07 15:00:00,304.297669884,304.74240817,303.765917585,304.558711921,18923.0
2020-10-07 15:15:00,304.384683896,304.819753958,304.113973635,304.626389486,12231.0
2020-10-07 15:30:00,304.63605771,305.100132443,304.442693238,304.694067052,16260.0
2020-10-07 15:45:00,304.597384815,304.607053039,303.881936268,304.007623175,31325.0
2020-10-07 16:00:00,304.017291399,304.404020343,303.021464367,303.611226007,111154.0
2020-10-07 16:15:00,303.475870877,303.475870877,303.475870877,303.475870877,173498.0
2020-10-08 04:15:00,303.959282057,303.959282057,303.959282057,303.959282057,100.0
2020-10-08 08:15:00,303.678903573,303.678903573,303.582221336,303.582221336,463.0
2020-10-08 09:45:00,303.794922256,305.554538953,303.794922256,305.191980567,35532.0
2020-10-08 10:00:00,305.191980567,305.612548294,304.698901163,305.051791325,14801.0
2020-10-08 10:15:00,304.950274977,305.216151126,304.094637188,304.39435212,9068.0
2020-10-08 10:30:00,304.210655871,305.283828692,304.210655871,305.187146456,7848.0
2020-10-08 10:45:00,305.337003922,306.173305264,304.74240817,305.032454878,9947.0
2020-10-08 11:00:00,304.916436195,306.192641711,304.916436195,305.206482903,5594.0
2020-10-08 11:15:00,305.22581935,305.643196563,304.848758629,304.964777313,19133.0
2020-10-08 11:30:00,305.216151126,305.438520269,304.549043697,304.829422182,9670.0
2020-10-08 11:45:00,304.752076393,305.138805338,303.910940939,305.138805338,18390.0
2020-10-08 12:00:00,305.051791325,305.148473561,304.800417511,304.926104418,9949.0
2020-10-08 12:15:00,304.924170773,305.834917437,304.752076393,305.757571649,10974.0
2020-10-08 12:30:00,305.776908096,306.37633796,305.747903425,306.211978158,14201.0
2020-10-08 12:45:00,306.221646382,306.482688419,306.192641711,306.308660394,10423.0
2020-10-08 13:00:00,306.124964146,306.598707103,305.892926779,306.182973487,12004.0
2020-10-08 13:15:00,306.182973487,306.492356643,305.776908096,305.834917437,8315.0
2020-10-08 13:30:00,305.728566978,305.728566978,305.003450207,305.341838033,10124.0
2020-10-08 13:45:00,305.33216981,306.042784245,305.187146456,305.776908096,13142.0
2020-10-08 14:00:00,305.790830338,305.970272568,305.588377735,305.805912767,12959.0
2020-10-08 14:15:00,305.863922108,306.850080916,305.564207176,306.662033967,22907.0
2020-10-08 14:30:00,306.72439401,307.20780519,306.579370655,307.033777165,10271.0
2020-10-08 14:45:00,307.094686974,307.256146308,306.734062233,306.898422035,12302.0
2020-10-08 15:00:00,306.937094929,307.55586124,306.937094929,307.362496768,73638.0
2020-10-08 15:15:00,307.415671998,308.203632222,306.927426705,308.126286433,24098.0
2020-10-08 15:30:00,308.106949986,308.667706955,307.961926632,308.4405037,36185.0
2020-10-08 15:45:00,308.503347154,309.151118136,308.271309787,308.658038731,38954.0
2020-10-08 16:00:00,308.687043402,309.209127477,308.338987352,309.151118136,76263.0
2020-10-08 16:15:00,309.073772347,309.073772347,309.073772347,309.073772347,5077.0
2020-10-08 16:30:00,308.416333141,308.416333141,308.416333141,308.416333141,160.0
2020-10-09 09:30:00,309.383155502,309.383155502,309.383155502,309.383155502,219.0
2020-10-09 09:45:00,309.383155502,311.771206734,308.155291104,309.238132148,47393.0
2020-10-09 10:00:00,309.470169515,309.479837738,307.328657985,308.048940644,26843.0
2020-10-09 10:15:00,307.894249066,308.193963998,307.057947724,307.20780519,16157.0
2020-10-09 10:30:00,307.26098042,307.55586124,306.153968817,306.211978158,18582.0
2020-10-09 10:45:00,306.086291251,307.31415565,305.81558099,306.685721115,47483.0
2020-10-09 11:00:00,306.690555227,306.995104271,306.105627699,306.468186084,14073.0
2020-10-09 11:15:00,306.589038879,307.140127625,306.589038879,306.685721115,14534.0
2020-10-09 11:30:00,306.637379997,306.830744469,306.140820032,306.294158059,15073.0
2020-10-09 11:45:00,306.221646382,306.289323947,305.535202506,305.699562307,28889.0
2020-10-09 12:00:00,305.883258556,307.285150979,305.883258556,306.72439401,19294.0
2020-10-09 12:15:00,306.970933712,307.106288842,306.444015525,306.801739798,11240.0
2020-10-09 12:30:00,306.743730457,307.294819202,306.390840295,306.410176742,25253.0
2020-10-09 12:45:00,306.540697761,306.67121878,305.448188493,305.834917437,23681.0
2020-10-09 13:00:00,305.805912767,305.805912767,303.717576467,304.481366132,31249.0
2020-10-09 13:15:00,304.578048368,304.578048368,303.224497063,303.727244691,26686.0
2020-10-09 13:30:00,303.736912914,304.017291399,303.393400929,303.732078802,23428.0
2020-10-09 13:45:00,303.640230678,304.084968964,303.379188641,303.69824002,17772.0
2020-10-09 14:00:00,303.601557784,304.162314753,303.601557784,304.142978306,17515.0
2020-10-09 14:15:00,303.988286728,304.326674554,303.756249361,303.997954952,25887.0
2020-10-09 14:30:00,303.823926927,304.346011002,303.823926927,304.007623175,33219.0
2020-10-09 14:45:00,304.065632517,304.549043697,303.872268045,304.503893093,19629.0
2020-10-09 15:00:00,304.442693238,304.694067052,304.152646529,304.297669884,11425.0
2020-10-09 15:15:00,304.442693238,304.98411376,304.365347449,304.732739946,26378.0
2020-10-09 15:30:00,304.703735275,305.506197835,304.665062381,305.298331027,29210.0
2020-10-09 15:45:00,305.370842704,305.390179151,304.075300741,304.471697909,35374.0
2020-10-09 16:00:00,304.384683896,305.032454878,303.978618504,304.810085735,124710.0
2020-10-09 16:15:00,304.819753958,304.819753958,304.819753958,304.819753958,201242.0
2020-10-09 16:30:00,306.318328618,306.560034208,306.318328618,306.560034208,516.0
2020-10-09 17:00:00,304.906767971,304.906767971,304.887431524,304.887431524,556.0
2020-10-09 18:15:00,305.805912767,305.805912767,305.805912767,305.805912767,289.0
2020-10-09 19:30:00,305.22581935,305.22581935,305.22581935,305.22581935,100.0
2020-10-12 08:30:00,304.810085735,304.819753958,304.810085735,304.819753958,700.0
2020-10-12 09:45:00,304.084968964,305.274160468,302.828099895,305.133971226,48804.0
2020-10-12 10:00:00,305.293496915,306.240982829,304.558711921,305.699562307,25794.0
2020-10-12 10:15:00,305.854253885,307.401169662,305.81558099,306.521361314,26352.0
2020-10-12 10:30:00,306.521361314,307.593373948,305.979940792,307.372164991,23757.0
2020-10-12 10:45:00,307.285150979,307.343160321,306.743730457,306.980601935,29454.0
2020-10-12 11:00:00,306.980601935,307.120791178,305.989609015,305.989609015,19172.0
2020-10-12 11:15:00,306.386006183,307.710456135,306.371503848,307.710456135,16000.0
2020-10-12 11:30:00,307.79756683,308.097281762,307.352828544,307.352828544,25382.0
2020-10-12 11:45:00,307.376999103,307.642875252,306.85974914,307.004772494,24790.0
2020-10-12 12:00:00,306.888753811,307.69121637,306.811408022,307.69121637,21935.0
2020-10-12 12:15:00,307.865244395,307.865244395,306.705057562,306.840412693,18789.0
2020-10-12 12:30:00,306.917758482,308.232636893,306.734062233,308.116618209,21142.0
2020-10-12 12:45:00,307.923253737,308.087613538,306.763066904,306.782403351,21680.0
2020-10-12 13:00:00,306.840412693,306.840412693,305.92193145,306.821076246,30863.0
2020-10-12 13:15:00,306.879085587,307.226561544,306.550365985,307.226561544,42750.0
2020-10-12 13:30:00,307.227141637,307.468847227,306.82687718,306.966002918,36060.0
2020-10-12 13:45:00,307.014440718,307.082118283,306.502024867,307.004772494,19210.0
2020-10-12 14:00:00,306.946763153,307.323823873,306.598707103,306.75339868,24519.0
2020-10-12 14:15:00,306.763066904,306.888753811,306.415010854,306.888753811,20131.0
2020-10-12 14:30:00,306.763066904,306.782403351,305.999277239,306.473020196,21227.0
2020-10-12 14:45:00,306.473020196,306.637379997,306.231314605,306.61804355,20286.0
2020-10-12 15:00:00,306.589038879,306.656716444,306.347333289,306.502024867,25511.0
2020-10-12 15:15:00,306.521361314,307.217473414,306.463351972,306.647048221,28019.0
2020-10-12 15:30:00,306.72439401,306.9660996,306.579370655,306.685721115,26036.0
2020-10-12 15:45:00,306.603541214,306.627711773,305.689894083,305.726826698,44090.0
2020-10-12 16:00:00,305.670557636,306.240982829,305.230653462,306.173305264,94490.0
2020-10-12 16:15:00,306.086291251,306.086291251,306.086291251,306.086291251,6500.0
2020-10-13 09:45:00,304.645725934,307.865244395,304.645725934,307.356792516,48425.0
2020-10-13 10:00:00,307.439842557,307.681548147,306.211978158,306.593872991,19097.0
2020-10-13 10:15:00,306.593872991,306.642214109,304.520039027,304.727905834,18926.0
2020-10-13 10:30:00,304.727905834,304.747242281,303.852931598,304.162314753,16914.0
2020-10-13 10:45:00,304.060798405,304.292835772,303.379188641,303.736912914,30479.0
2020-10-13 11:00:00,304.162314753,304.433025014,303.45653443,304.142978306,25550.0
2020-10-13 11:15:00,304.075300741,304.703735275,303.852931598,304.225158206,25444.0
2020-10-13 11:30:00,304.220324095,304.220324095,303.253501734,303.620894231,18826.0
2020-10-13 11:45:00,303.53871433,303.582221336,302.557389634,302.94895269,26035.0
2020-10-13 12:00:00,303.089141932,303.582221336,303.026298479,303.118146603,15157.0
2020-10-13 12:15:00,303.127814827,303.659567125,303.069805485,303.224497063,12772.0
2020-10-13 12:30:00,303.427529759,304.041461958,303.427529759,303.4855391,6812.0
2020-10-13 12:45:00,303.379188641,303.601557784,303.00212792,303.582221336,8906.0
2020-10-13 13:00:00,303.712742355,303.997954952,303.630562455,303.910940939,16045.0
2020-10-13 13:15:00,303.949613834,303.95203089,303.224593745,303.321179299,8978.0
2020-10-13 13:30:00,303.214828839,304.302503995,303.185824168,303.799756368,52871.0
2020-10-13 13:45:00,303.794922256,303.794922256,303.156819498,303.475870877,11250.0
2020-10-13 14:00:00,303.475870877,303.654733014,303.05530315,303.142317162,7040.0
2020-10-13 14:15:00,303.040800814,303.852931598,302.953786802,303.852931598,8904.0
2020-10-13 14:30:00,303.727244691,303.727244691,302.228670031,302.228670031,13671.0
2020-10-13 14:45:00,302.228670031,302.470375621,301.513221484,301.95795977,15800.0
2020-10-13 15:00:00,301.870945758,302.402698056,301.542226155,302.219001808,13169.0
2020-10-13 15:15:00,302.393029833,302.557389634,301.986964441,301.986964441,11147.0
2020-10-13 15:30:00,302.093314901,302.625067199,301.701751844,302.576726081,19621.0
2020-10-13 15:45:00,302.586394305,303.089141932,302.470375621,303.089141932,26566.0
2020-10-13 16:00:00,303.098810156,303.234165287,302.170660689,302.344688714,72450.0
2020-10-13 16:15:00,302.228670031,302.228670031,302.228670031,302.228670031,25443.0
2020-10-14 08:45:00,302.422034503,302.422034503,302.422034503,302.422034503,200.0
2020-10-14 09:45:00,301.097487869,304.060798405,301.07331731,303.906106827,88640.0
2020-10-14 10:00:00,303.910940939,305.670557636,303.881936268,304.77141284,35142.0
2020-10-14 10:15:00,304.747242281,306.545531873,304.747242281,305.892926779,56360.0
2020-10-14 10:30:00,305.854253885,307.062781836,305.535202506,305.651221189,28295.0
2020-10-14 10:45:00,305.515866058,305.515866058,304.239660542,304.544209586,19206.0
2020-10-14 11:00:00,304.563546033,305.254824021,304.055964293,304.451491321,25604.0
2020-10-14 11:15:00,304.703735275,304.713403499,303.983452616,304.065632517,21740.0
2020-10-14 11:30:00,304.133310082,305.187146456,303.988286728,305.187146456,16949.0
2020-10-14 11:45:00,305.380510928,306.018613686,304.872252413,305.341838033,19740.0
2020-10-14 12:00:00,305.322501586,305.322501586,303.736912914,303.997954952,11026.0
2020-10-14 12:15:00,303.988286728,305.448188493,303.862599821,305.109800667,21445.0
2020-10-14 12:30:00,304.887431524,305.104966555,303.688571796,304.210655871,17998.0
2020-10-14 12:45:00,304.229992318,305.728566978,304.104305411,304.858426853,35640.0
2020-10-14 13:00:00,304.887431524,305.351506257,304.805251623,304.8777633,13281.0
2020-10-14 13:15:00,304.761744617,305.786576319,304.650560045,305.129137114,21939.0
2020-10-14 13:30:00,305.022786654,305.409515599,304.152646529,304.152646529,17374.0
2020-10-14 13:45:00,304.408854455,304.674730604,303.765917585,304.346011002,18445.0
2020-10-14 14:00:00,304.404020343,304.607053039,303.959282057,304.52970725,9982.0
2020-10-14 14:15:00,304.510370803,304.694067052,304.263831101,304.663612147,12186.0
2020-10-14 14:30:00,304.607053039,304.607053039,303.785254032,304.188902368,15000.0
2020-10-14 14:45:00,304.133310082,304.239660542,303.195492392,303.732078802,17495.0
2020-10-14 15:00:00,303.823926927,304.597384815,303.727244691,304.278333436,345713.0
2020-10-14 15:15:00,304.28800166,306.037950133,304.28800166,305.641552965,19875.0
2020-10-14 15:30:00,305.631884742,306.337665065,305.496529611,305.854253885,24833.0
2020-10-14 15:45:00,305.834917437,306.279655724,305.496529611,305.892926779,28362.0
2020-10-14 16:00:00,305.844585661,305.902595003,304.365347449,304.549043697,105507.0
2020-10-14 16:15:00,304.442693238,304.442693238,304.442693238,304.442693238,5032.0
2020-10-15 09:45:00,303.127814827,305.080795996,301.880613981,304.848758629,70384.0
2020-10-15 10:00:00,304.249328766,305.540036617,304.04629607,304.926104418,28583.0
2020-10-15 10:15:00,305.167810008,305.530368394,303.176155945,303.852931598,32176.0
2020-10-15 10:30:00,304.239660542,304.500702579,303.620894231,304.500702579,15545.0
2020-10-15 10:45:00,304.317006331,304.317006331,303.156819498,303.533880218,16659.0
2020-10-15 11:00:00,303.268004069,303.446866206,302.779758777,303.176155945,10317.0
2020-10-15 11:15:00,303.427529759,304.549043697,303.00212792,304.524873138,19510.0
2020-10-15 11:30:00,304.404020343,305.477193164,304.278333436,304.278333436,17168.0
2020-10-15 11:45:00,304.258996989,304.761744617,303.611226007,303.968950281,20416.0
2020-10-15 12:00:00,303.946520002,304.677244342,303.553216666,303.553216666,15909.0
2020-10-15 12:15:00,303.4855391,303.688571796,302.876441013,303.678903573,19654.0
2020-10-15 12:30:00,303.611226007,303.920609163,303.021464367,303.553216666,18036.0
2020-10-15 12:45:00,303.122980715,304.026959623,302.915113907,303.997954952,15745.0
2020-10-15 13:00:00,303.823926927,304.626389486,303.543548442,304.437859126,18321.0
2020-10-15 13:15:00,304.404020343,305.109800667,304.355679225,304.74240817,28056.0
2020-10-15 13:30:00,304.77141284,305.235487574,304.162314753,304.162314753,32284.0
2020-10-15 13:45:00,304.307338107,305.499816807,304.307338107,305.499816807,23836.0
2020-10-15 14:00:00,305.564207176,305.767239872,304.524873138,304.868095077,22315.0
2020-10-15 14:15:00,304.935772642,305.17264412,304.471697909,304.471697909,23962.0
2020-10-15 14:30:00,304.471697909,304.732739946,304.384683896,304.578048368,21062.0
2020-10-15 14:45:00,304.645725934,304.645725934,304.258996989,304.462029685,16300.0
2020-10-15 15:00:00,304.375015672,304.63605771,304.113973635,304.462029685,20043.0
2020-10-15 15:15:00,304.481366132,304.713403499,303.794922256,303.988286728,26600.0
2020-10-15 15:30:00,304.123641859,304.375015672,303.727244691,304.196153536,28552.0
2020-10-15 15:45:00,304.196153536,304.239660542,303.4855391,303.4855391,40010.0
2020-10-15 16:00:00,303.548382554,304.42335679,302.992459696,304.365347449,87553.0
2020-10-15 16:15:00,304.375015672,304.375015672,304.375015672,304.375015672,44262.0
2020-10-16 09:45:00,305.486861388,307.439842557,305.259658133,306.395674407,98683.0
2020-10-16 10:00:00,306.502024867,308.135954657,306.366669736,307.981263079,29314.0
2020-10-16 10:15:00,307.783064495,307.986097191,306.772735128,307.251312196,26510.0
2020-10-16 10:30:00,307.241643973,307.542325727,306.656716444,307.464013116,23816.0
2020-10-16 10:45:00,307.466430172,307.671879923,306.540697761,306.864583252,23881.0
2020-10-16 11:00:00,306.85974914,307.623538805,306.395674407,307.488183675,19842.0
2020-10-16 11:15:00,307.401169662,308.416333141,307.381833215,308.338987352,23819.0
2020-10-16 11:30:00,308.314816793,308.609697613,307.845907948,308.585527054,29376.0
2020-10-16 11:45:00,308.585527054,308.880407874,308.106949986,308.870739651,21652.0
2020-10-16 12:00:00,308.716048073,309.117279353,308.03927242,308.126286433,24069.0
2020-10-16 12:15:00,308.184295775,308.184295775,307.188468743,307.628372917,13519.0
2020-10-16 12:30:00,307.575197687,308.019935973,307.072450059,307.874912619,14444.0
2020-10-16 12:45:00,307.807235054,308.222968669,307.343160321,307.652543476,19129.0
2020-10-16 13:00:00,307.6622117,307.932921961,307.308354716,307.889414954,17769.0
2020-10-16 13:15:00,307.879746731,308.348655576,307.768562159,308.024770085,25953.0
2020-10-16 13:30:00,308.058608868,308.406664918,307.899276543,308.396996694,25935.0
2020-10-16 13:45:00,308.338987352,308.484010706,307.633207029,307.874912619,19483.0
2020-10-16 14:00:00,307.821737389,307.821737389,306.995104271,306.995104271,24503.0
2020-10-16 14:15:00,307.130459401,307.440519332,306.51169309,307.067615948,25177.0
2020-10-16 14:30:00,307.062781836,307.401169662,306.61804355,307.041221697,22369.0
2020-10-16 14:45:00,307.159077343,307.236809861,306.593872991,306.995104271,22705.0
2020-10-16 15:00:00,306.917758482,307.401169662,306.811891433,307.256146308,20830.0
2020-10-16 15:15:00,307.246478084,307.246478084,306.521361314,306.521361314,28132.0
2020-10-16 15:30:00,306.463351972,306.685721115,306.144300593,306.240982829,28218.0
2020-10-16 15:45:00,306.2699875,306.72439401,306.086291251,306.579370655,38629.0
2020-10-16 16:00:00,306.51169309,306.637379997,305.09046422,305.892926779,122748.0
2020-10-16 16:15:00,305.747903425,305.747903425,305.747903425,305.747903425,22239.0
2020-10-19 09:45:00,305.554538953,306.627711773,305.301714905,306.37633796,36752.0
2020-10-19 10:00:00,306.366669736,308.309982681,306.134632369,307.217473414,28229.0
2020-10-19 10:15:00,307.420506109,308.135954657,306.095959475,306.236148717,14178.0
2020-10-19 10:30:00,306.298992171,306.811408022,306.158802928,306.75339868,18237.0
2020-10-19 10:45:00,306.787237463,307.459082322,306.550365985,306.995104271,14782.0
2020-10-19 11:00:00,306.685721115,307.198136966,306.332830953,306.75339868,12206.0
2020-10-19 11:15:00,306.560034208,306.835578581,305.535202506,305.757571649,41524.0
2020-10-19 11:30:00,305.738235201,305.892830097,304.781081064,305.46752494,17973.0
2020-10-19 11:45:00,305.544870729,305.593211847,304.945440865,305.351506257,15532.0
2020-10-19 12:00:00,305.515866058,305.554538953,304.916436195,305.317667474,12869.0
2020-10-19 12:15:00,305.380510928,306.182973487,305.312833363,305.950936121,12774.0
2020-10-19 12:30:00,305.960604344,306.424679078,305.515866058,305.68022586,12142.0
2020-10-19 12:45:00,305.660889412,305.776908096,305.051791325,305.525534282,12754.0
2020-10-19 13:00:00,305.486861388,305.863922108,305.303165139,305.438520269,16338.0
2020-10-19 13:15:00,305.544870729,305.743069313,305.361174481,305.380510928,12452.0
2020-10-19 13:30:00,305.303165139,305.564207176,304.520039027,304.839090406,30800.0
2020-10-19 13:45:00,305.061459549,305.100132443,304.123641859,304.345334226,10988.0
2020-10-19 14:00:00,304.383813756,304.698901163,303.997954952,304.1816512,24745.0
2020-10-19 14:15:00,304.007623175,304.084968964,303.040800814,303.717576467,29487.0
2020-10-19 14:30:00,303.707908243,304.104305411,303.359852193,304.065632517,11900.0
2020-10-19 14:45:00,303.872268045,304.104305411,302.267342926,302.383361609,17275.0
2020-10-19 15:00:00,302.422034503,302.422034503,301.455212142,301.561562602,18575.0
2020-10-19 15:15:00,301.629240167,301.909618652,300.846114055,301.638908391,21520.0
2020-10-19 15:30:00,301.522889708,301.793599969,300.681754254,301.793599969,32660.0
2020-10-19 15:45:00,301.82260464,302.257674702,301.605069608,301.60990372,29899.0
2020-10-19 16:00:00,301.706585956,301.783931745,300.507726229,300.971800962,89330.0
2020-10-19 16:15:00,301.000805633,301.000805633,301.000805633,301.000805633,5808.0
2020-10-20 09:30:00,303.524211995,303.524211995,303.524211995,303.524211995,210.0
2020-10-20 09:45:00,303.330847523,303.330847523,301.242511223,302.040139671,36099.0
2020-10-20 10:00:00,302.238338255,303.330847523,301.764595298,302.963455025,27352.0
2020-10-20 10:15:00,302.886109237,303.355018082,301.169999546,301.600235497,28261.0
2020-10-20 10:30:00,301.638908391,302.325352267,301.638908391,302.325352267,22882.0
2020-10-20 10:45:00,302.460707398,302.54772141,301.677581285,302.286679373,19111.0
2020-10-20 11:00:00,302.470375621,302.953786802,301.445543919,301.445543919,17004.0
2020-10-20 11:15:00,301.358529906,301.464880366,300.546399123,300.691422477,22133.0
2020-10-20 11:30:00,300.56573557,301.455212142,300.440048663,300.755619482,11935.0
2020-10-20 11:45:00,300.720427148,301.832176181,300.304693533,301.701751844,18299.0
2020-10-20 12:00:00,301.638908391,301.85160931,301.319857012,301.85160931,11464.0
2020-10-20 12:15:00,301.764595298,302.315684044,301.136160763,301.174833658,13317.0
2020-10-20 12:30:00,301.15549721,301.223174776,300.246684191,300.246684191,11902.0
2020-10-20 12:45:00,300.198343073,301.078151422,300.062987943,300.18867485,34647.0
2020-10-20 13:00:00,300.169338402,301.15549721,299.956637483,301.15549721,17562.0
2020-10-20 13:15:00,301.026426425,301.406871024,300.556067347,300.556067347,19336.0
2020-10-20 13:30:00,300.672859488,302.238338255,300.672859488,302.189997137,19437.0
2020-10-20 13:45:00,302.238338255,302.673408317,301.832272863,301.861277534,20373.0
2020-10-20 14:00:00,301.832272863,301.890282205,300.812275272,300.846114055,14783.0
2020-10-20 14:15:00,300.933128067,301.12649254,300.150001955,300.295025309,19345.0
2020-10-20 14:30:00,300.440048663,300.691422477,300.140333732,300.357868763,14976.0
2020-10-20 14:45:00,300.333698204,300.749431819,300.169338402,300.275688862,14310.0
2020-10-20 15:00:00,300.32402998,300.411043993,299.589244986,299.850287023,19734.0
2020-10-20 15:15:00,299.963985333,300.285357086,298.051997432,298.757777755,25153.0
2020-10-20 15:30:00,298.670763743,299.917964588,298.400053482,299.80648997,19699.0
2020-10-20 15:45:00,299.73426834,299.73426834,298.612754401,299.352373507,31026.0
2020-10-20 16:00:00,299.236354824,299.511899197,298.777114203,298.79645065,86231.0
2020-10-20 16:15:00,298.79645065,298.79645065,298.79645065,298.79645065,2953.0
2020-10-20 18:30:00,298.79645065,298.79645065,298.79645065,298.79645065,100.0
2020-10-21 07:15:00,299.231520712,299.231520712,299.231520712,299.231520712,300.0
2020-10-21 09:30:00,299.241188936,299.241188936,298.574081507,298.574081507,370.0
2020-10-21 09:45:00,297.819960065,299.009151569,297.017497506,299.009151569,41861.0
2020-10-21 10:00:00,298.980146898,299.502037609,298.516072165,299.270193607,34935.0
2020-10-21 10:15:00,299.289530054,299.560240315,297.935978749,298.308205358,18149.0
2020-10-21 10:30:00,298.477399271,298.477399271,297.568586251,297.568586251,15434.0
2020-10-21 10:45:00,297.326880661,298.371048811,297.143184413,298.250196016,20612.0
2020-10-21 11:00:00,298.371048811,298.644562857,298.081002103,298.148679668,24363.0
2020-10-21 11:15:00,298.221191345,298.516072165,297.99398809,298.187352562,21162.0
2020-10-21 11:30:00,298.20668901,298.303371246,296.833801257,297.283373655,35863.0
2020-10-21 11:45:00,297.278539543,298.056831544,297.16252086,297.829628289,17862.0
2020-10-21 12:00:00,298.032660985,298.032660985,297.152852636,297.249534872,24343.0
2020-10-21 12:15:00,297.239866649,297.355885332,296.234371393,296.959488164,22620.0
2020-10-21 12:30:00,296.833801257,297.955315196,296.543754549,296.906312934,18325.0
2020-10-21 12:45:00,296.930483493,297.104511518,295.760628436,296.824133033,30779.0
2020-10-21 13:00:00,296.81446481,296.891810599,296.041006921,296.456740536,24572.0
2020-10-21 13:15:00,296.471242872,297.027165729,296.195698499,296.534086325,25017.0
2020-10-21 13:30:00,296.553422772,297.259203096,296.495413431,296.625934449,30487.0
2020-10-21 13:45:00,296.727450797,297.0561704,296.558256884,296.679109679,16789.0
2020-10-21 14:00:00,296.717782574,296.882142375,296.456740536,296.461574648,9927.0
2020-10-21 14:15:00,296.46640876,297.684604935,296.456740536,297.626595593,14736.0
2020-10-21 14:30:00,297.819960065,298.651427296,297.819960065,298.139011444,20832.0
2020-10-21 14:45:00,298.008490426,298.525740389,297.989153978,298.525740389,11390.0
2020-10-21 15:00:00,298.545076836,299.059523014,298.303371246,298.951142228,20595.0
2020-10-21 15:15:00,298.989815122,298.989815122,298.134177333,298.168016115,31994.0
2020-10-21 15:30:00,298.211523121,298.400053482,297.636263817,298.158347892,37252.0
2020-10-21 15:45:00,298.177684339,298.733607196,297.616927369,297.64593204,46456.0
2020-10-21 16:00:00,297.655600264,298.129343221,296.988492835,297.887637631,117347.0
2020-10-21 16:15:00,298.139011444,298.139011444,298.139011444,298.139011444,2744.0
2020-10-22 07:15:00,300.681754254,300.681754254,300.681754254,300.681754254,325.0
2020-10-22 07:30:00,300.836445831,300.836445831,300.836445831,300.836445831,210.0
2020-10-22 07:45:00,303.195492392,303.195492392,302.615398976,302.615398976,460.0
2020-10-22 08:00:00,302.615398976,302.615398976,302.615398976,302.615398976,240.0
2020-10-22 08:15:00,303.4855391,303.4855391,300.198343073,300.198343073,489.0
2020-10-22 08:30:00,301.648576615,301.648576615,301.648576615,301.648576615,125.0
2020-10-22 08:45:00,301.64664297,301.64664297,300.681754254,300.681754254,201.0
2020-10-22 09:15:00,300.304693533,300.304693533,299.86962347,299.86962347,1051.0
2020-10-22 09:30:00,298.139011444,299.86962347,298.139011444,299.86962347,1608.0
2020-10-22 09:45:00,298.999483346,304.244494654,298.303371246,303.316345187,118459.0
2020-10-22 10:00:00,303.311511075,303.437197982,300.681754254,302.552555522,34938.0
2020-10-22 10:15:00,302.721749435,303.669622078,301.358529906,301.402036913,36725.0
2020-10-22 10:30:00,301.07331731,301.95795977,300.749431819,301.049146751,37159.0
2020-10-22 10:45:00,301.165165434,301.445543919,299.579576762,300.846114055,74392.0
2020-10-22 11:00:00,300.846114055,302.857104566,300.841279943,302.431702727,24785.0
2020-10-22 11:15:00,302.19966536,302.499380292,300.730095372,301.489050925,42489.0
2020-10-22 11:30:00,301.701751844,301.701751844,298.757777755,299.656922551,17319.0
2020-10-22 11:45:00,299.424885184,299.763273011,298.255030128,298.506403942,18993.0
2020-10-22 12:00:00,298.670763743,298.98971844,297.471904015,297.660434376,19487.0
2020-10-22 12:15:00,297.694273158,298.177684339,297.384890003,297.763594322,14852.0
2020-10-22 12:30:00,297.732946053,298.409721705,297.713609606,298.409721705,97018.0
2020-10-22 12:45:00,298.58374973,298.641759072,297.481572239,297.525079245,13920.0
2020-10-22 13:00:00,297.660434376,297.660434376,296.824133033,297.181857307,16253.0
2020-10-22 13:15:00,297.201193754,298.801284762,297.201193754,298.641759072,19349.0
2020-10-22 13:30:00,298.641759072,299.231520712,297.877969407,298.361380587,16235.0
2020-10-22 13:45:00,298.23569368,298.419389929,297.104511518,297.201193754,18494.0
2020-10-22 14:00:00,297.239866649,298.110006774,297.201193754,298.032660985,11554.0
2020-10-22 14:15:00,298.081002103,299.052658575,297.529913357,297.684604935,19481.0
2020-10-22 14:30:00,297.815125953,298.10033855,296.621100338,296.756455468,24355.0
2020-10-22 14:45:00,296.741953133,297.046502176,296.070011592,296.070011592,28422.0
2020-10-22 15:00:00,295.87664712,296.01200225,295.006506995,295.141862125,33290.0
2020-10-22 15:15:00,295.112857455,295.480249952,294.919492982,295.31589015,27376.0
2020-10-22 15:30:00,295.344894821,295.673614424,294.576271044,294.735796734,40686.0
2020-10-22 15:45:00,294.774469628,294.845241025,293.256558522,293.54660523,71195.0
2020-10-22 16:00:00,293.503098224,294.107362199,292.937507142,292.966511813,208375.0
2020-10-22 16:15:00,292.937507142,293.913997727,292.937507142,293.913997727,111661.0
2020-10-22 16:45:00,293.913997727,293.913997727,293.913997727,293.913997727,100.0
2020-10-22 17:15:00,293.710965031,293.710965031,293.710965031,293.710965031,116.0
2020-10-23 07:45:00,293.720633255,293.720633255,293.720633255,293.720633255,254.0
2020-10-23 09:45:00,295.035511666,297.636263817,294.281390224,296.969156388,65794.0
2020-10-23 10:00:00,296.969156388,297.505742798,295.625273306,296.253707841,26087.0
2020-10-23 10:15:00,296.51958399,296.989362975,295.485084064,295.71712143,29536.0
2020-10-23 10:30:00,295.784798995,296.427735865,294.93882943,295.862144784,50657.0
2020-10-23 10:45:00,295.833140113,296.253707841,295.175700908,295.407834957,21510.0
2020-10-23 11:00:00,295.383567716,296.050675145,295.07418456,295.915320014,20677.0
2020-10-23 11:15:00,296.079679816,296.46640876,295.596268635,296.070011592,27493.0
2020-10-23 11:30:00,295.833140113,296.128020934,294.175039764,294.83247897,33475.0
2020-10-23 11:45:00,295.217080905,297.732946053,293.913997727,297.732946053,186720.0
2020-10-23 12:00:00,297.781287171,298.216357233,296.92081527,297.0561704,31895.0
2020-10-23 12:15:00,297.051336288,297.463299296,296.824133033,296.872474152,22487.0
2020-10-23 12:30:00,296.819298922,297.10760535,295.721955542,296.993326947,20093.0
2020-10-23 12:45:00,296.741953133,297.104511518,296.582427443,296.679109679,25201.0
2020-10-23 13:00:00,296.843469481,297.259203096,296.302048959,296.57275922,15408.0
2020-10-23 13:15:00,296.804699904,297.288207767,296.302048959,296.809630698,22195.0
2020-10-23 13:30:00,296.940151717,297.29787599,296.253707841,296.553422772,53205.0
2020-10-23 13:45:00,296.640436785,297.288207767,296.60176389,297.022331617,18264.0
2020-10-23 14:00:00,297.094843295,297.239866649,296.616266226,296.785460139,18725.0
2020-10-23 14:15:00,296.679109679,297.017497506,296.389062971,296.592095667,16691.0
2020-10-23 14:30:00,296.514749878,297.829628289,296.514749878,297.744741286,25214.0
2020-10-23 14:45:00,297.844130624,297.945646972,297.389724115,297.389724115,26601.0
2020-10-23 15:00:00,297.29787599,299.03815624,297.157686748,298.525740389,30769.0
2020-10-23 15:15:00,298.59670515,299.289530054,298.564413283,298.980146898,25563.0
2020-10-23 15:30:00,299.03815624,299.03815624,297.442899344,297.781287171,29889.0
2020-10-23 15:45:00,297.607259146,297.713609606,297.181857307,297.51057691,34404.0
2020-10-23 16:00:00,297.541515225,298.20668901,297.259203096,298.197020786,85598.0
2020-10-23 16:15:00,298.197020786,298.197020786,298.197020786,298.197020786,21417.0
2020-10-26 09:30:00,295.847642449,295.847642449,295.847642449,295.847642449,386.0
2020-10-26 09:45:00,295.267549032,296.050675145,292.908502472,293.227553851,36203.0
2020-10-26 10:00:00,293.085817693,293.314567863,291.690306297,292.85049313,28022.0
2020-10-26 10:15:00,292.753810894,293.696462696,292.521773527,293.579767237,32561.0
2020-10-26 10:30:00,293.730301478,295.470581728,293.614282795,295.204705579,29698.0
2020-10-26 10:45:00,295.219207914,295.267549032,294.368404237,294.668119169,29314.0
2020-10-26 11:00:00,294.668119169,294.890488312,293.155042174,293.372577205,22625.0
2020-10-26 11:15:00,293.285563192,293.98157861,292.565280534,293.846320162,45204.0
2020-10-26 11:30:00,293.749637926,293.749637926,292.115708136,293.188880956,27563.0
2020-10-26 11:45:00,293.203383292,294.223380883,293.09219872,294.08319164,42603.0
2020-10-26 12:00:00,294.281390224,295.63494153,294.170205653,295.63494153,48982.0
2020-10-26 12:15:00,295.741291989,296.292380735,295.538259293,295.731623766,54395.0
2020-10-26 12:30:00,295.731623766,296.089348039,295.567263964,295.639775641,36644.0
2020-10-26 12:45:00,295.639775641,296.11835271,294.745464957,295.895983567,52872.0
2020-10-26 13:00:00,295.895983567,298.400053482,295.799301331,298.380717035,67839.0
2020-10-26 13:15:00,298.400053482,298.873796439,298.042329208,298.728773085,58834.0
2020-10-26 13:30:00,298.704602526,298.873796439,297.549249804,297.587922699,81939.0
2020-10-26 13:45:00,297.491240463,298.293703022,297.249534872,297.761950724,26861.0
2020-10-26 14:00:00,297.935978749,298.574081507,297.829628289,298.574081507,22578.0
2020-10-26 14:15:00,298.69010019,299.511899197,298.162988639,299.33303706,27318.0
2020-10-26 14:30:00,299.381378178,300.488389781,299.163843147,300.444882775,30417.0
2020-10-26 14:45:00,300.353034651,301.290852341,300.130665508,300.91379162,57351.0
2020-10-26 15:00:00,300.759100043,301.580899049,300.614076688,301.580899049,32814.0
2020-10-26 15:15:00,301.537392043,301.986964441,300.556067347,300.556067347,44394.0
2020-10-26 15:30:00,300.420712216,300.991137409,300.08232439,300.208011297,31148.0
2020-10-26 15:45:00,300.140333732,300.570569682,298.709436637,298.925134706,44090.0
2020-10-26 16:00:00,298.989815122,299.801945905,298.380717035,299.560240315,165963.0
2020-10-26 16:15:00,299.560240315,299.560240315,295.388401827,299.560240315,33703.0
2020-10-27 09:15:00,304.906767971,304.906767971,304.017291399,304.017291399,597.0
2020-10-27 09:30:00,299.714931893,299.714931893,299.714931893,299.714931893,474.0
2020-10-27 09:45:00,298.429058153,298.757777755,296.611432114,297.094843295,43148.0
2020-10-27 10:00:00,297.239866649,297.80545773,296.630768561,297.655600264,32886.0
2020-10-27 10:15:00,297.525079245,298.022992761,296.563090996,296.911147046,32192.0
2020-10-27 10:30:00,297.041668065,297.172189083,295.31589015,296.495413431,32531.0
2020-10-27 10:45:00,296.379394747,297.046502176,295.934656461,296.727450797,33107.0
2020-10-27 11:00:00,296.785460139,297.713609606,296.630768561,296.954654052,29288.0
2020-10-27 11:15:00,296.853137704,297.006765777,296.587261555,296.717782574,29122.0
2020-10-27 11:30:00,296.828967145,297.099677406,296.60176389,296.775791915,42429.0
2020-10-27 11:45:00,296.81446481,297.114179742,296.630768561,296.775791915,37158.0
2020-10-27 12:00:00,296.824133033,297.423562897,296.650105008,297.360719444,26905.0
2020-10-27 12:15:00,297.481572239,298.027826873,296.964322276,298.027826873,24564.0
2020-10-27 12:30:00,297.887637631,298.661095519,297.839296512,297.950481084,16109.0
2020-10-27 12:45:00,297.665268487,297.800623618,296.746787245,296.959488164,21876.0
2020-10-27 13:00:00,296.944985829,297.462235792,296.785460139,297.462235792,30930.0
2020-10-27 13:15:00,297.249534872,297.389724115,296.795128363,296.891810599,14822.0
2020-10-27 13:30:00,296.959488164,297.636263817,296.756455468,297.636263817,20603.0
2020-10-27 13:45:00,297.723277829,297.732946053,296.998161058,296.998161058,15994.0
2020-10-27 14:00:00,297.022331617,297.29787599,296.81446481,297.012663394,18795.0
2020-10-27 14:15:00,297.0561704,297.220530201,296.804796586,297.16252086,22357.0
2020-10-27 14:30:00,297.152852636,297.264037208,296.790294251,297.041668065,33143.0
2020-10-27 14:45:00,297.133516189,297.790955394,296.92081527,296.92081527,46943.0
2020-10-27 15:00:00,296.843469481,296.92081527,294.610109827,294.610109827,54735.0
2020-10-27 15:15:00,294.687455616,294.784137852,293.691628584,294.300726671,30906.0
2020-10-27 15:30:00,294.204044435,294.532764038,293.856085068,294.213712659,31664.0
2020-10-27 15:45:00,294.320063119,294.397408907,293.082530497,293.232387963,39372.0
2020-10-27 16:00:00,293.208217404,293.522434671,292.04803057,292.086703465,125979.0
2020-10-27 16:15:00,292.096371688,295.509061258,292.096371688,295.509061258,43050.0
2020-10-27 17:00:00,292.096371688,292.096371688,292.096371688,292.096371688,518.0
2020-10-28 09:45:00,289.640642892,292.913336583,288.158600895,292.889166024,69833.0
2020-10-28 10:00:00,292.564217029,294.159957336,292.280067937,293.575609901,25877.0
2020-10-28 10:15:00,293.362908981,293.575609901,291.825661427,291.941583428,33858.0
2020-10-28 10:30:00,292.173717477,292.231726819,289.563297103,290.336754992,21073.0
2020-10-28 10:45:00,290.810497948,291.371254918,290.080547066,290.588128805,30881.0
2020-10-28 11:00:00,290.404432557,290.510783017,288.499792506,289.205572829,22547.0
2020-10-28 11:15:00,288.896189674,289.58263355,288.306428034,289.351176277,24447.0
2020-10-28 11:30:00,289.28775273,289.355430295,287.968040207,288.248418692,39605.0
2020-10-28 11:45:00,288.158794259,288.88652145,287.552306592,288.724965434,24689.0
2020-10-28 12:00:00,288.760834543,290.559124135,288.490124282,289.58263355,48905.0
2020-10-28 12:15:00,289.713154569,291.336449313,289.601969997,290.984525973,19334.0
2020-10-28 12:30:00,291.090876433,291.090876433,289.821825402,290.085381178,18677.0
2020-10-28 12:45:00,290.211068085,290.211068085,288.548133624,288.799507438,20544.0
2020-10-28 13:00:00,288.838180332,288.838180332,287.94870376,288.132400009,29137.0
2020-10-28 13:15:00,288.084058891,288.084058891,286.044063709,286.190537297,31672.0
2020-10-28 13:30:00,286.140745945,286.434659943,284.919842668,286.202042483,34103.0
2020-10-28 13:45:00,286.322025138,286.322025138,285.309278715,285.570320752,17846.0
2020-10-28 14:00:00,285.599325423,286.566147784,285.222264702,286.256764628,17692.0
2020-10-28 14:15:00,286.169750616,286.179418839,284.941886217,285.183591808,26573.0
2020-10-28 14:30:00,285.106246019,286.31477397,284.912881547,286.31477397,20532.0
2020-10-28 14:45:00,286.324442194,286.324442194,285.13525069,285.280274044,24682.0
2020-10-28 15:00:00,285.231932926,287.030222517,285.144918913,286.382451535,43225.0
2020-10-28 15:15:00,286.518580124,287.194582318,285.057904901,285.676671212,53478.0
2020-10-28 15:30:00,285.560652528,286.517806666,284.990227336,286.42112443,40402.0
2020-10-28 15:45:00,286.450129101,288.05505422,286.430792653,286.938374393,62861.0
2020-10-28 16:00:00,286.86992337,286.86992337,283.801035832,284.139423658,124960.0
2020-10-28 16:15:00,283.917054515,288.421673259,283.917054515,283.917054515,36898.0
2020-10-29 08:00:00,284.245774118,284.245774118,284.245774118,284.245774118,209.0
2020-10-29 09:30:00,283.269283533,283.269283533,283.269283533,283.269283533,220.0
2020-10-29 09:45:00,282.834213471,284.78719464,281.587012625,282.495825644,109537.0
2020-10-29 10:00:00,282.773303662,284.110418987,282.273456501,283.912220403,37758.0
2020-10-29 10:15:00,283.752694714,285.18281835,283.520657347,284.159340199,43335.0
2020-10-29 10:30:00,284.487479708,287.610315934,284.236105894,287.421012115,36262.0
2020-10-29 10:45:00,287.774675735,287.813348629,285.995722591,285.995722591,64510.0
2020-10-29 11:00:00,286.179418839,286.561990448,285.280274044,285.705675883,34315.0
2020-10-29 11:15:00,285.657334765,286.132624637,285.115914242,285.850699237,21439.0
2020-10-29 11:30:00,285.509507626,286.353446864,285.009563783,285.019232006,16191.0
2020-10-29 11:45:00,285.038568454,285.347371516,284.593830168,284.613166615,18252.0
2020-10-29 12:00:00,284.540654938,284.999895559,283.84937695,284.371461025,14797.0
2020-10-29 12:15:00,284.477811484,284.526152602,283.791367608,284.526152602,14400.0
2020-10-29 12:30:00,284.468143261,284.651839509,284.09108254,284.09108254,16489.0
2020-10-29 12:45:00,284.33278813,285.473638516,284.33278813,285.106246019,25259.0
2020-10-29 13:00:00,284.980559112,285.173923584,284.178096552,284.294115236,33395.0
2020-10-29 13:15:00,284.294115236,284.294115236,282.408811632,282.486157421,34053.0
2020-10-29 13:30:00,282.621512551,283.53032557,281.983409793,283.53032557,19804.0
2020-10-29 13:45:00,283.539993794,284.414968031,283.365965769,284.274778788,25109.0
2020-10-29 14:00:00,284.294115236,285.231932926,284.081414316,285.231932926,30301.0
2020-10-29 14:15:00,285.132640269,286.537143113,285.106246019,285.734680553,34498.0
2020-10-29 14:30:00,285.812026342,286.372783312,284.419802143,284.448806813,95778.0
2020-10-29 14:45:00,284.43913859,285.173923584,283.917054515,283.917054515,42299.0
2020-10-29 15:00:00,283.762362937,284.33278813,283.187103632,284.255442341,25925.0
2020-10-29 15:15:00,284.323119906,284.632503062,283.462648005,283.520657347,37205.0
2020-10-29 15:30:00,283.646344254,284.458475037,283.017909719,283.525491459,68424.0
2020-10-29 15:45:00,283.573832577,283.699519484,282.718194787,282.930895707,64502.0
2020-10-29 16:00:00,282.998573272,284.535820826,282.59250788,282.69885834,166209.0
2020-10-29 16:15:00,282.689190116,284.35396154,282.689190116,284.35396154,39389.0
2020-10-29 19:45:00,282.070423805,282.070423805,282.070423805,282.070423805,207.0
2020-10-30 09:45:00,281.219620128,284.168428329,281.219620128,282.708526564,109767.0
2020-10-30 10:00:00,282.553834986,282.998573272,280.736208947,281.548339731,47022.0
2020-10-30 10:15:00,281.76104065,282.099428476,280.861895854,281.925400451,40179.0
2020-10-30 10:30:00,281.625685519,281.70786542,278.058111008,278.328821269,38340.0
2020-10-30 10:45:00,278.425503505,278.531853964,276.762569044,276.801241938,37964.0
2020-10-30 11:00:00,277.033279305,277.60853861,275.940770037,275.940770037,25720.0
2020-10-30 11:15:00,276.153470956,277.821239529,276.153470956,277.777732523,19621.0
2020-10-30 11:30:00,277.526358709,278.780810722,277.391003578,277.855078312,25208.0
2020-10-30 11:45:00,278.183797914,278.183797914,276.327498981,276.646550361,18577.0
2020-10-30 12:00:00,276.578872795,277.120293317,276.114798062,276.704559702,40973.0
2020-10-30 12:15:00,276.569204572,276.85925128,275.670059776,276.065296757,33371.0
2020-10-30 12:30:00,276.153470956,278.019438113,276.037452273,277.833324809,39935.0
2020-10-30 12:45:00,277.255648448,277.419718203,276.51119523,276.520863454,45114.0
2020-10-30 13:00:00,276.61754569,276.675555031,275.931101813,275.989111155,31822.0
2020-10-30 13:15:00,275.931101813,276.540199901,275.689396223,276.26948964,19617.0
2020-10-30 13:30:00,276.308162534,277.20730733,275.92143359,277.20730733,20983.0
2020-10-30 13:45:00,277.139629765,277.381335355,276.26948964,277.381335355,26738.0
2020-10-30 14:00:00,277.187970883,277.777732523,276.96560174,277.639283561,25716.0
2020-10-30 14:15:00,277.478017591,278.589863306,277.197639106,277.961428771,26245.0
2020-10-30 14:30:00,277.913087653,278.879910014,277.497354038,278.009769889,43913.0
2020-10-30 14:45:00,277.79706897,277.79706897,276.51119523,276.704559702,28207.0
2020-10-30 15:00:00,276.607877466,277.874414759,276.520863454,277.236312001,40723.0
2020-10-30 15:15:00,277.236312001,278.000101666,276.96560174,277.864746535,34270.0
2020-10-30 15:30:00,278.048442784,278.062945119,277.10095687,277.893751206,45756.0
2020-10-30 15:45:00,277.816405417,278.802564225,277.062283976,278.763891331,55226.0
2020-10-30 16:00:00,278.667209095,280.23346132,278.222470809,280.223793096,214722.0
2020-10-30 16:15:00,280.204456649,280.204456649,279.401994089,279.401994089,12728.0
2020-11-02 05:00:00,283.385302216,283.385302216,283.385302216,283.385302216,100.0
2020-11-02 09:30:00,284.168428329,284.313451683,284.168428329,284.313451683,680.0
2020-11-02 09:45:00,284.709848851,285.783021671,283.032412055,283.380468105,75450.0
2020-11-02 10:00:00,283.423975111,286.79818515,283.356297546,285.773353448,54898.0
2020-11-02 10:15:00,285.773353448,287.1462412,285.773353448,286.135911833,49033.0
2020-11-02 10:30:00,286.527474889,289.057068915,286.334110417,288.093727114,48340.0
2020-11-02 10:45:00,287.96165918,288.267755139,286.913237011,287.097900082,25384.0
2020-11-02 11:00:00,286.952876728,287.11723653,285.222264702,286.401787982,28064.0
2020-11-02 11:15:00,286.411456206,287.228421101,286.015059038,286.711171138,24729.0
2020-11-02 11:30:00,286.595152455,287.813348629,286.247096405,287.813348629,12893.0
2020-11-02 11:45:00,287.668325275,288.461119611,287.344439784,288.354769152,16751.0
2020-11-02 12:00:00,288.142068232,288.142068232,287.271928107,287.726334617,21302.0
2020-11-02 12:15:00,287.871357971,288.287091586,287.571643039,287.904036567,18222.0
2020-11-02 12:30:00,287.94870376,288.345100928,287.484629027,288.13723412,16265.0
2020-11-02 12:45:00,287.832685077,287.832685077,286.682166467,286.793351039,13266.0
2020-11-02 13:00:00,286.952876728,286.952876728,285.599325423,285.850699237,17316.0
2020-11-02 13:15:00,286.024727262,286.121409498,285.084975927,285.130416578,18455.0
2020-11-02 13:30:00,285.019232006,285.125582466,284.327954018,284.676010068,15028.0
2020-11-02 13:45:00,284.835535758,285.328615162,284.767858192,285.077241348,13675.0
2020-11-02 14:00:00,285.106246019,285.787855783,284.816199311,285.6718371,24659.0
2020-11-02 14:15:00,285.550984305,287.320269225,285.459136181,287.213918766,27757.0
2020-11-02 14:30:00,287.1462412,287.827850965,286.846526269,287.46529258,16968.0
2020-11-02 14:45:00,287.716666393,287.939035536,287.02084434,287.460071739,24936.0
2020-11-02 15:00:00,287.363776232,288.093727114,286.498470219,286.952876728,30762.0
2020-11-02 15:15:00,286.778848703,287.445956132,286.778848703,287.020554293,18184.0
2020-11-02 15:30:00,287.11723653,287.658560369,287.049558964,287.407283238,22322.0
2020-11-02 15:45:00,287.416951461,287.813348629,286.000556703,286.034395485,30282.0
2020-11-02 16:00:00,286.169750616,286.788516927,285.570320752,286.788516927,121971.0
2020-11-02 16:15:00,286.788516927,286.788516927,286.788516927,286.788516927,9420.0
2020-11-03 09:45:00,289.379600854,291.071539986,289.379600854,290.704147489,54542.0
2020-11-03 10:00:00,291.013530644,292.521773527,290.665474594,291.980353005,31341.0
2020-11-03 10:15:00,292.009357676,293.227553851,291.622628732,292.753714212,55061.0
2020-11-03 10:30:00,292.74414267,294.291058448,292.700635664,293.256558522,41805.0
2020-11-03 10:45:00,293.121203391,293.266226745,292.618455763,292.74414267,38245.0
2020-11-03 11:00:00,292.657128658,295.591434523,292.657128658,294.803474299,34381.0
2020-11-03 11:15:00,294.764801405,296.002334027,294.677787392,295.750960213,24711.0
2020-11-03 11:30:00,295.77029666,296.929806718,295.489918175,296.485745207,21315.0
2020-11-03 11:45:00,296.500247543,296.88320588,295.296553703,295.393235939,15749.0
2020-11-03 12:00:00,295.267549032,295.499586399,294.165371541,294.59077338,13252.0
2020-11-03 12:15:00,294.716460287,295.190203243,294.262053777,295.190203243,10155.0
2020-11-03 12:30:00,295.093521007,295.136641285,294.750299069,294.793806075,13531.0
2020-11-03 12:45:00,294.880820088,295.557595741,294.03001641,294.339399566,19889.0
2020-11-03 13:00:00,294.513427591,294.513427591,293.072862273,293.072862273,12440.0
2020-11-03 13:15:00,293.266226745,293.817315491,293.121203391,293.643287466,18917.0
2020-11-03 13:30:00,293.773808485,294.59077338,293.469259441,294.287964616,28101.0
2020-11-03 13:45:00,294.648782721,294.784137852,293.604614572,293.672388819,26848.0
2020-11-03 14:00:00,293.662623913,293.691628584,292.753810894,292.908502472,11402.0
2020-11-03 14:15:00,292.995516484,293.913997727,292.995516484,293.609448683,16060.0
2020-11-03 14:30:00,293.817315491,293.817315491,292.802152012,293.229874224,12528.0
2020-11-03 14:45:00,293.256558522,294.204044435,293.256558522,294.184707988,14892.0
2020-11-03 15:00:00,294.107362199,294.300726671,293.657789801,293.84148605,15614.0
2020-11-03 15:15:00,293.904329503,294.117030423,293.014852931,293.730301478,22009.0
2020-11-03 15:30:00,293.759306149,293.89466128,292.95684359,293.430586547,14867.0
2020-11-03 15:45:00,293.614282795,295.373899492,293.614282795,295.209539691,41467.0
2020-11-03 16:00:00,295.238544362,295.697784983,294.426413578,294.697123839,121705.0
2020-11-03 16:15:00,294.706792063,294.706792063,294.706792063,294.706792063,5641.0
2020-11-03 17:00:00,294.706792063,294.706792063,294.706792063,294.706792063,157.0
2020-11-04 07:30:00,298.748109532,298.748109532,298.748109532,298.748109532,380.0
2020-11-04 08:00:00,300.043651495,300.043651495,300.043651495,300.043651495,200.0
2020-11-04 08:15:00,300.053319719,300.053319719,300.053319719,300.053319719,192.0
2020-11-04 08:30:00,300.681754254,300.681754254,300.681754254,300.681754254,150.0
2020-11-04 09:00:00,300.681754254,300.681754254,300.681754254,300.681754254,184.0
2020-11-04 09:15:00,301.165165434,301.803268192,300.681754254,301.803268192,1077.0
2020-11-04 09:30:00,300.681754254,300.826777608,298.748109532,299.598913209,5551.0
2020-11-04 09:45:00,299.714931893,307.923253737,298.748109532,307.526856569,256692.0
2020-11-04 10:00:00,307.362496768,310.659361019,305.912263226,310.659361019,104387.0
2020-11-04 10:15:00,310.36931431,312.196608572,309.905239577,311.523700209,101890.0
2020-11-04 10:30:00,311.379643677,313.498918293,310.71737036,310.71737036,146052.0
2020-11-04 10:45:00,310.702868025,312.331963703,310.702868025,311.780874957,65169.0
2020-11-04 11:00:00,311.771206734,312.718692647,311.51983292,312.602673964,48750.0
2020-11-04 11:15:00,312.503574672,312.631678635,311.311966112,311.311966112,62529.0
2020-11-04 11:30:00,311.297463777,312.757365542,311.084762857,312.626844523,62242.0
2020-11-04 11:45:00,312.486655281,313.037744027,311.471491802,311.529501143,72559.0
2020-11-04 12:00:00,311.336136671,312.73609545,311.287795553,312.10959456,68835.0
2020-11-04 12:15:00,312.10959456,312.273954361,311.374809566,311.374809566,65062.0
2020-11-04 12:30:00,311.268459106,311.935566535,310.156613391,310.412821317,26665.0
2020-11-04 12:45:00,310.678697466,310.949407727,310.001921813,310.509503553,38759.0
2020-11-04 13:00:00,310.436991876,310.625522236,309.141449912,309.750547999,26407.0
2020-11-04 13:15:00,309.977751254,310.495001217,309.692538658,310.184844604,21066.0
2020-11-04 13:30:00,310.030926484,310.137276944,309.267136819,309.605524645,20080.0
2020-11-04 13:45:00,309.649031651,310.117843814,308.812730309,309.305809713,33105.0
2020-11-04 14:00:00,309.18979103,309.557183527,308.938417216,309.044767676,29631.0
2020-11-04 14:15:00,308.890076098,308.938417216,307.981263079,308.590361166,18839.0
2020-11-04 14:30:00,308.60002939,308.696711626,307.942590184,308.184295775,20315.0
2020-11-04 14:45:00,308.184295775,308.919080769,307.884580843,307.884580843,28494.0
2020-11-04 15:00:00,307.79756683,308.730550408,307.758893936,308.455006036,37760.0
2020-11-04 15:15:00,308.513015377,308.604863502,306.231314605,306.313494506,33401.0
2020-11-04 15:30:00,306.279655724,306.540697761,305.419183822,305.631884742,27991.0
2020-11-04 15:45:00,305.651221189,306.231314605,305.09046422,305.902595003,33897.0
2020-11-04 16:00:00,305.805912767,306.463351972,304.839090406,305.177478232,110228.0
2020-11-04 16:15:00,305.167810008,309.00561137,305.167810008,309.00561137,37137.0
2020-11-05 09:30:00,308.232636893,308.232636893,308.232636893,308.232636893,100.0
2020-11-05 09:45:00,305.999277239,306.75339868,305.177478232,305.786576319,60803.0
2020-11-05 10:00:00,305.103999733,305.578709512,301.948291546,302.509048516,50373.0
2020-11-05 10:15:00,302.509048516,302.509048516,299.473322985,300.246684191,65254.0
2020-11-05 10:30:00,300.411043993,300.918625732,299.241188936,299.241188936,79031.0
2020-11-05 10:45:00,299.246023048,300.372371098,298.970478675,300.372371098,82345.0
2020-11-05 11:00:00,300.415878104,302.692744764,300.415878104,302.692744764,33307.0
2020-11-05 11:15:00,302.808763448,303.504875548,302.054642006,303.504875548,22293.0
2020-11-05 11:30:00,303.582221336,304.63605771,303.22091982,304.176817088,24891.0
2020-11-05 11:45:00,304.167148865,304.317006331,302.779758777,302.924782131,23740.0
2020-11-05 12:00:00,302.770090553,303.185824168,301.097487869,301.097487869,15300.0
2020-11-05 12:15:00,301.281184117,301.416539248,300.285357086,300.633413136,32946.0
2020-11-05 12:30:00,300.556067347,300.56573557,299.376544066,299.992893321,33425.0
2020-11-05 12:45:00,300.18867485,300.971800962,300.18867485,300.894455173,17334.0
2020-11-05 13:00:00,301.010473856,301.455212142,300.120997284,300.850948167,41229.0
2020-11-05 13:15:00,301.252179447,301.542226155,300.952464515,301.348861683,23755.0
2020-11-05 13:30:00,301.348861683,301.713353713,300.77843649,300.865450502,17179.0
2020-11-05 13:45:00,300.817109384,300.889621061,299.589244986,300.179006626,36664.0
2020-11-05 14:00:00,300.198343073,300.198343073,298.477399271,298.477399271,21373.0
2020-11-05 14:15:00,298.476722495,299.202516041,297.935978749,297.935978749,33424.0
2020-11-05 14:30:00,298.061665655,298.622422625,297.979485755,298.051997432,36931.0
2020-11-05 14:45:00,298.018158649,298.79645065,297.694466523,298.313039469,29461.0
2020-11-05 15:00:00,298.187352562,298.535408612,297.829628289,298.506500624,29382.0
2020-11-05 15:15:00,298.482233382,298.511238053,297.552827047,297.583088587,26273.0
2020-11-05 15:30:00,297.626595593,298.110006774,297.007829282,298.051997432,37434.0
2020-11-05 15:45:00,297.955315196,297.964983419,296.224799852,296.3600583,41657.0
2020-11-05 16:00:00,296.476076984,297.346217108,295.905651791,297.123847965,159083.0
2020-11-05 16:15:00,297.201193754,297.201193754,297.201193754,297.201193754,61264.0
2020-11-05 16:30:00,297.201193754,297.201193754,297.201193754,297.201193754,931.0
2020-11-05 20:00:00,296.81446481,296.81446481,296.81446481,296.81446481,130.0
2020-11-06 09:45:00,295.596268635,295.789633107,291.545282943,292.434759515,81449.0
2020-11-06 10:00:00,292.173717477,293.972007069,291.825661427,293.815381846,53568.0
2020-11-06 10:15:00,293.232387963,294.397408907,293.188880956,293.604614572,20084.0
2020-11-06 10:30:00,293.725467367,293.739969702,291.999689452,292.492768856,42261.0
2020-11-06 10:45:00,292.74414267,292.889166024,291.738647415,292.120542247,29039.0
2020-11-06 11:00:00,292.096371688,293.285563192,286.788516927,289.215241053,99906.0
2020-11-06 11:15:00,289.263582171,291.545282943,288.577138295,290.771825054,41886.0
2020-11-06 11:30:00,290.723483936,292.328409055,290.559124135,291.21656334,38760.0
2020-11-06 11:45:00,291.293909129,291.641965179,290.752488607,291.042535315,37034.0
2020-11-06 12:00:00,291.042535315,291.182724557,290.501114793,291.013530644,31607.0
2020-11-06 12:15:00,291.005699383,291.005699383,289.282918618,289.761495687,21149.0
2020-11-06 12:30:00,289.756661575,290.143390519,289.09922237,289.539126544,37218.0
2020-11-06 12:45:00,289.543960656,289.872680258,289.108890593,289.640642892,19390.0
2020-11-06 13:00:00,289.626140556,290.370593774,289.239411612,289.456946643,19858.0
2020-11-06 13:15:00,289.829463299,290.211068085,289.307089177,290.027371836,16430.0
2020-11-06 13:30:00,290.056376507,290.307750321,289.669647562,290.133722296,10826.0
2020-11-06 13:45:00,290.056376507,290.655806371,290.056376507,290.235238644,15546.0
2020-11-06 14:00:00,290.153058743,291.69997452,290.143390519,291.380923141,19492.0
2020-11-06 14:15:00,291.45826893,291.815993204,290.829834396,291.003862421,13827.0
2020-11-06 14:30:00,291.003862421,291.932011887,290.945853079,291.854666098,15611.0
2020-11-06 14:45:00,291.709642744,292.0190259,291.293909129,291.525946495,17308.0
2020-11-06 15:00:00,291.583955837,291.980353005,291.332582023,291.767652086,13983.0
2020-11-06 15:15:00,291.67096985,291.738647415,291.197226893,291.506610048,19850.0
2020-11-06 15:30:00,291.448600707,292.195567663,291.119881104,292.086703465,38106.0
2020-11-06 15:45:00,292.086703465,293.072862273,291.961016558,292.927838919,28921.0
2020-11-06 16:00:00,292.995516484,293.425752435,290.984525973,291.525946495,103557.0
2020-11-06 16:15:00,291.361586694,291.361586694,291.361586694,291.361586694,7184.0
2020-11-06 17:15:00,291.361586694,291.361586694,291.361586694,291.361586694,466.0
2020-11-09 08:45:00,297.781287171,297.781287171,297.781287171,297.781287171,511.0
2020-11-09 09:30:00,301.648576615,302.015969112,301.648576615,302.015969112,766.0
2020-11-09 09:45:00,304.549043697,307.062781836,299.598913209,299.652088439,119247.0
2020-11-09 10:00:00,299.212184265,299.816448241,295.117691566,295.750960213,99416.0
2020-11-09 10:15:00,295.673614424,297.220530201,292.947175366,293.406415988,112168.0
2020-11-09 10:30:00,293.594946348,294.706792063,292.657128658,293.314567863,72976.0
2020-11-09 10:45:00,293.179212733,293.382245429,291.409927812,292.557642637,59946.0
2020-11-09 11:00:00,292.531441751,293.014852931,290.191731637,290.191731637,56505.0
2020-11-09 11:15:00,290.52045124,291.593624061,290.114385849,290.728318048,75483.0
2020-11-09 11:30:00,290.563958246,292.376750173,290.443105451,291.903007216,51840.0
2020-11-09 11:45:00,292.096371688,293.095969327,291.661301626,292.328409055,52261.0
2020-11-09 12:00:00,292.231726819,292.338077279,290.578460582,290.723483936,40228.0
2020-11-09 12:15:00,290.883009625,291.639548123,290.839502619,291.308411464,41358.0
2020-11-09 12:30:00,291.303577352,291.820827316,290.17239519,291.743481527,45466.0
2020-11-09 12:45:00,291.680638073,292.753810894,291.661301626,292.734474447,66593.0
2020-11-09 13:00:00,292.753810894,292.927838919,292.231726819,292.826322571,40859.0
2020-11-09 13:15:00,292.852910186,293.391913652,292.299404384,293.391913652,57284.0
2020-11-09 13:30:00,293.430586547,293.623951019,292.463764186,292.811820236,28735.0
2020-11-09 13:45:00,292.918170695,293.430586547,292.869829577,293.271060857,33916.0
2020-11-09 14:00:00,293.314567863,293.561107565,293.082530497,293.261392633,23646.0
2020-11-09 14:15:00,293.324236087,294.735796734,293.199129273,293.870490721,39789.0
2020-11-09 14:30:00,293.884993056,293.97684118,292.454095962,292.454095962,40650.0
2020-11-09 14:45:00,292.521773527,293.072862273,292.405754844,292.473432409,26089.0
2020-11-09 15:00:00,292.280067937,293.507932335,292.212390372,293.507932335,41343.0
2020-11-09 15:15:00,293.469259441,293.855988385,292.877467474,292.877467474,30544.0
2020-11-09 15:30:00,293.034189379,293.633619242,292.268852798,293.058359938,34886.0
2020-11-09 15:45:00,293.09219872,294.72612851,292.947175366,294.117030423,37282.0
2020-11-09 16:00:00,294.262053777,294.262053777,291.139217551,291.284240905,123464.0
2020-11-09 16:15:00,291.284240905,291.284240905,291.284240905,291.284240905,11653.0
2020-11-10 09:45:00,292.686133329,294.639114498,291.477605377,292.17081701,39873.0
2020-11-10 10:00:00,291.554951166,296.698446127,291.554951166,296.505081654,25417.0
2020-11-10 10:15:00,296.205366722,299.202516041,295.939490573,298.999483346,31909.0
2020-11-10 10:30:00,299.057492687,301.522889708,298.41165535,301.445543919,37926.0
2020-11-10 10:45:00,301.542226155,301.542226155,298.970478675,299.714931893,34255.0
2020-11-10 11:00:00,300.08232439,301.387534577,299.995310377,300.947630403,21080.0
2020-11-10 11:15:00,300.937962179,302.857104566,300.817109384,302.228670031,24955.0
2020-11-10 11:30:00,302.426868615,303.775585809,301.614737832,303.524211995,22695.0
2020-11-10 11:45:00,303.272838181,303.475870877,300.488389781,301.387534577,20883.0
2020-11-10 12:00:00,301.102321981,301.290852341,299.405548737,299.502230973,26171.0
2020-11-10 12:15:00,299.507065085,300.715593036,299.507065085,299.550572091,17982.0
2020-11-10 12:30:00,299.676258998,300.701090701,299.676258998,300.290191197,15255.0
2020-11-10 12:45:00,300.295025309,300.388130303,299.231520712,300.038817384,10929.0
2020-11-10 13:00:00,299.927632812,300.952464515,299.753604787,300.826777608,20226.0
2020-11-10 13:15:00,300.788104713,301.896469868,300.153289151,301.725922403,24603.0
2020-11-10 13:30:00,301.783931745,302.499380292,301.493885037,301.90478454,23547.0
2020-11-10 13:45:00,301.764595298,303.301842852,301.754927074,303.13748305,18607.0
2020-11-10 14:00:00,302.963455025,304.684398828,302.963455025,303.881936268,25640.0
2020-11-10 14:15:00,303.756249361,305.032454878,303.437197982,305.022786654,35882.0
2020-11-10 14:30:00,305.022786654,305.042123101,302.973123249,303.533880218,36945.0
2020-11-10 14:45:00,303.727244691,304.109139523,303.040800814,303.24383351,57403.0
2020-11-10 15:00:00,303.524211995,304.52970725,303.156819498,304.384683896,31975.0
2020-11-10 15:15:00,304.317006331,305.409515599,304.307338107,304.684398828,33208.0
2020-11-10 15:30:00,304.848758629,305.970272568,304.790749288,305.796244543,38169.0
2020-11-10 15:45:00,305.786576319,305.844585661,304.897099747,305.593211847,44817.0
2020-11-10 16:00:00,305.588377735,306.386006183,303.959282057,304.278333436,143572.0
2020-11-10 16:15:00,304.075300741,304.075300741,304.075300741,304.075300741,9427.0
2020-11-11 08:15:00,304.549043697,304.549043697,304.075300741,304.549043697,1172.0
2020-11-11 08:30:00,304.549043697,304.549043697,304.549043697,304.549043697,502.0
2020-11-11 08:45:00,305.979940792,305.979940792,305.979940792,305.979940792,190.0
2020-11-11 09:00:00,305.979940792,305.979940792,305.979940792,305.979940792,500.0
2020-11-11 09:45:00,304.510370803,304.520039027,297.66236802,297.800623618,65961.0
2020-11-11 10:00:00,298.067756636,298.595544963,295.866978896,296.3600583,32900.0
2020-11-11 10:15:00,296.659289821,297.926310525,296.070011592,297.007829282,24502.0
2020-11-11 10:30:00,296.679109679,298.071237197,296.514749878,298.071237197,22028.0
2020-11-11 10:45:00,297.665268487,298.485327214,296.679109679,298.071333879,18984.0
2020-11-11 11:00:00,297.945646972,298.303371246,297.036833953,298.042329208,14798.0
2020-11-11 11:15:00,298.022992761,298.815787097,297.99398809,298.815787097,10573.0
2020-11-11 11:30:00,298.941474004,300.225414099,298.719104861,300.222513632,21361.0
2020-11-11 11:45:00,300.32402998,301.194170105,300.111329061,300.991137409,25262.0
2020-11-11 12:00:00,300.91379162,301.184501881,299.516733309,300.072656166,16950.0
2020-11-11 12:15:00,300.043651495,301.638908391,299.6893111,300.004978601,18320.0
2020-11-11 12:30:00,300.095859903,300.507726229,299.888959918,300.091992613,9063.0
2020-11-11 12:45:00,300.091992613,301.000805633,300.091992613,300.739763595,11259.0
2020-11-11 13:00:00,300.701090701,301.687249509,300.6189108,301.590567273,11976.0
2020-11-11 13:15:00,301.638908391,301.638908391,300.937962179,301.058814974,8786.0
2020-11-11 13:30:00,300.904123397,301.60990372,300.710758924,301.60990372,10201.0
2020-11-11 13:45:00,301.537392043,301.817770528,300.546399123,300.952464515,21793.0
2020-11-11 14:00:00,300.962132738,300.981469186,300.02914916,300.044424953,8600.0
2020-11-11 14:15:00,300.21767952,300.285357086,299.560240315,299.714931893,10832.0
2020-11-11 14:30:00,299.917964588,300.454550999,299.917964588,300.130665508,12824.0
2020-11-11 14:45:00,300.150001955,300.469053334,299.318534725,299.54573798,10153.0
2020-11-11 15:00:00,299.552989147,299.552989147,298.429058153,298.835123544,12533.0
2020-11-11 15:15:00,298.593417954,299.424885184,298.477399271,299.173511371,7872.0
2020-11-11 15:30:00,299.241188936,299.502230973,298.680431966,298.912469333,12961.0
2020-11-11 15:45:00,298.806118873,299.642420216,298.748109532,299.38621229,14647.0
2020-11-11 16:00:00,299.38621229,300.353034651,299.371709955,299.676258998,59755.0
2020-11-11 16:15:00,299.676258998,299.676258998,299.676258998,299.676258998,5023.0
2020-11-11 18:00:00,299.676258998,299.676258998,299.676258998,299.676258998,700.0
2020-11-12 09:45:00,297.781287171,298.535408612,297.152852636,297.317212438,26789.0
2020-11-12 10:00:00,297.35105122,297.7522825,295.915320014,296.137689157,14235.0
2020-11-12 10:15:00,296.345555965,296.369726524,295.383567716,295.87664712,24188.0
2020-11-12 10:30:00,295.750960213,296.437404089,295.28688548,295.813803666,18506.0
2020-11-12 10:45:00,295.697784983,295.982997579,295.296553703,295.982997579,21643.0
2020-11-12 11:00:00,295.895983567,296.253707841,295.402904163,295.746126101,21235.0
2020-11-12 11:15:00,295.673614424,296.268210176,295.248212585,296.079679816,25684.0
2020-11-12 11:30:00,296.190864387,296.195698499,295.567263964,295.833140113,28030.0
2020-11-12 11:45:00,295.819024507,296.031338697,295.311056039,295.572098076,18150.0
2020-11-12 12:00:00,295.659112089,296.524418102,294.996838771,295.644609753,37377.0
2020-11-12 12:15:00,295.644609753,296.216968591,295.137028014,295.533425182,21641.0
2020-11-12 12:30:00,295.460913505,295.95882702,295.412572386,295.605936859,30770.0
2020-11-12 12:45:00,295.813803666,295.847642449,294.199210324,294.199210324,25742.0
2020-11-12 13:00:00,294.271722001,294.339399566,292.947175366,293.053525826,20623.0
2020-11-12 13:15:00,292.947175366,293.623951019,292.560446422,293.169544509,22638.0
2020-11-12 13:30:00,292.869829577,293.227553851,292.309072608,292.492768856,19458.0
2020-11-12 13:45:00,292.410588956,293.266226745,292.39608662,292.831156683,16879.0
2020-11-12 14:00:00,292.908502472,293.517503877,292.657128658,293.44025477,16405.0
2020-11-12 14:15:00,293.430586547,293.628785131,292.845659018,292.845659018,14893.0
2020-11-12 14:30:00,292.773147341,293.469259441,292.753810894,293.353240758,18596.0
2020-11-12 14:45:00,293.324236087,293.739969702,293.126037503,293.246890298,19168.0
2020-11-12 15:00:00,293.150208062,294.24271733,293.150208062,293.826983715,37982.0
2020-11-12 15:15:00,293.730301478,294.687939027,293.19854918,294.474754696,27041.0
2020-11-12 15:30:00,294.494091144,295.576932188,294.407077131,294.774469628,33523.0
2020-11-12 15:45:00,294.706792063,295.199871467,294.368404237,295.122525678,37717.0
2020-11-12 16:00:00,295.07418456,296.128020934,294.687455616,296.070011592,85249.0
2020-11-12 16:15:00,296.070011592,296.070011592,296.041006921,296.041006921,7009.0
2020-11-12 16:45:00,296.041006921,296.659773232,296.041006921,296.659773232,514.0
2020-11-13 09:45:00,297.85863296,299.328202948,297.558918028,299.231520712,32064.0
2020-11-13 10:00:00,299.241188936,299.569908539,297.848964736,298.641759072,22955.0
2020-11-13 10:15:00,298.680431966,299.067160911,297.181857307,297.181857307,22174.0
2020-11-13 10:30:00,297.355885332,297.829628289,296.92081527,297.829628289,11495.0
2020-11-13 10:45:00,297.616927369,297.882803519,296.94981994,297.597590922,9898.0
2020-11-13 11:00:00,297.423562897,298.622422625,297.375221779,298.622422625,9615.0
2020-11-13 11:15:00,298.571761133,299.173511371,297.85863296,298.699768414,21206.0
2020-11-13 11:30:00,298.896033353,298.902801109,297.713609606,298.556001929,10135.0
2020-11-13 11:45:00,298.400053482,298.574081507,297.926310525,298.226025457,8605.0
2020-11-13 12:00:00,298.409721705,299.569908539,298.139011444,299.560240315,15935.0
2020-11-13 12:15:00,299.666590775,300.00149804,299.231520712,299.540903868,7149.0
2020-11-13 12:30:00,299.569908539,299.763273011,299.183179594,299.695595445,9608.0
2020-11-13 12:45:00,299.801945905,300.091992613,299.48869546,299.743936564,10477.0
2020-11-13 13:00:00,299.700429557,300.562835103,299.700429557,300.449716887,6729.0
2020-11-13 13:15:00,300.556067347,300.788104713,300.343366427,300.744597707,13061.0
2020-11-13 13:30:00,300.570569682,301.812936416,300.570569682,301.687249509,12973.0
2020-11-13 13:45:00,301.493885037,302.112651348,301.348861683,302.000306589,16364.0
2020-11-13 14:00:00,302.054642006,302.054642006,301.17580048,301.406871024,9128.0
2020-11-13 14:15:00,301.406871024,301.870945758,301.194170105,301.783931745,11463.0
2020-11-13 14:30:00,301.788765857,302.335020491,301.547060267,302.25284059,13160.0
2020-11-13 14:45:00,302.393029833,302.692744764,301.996632665,302.567057857,18624.0
2020-11-13 15:00:00,302.731417659,302.731417659,301.416539248,301.416539248,20336.0
2020-11-13 15:15:00,301.571230826,301.571230826,300.246684191,300.875118726,19887.0
2020-11-13 15:30:00,300.884786949,301.300520565,300.585072018,301.300520565,16640.0
2020-11-13 15:45:00,301.377866354,302.335020491,301.252179447,301.933789211,18918.0
2020-11-13 16:00:00,301.967627994,302.189997137,301.174833658,301.36819813,53212.0
2020-11-13 16:15:00,301.36819813,301.36819813,301.36819813,301.36819813,8034.0
2020-11-16 08:15:00,304.694067052,304.694067052,304.694067052,304.694067052,100.0
2020-11-16 09:30:00,305.515866058,305.515866058,305.515866058,305.515866058,316.0
2020-11-16 09:45:00,304.916436195,304.916436195,301.745258851,302.98830236,43435.0
2020-11-16 10:00:00,302.223835919,304.98411376,302.044973783,302.224802742,19833.0
2020-11-16 10:15:00,301.890282205,304.162314753,301.184501881,303.301842852,24184.0
2020-11-16 10:30:00,303.219662951,304.002789063,302.770090553,303.669332031,10687.0
2020-11-16 10:45:00,303.881936268,303.956865001,302.789427,303.316345187,12410.0
2020-11-16 11:00:00,303.514543771,303.793278658,303.272838181,303.59188956,9976.0
2020-11-16 11:15:00,303.533880218,304.210655871,303.533880218,303.57158629,11632.0
2020-11-16 11:30:00,303.630562455,304.974445536,303.630562455,304.539375474,15533.0
2020-11-16 11:45:00,304.375015672,305.108833844,303.746581138,304.616721263,10991.0
2020-11-16 12:00:00,304.476145291,304.825071481,304.036627846,304.307338107,9968.0
2020-11-16 12:15:00,304.249328766,304.249328766,303.4855391,303.827310805,8566.0
2020-11-16 12:30:00,303.727244691,303.727244691,302.702412988,303.214828839,16277.0
2020-11-16 12:45:00,303.263169957,303.572553113,302.934450355,303.079473709,16691.0
2020-11-16 13:00:00,303.098810156,303.630562455,302.770090553,303.553216666,7135.0
2020-11-16 13:15:00,303.500041436,303.821993282,302.127153683,302.596062528,11759.0
2020-11-16 13:30:00,302.441370951,302.731417659,302.093314901,302.093314901,8181.0
2020-11-16 13:45:00,302.093314901,302.634735423,301.909618652,302.634735423,11106.0
2020-11-16 14:00:00,302.460707398,303.214828839,302.286679373,302.963455025,11961.0
2020-11-16 14:15:00,302.866772789,303.466202653,302.663740094,303.379188641,12488.0
2020-11-16 14:30:00,303.35018397,303.374354529,302.605730752,302.958620914,12785.0
2020-11-16 14:45:00,303.031132591,303.272838181,302.557389634,302.687910653,13908.0
2020-11-16 15:00:00,302.663740094,303.074639597,302.325352267,302.857104566,9098.0
2020-11-16 15:15:00,302.915113907,302.915113907,302.267342926,302.267342926,11223.0
2020-11-16 15:30:00,302.315684044,302.383361609,301.788765857,302.160992466,16361.0
2020-11-16 15:45:00,302.131987795,302.344688714,301.82260464,302.286679373,19337.0
2020-11-16 16:00:00,302.344688714,302.837768119,301.087819645,302.354356938,110193.0
2020-11-16 16:15:00,302.354356938,302.354356938,302.354356938,302.354356938,9078.0
2020-11-16 18:15:00,302.354356938,302.354356938,302.354356938,302.354356938,447.0
2020-11-17 09:45:00,300.033983272,302.354356938,299.376544066,301.909618652,53591.0
2020-11-17 10:00:00,301.928955099,302.441370951,301.416539248,302.344688714,54507.0
2020-11-17 10:15:00,302.576726081,302.712081212,300.459385111,300.77843649,12543.0
2020-11-17 10:30:00,301.029810304,301.116824316,299.714931893,299.937301036,13310.0
2020-11-17 10:45:00,300.014646825,301.542226155,299.917867906,301.542226155,10787.0
2020-11-17 11:00:00,301.735590627,301.735590627,301.097487869,301.631850588,17024.0
2020-11-17 11:15:00,301.406871024,303.321082617,301.271515894,302.857104566,9874.0
2020-11-17 11:30:00,303.026298479,304.346011002,302.789427,304.120934756,13106.0
2020-11-17 11:45:00,304.220324095,304.674730604,303.707908243,304.665062381,28523.0
2020-11-17 12:00:00,304.77141284,305.269326356,303.582221336,303.582221336,16080.0
2020-11-17 12:15:00,303.475870877,303.717576467,303.011796144,303.669235349,14023.0
2020-11-17 12:30:00,303.746581138,303.930277386,303.176155945,303.659567125,12360.0
2020-11-17 12:45:00,303.717576467,303.804590479,303.292174628,303.562884889,7127.0
2020-11-17 13:00:00,303.330847523,303.524211995,303.156819498,303.301842852,7420.0
2020-11-17 13:15:00,303.10847838,303.775585809,302.953786802,303.330847523,7457.0
2020-11-17 13:30:00,303.340515746,303.384022752,302.286679373,302.480043845,16009.0
2020-11-17 13:45:00,302.344688714,303.118146603,302.238338255,302.731417659,11408.0
2020-11-17 14:00:00,302.576726081,302.576726081,301.479382701,301.493885037,21068.0
2020-11-17 14:15:00,301.397202801,302.675825373,301.397202801,302.675825373,18593.0
2020-11-17 14:30:00,302.7072471,302.76042233,302.238338255,302.491452349,15191.0
2020-11-17 14:45:00,302.7072471,302.89577746,302.122319571,302.46554151,12528.0
2020-11-17 15:00:00,302.431702727,303.287340516,302.422034503,302.934450355,19531.0
2020-11-17 15:15:00,302.89877461,303.59188956,302.470375621,302.615398976,19907.0
2020-11-17 15:30:00,302.605730752,302.625067199,301.692083621,301.924507716,20099.0
2020-11-17 15:45:00,301.948291546,302.044973783,301.203838329,301.416539248,30362.0
2020-11-17 16:00:00,301.426207472,302.615398976,300.56573557,302.41236628,67901.0
2020-11-17 16:15:00,302.257674702,302.257674702,302.257674702,302.257674702,46942.0
2020-11-18 09:45:00,304.297669884,304.491034356,303.434297515,304.031793734,77162.0
2020-11-18 10:00:00,304.210655871,304.360513337,302.731417659,302.924782131,16282.0
2020-11-18 10:15:00,303.282506405,303.665464742,302.615398976,303.118146603,11867.0
2020-11-18 10:30:00,303.35018397,303.359852193,301.687249509,303.021464367,14080.0
2020-11-18 10:45:00,303.171321833,303.804590479,302.789427,303.098810156,26333.0
2020-11-18 11:00:00,303.195492392,303.601557784,302.267342926,302.267342926,10610.0
2020-11-18 11:15:00,302.19966536,303.079473709,302.19966536,302.615398976,7538.0
2020-11-18 11:30:00,302.393029833,303.379188641,302.393029833,303.253501734,16237.0
2020-11-18 11:45:00,303.253501734,303.746581138,303.205160616,303.649898902,8868.0
2020-11-18 12:00:00,303.606391895,303.872268045,302.953786802,303.823926927,12216.0
2020-11-18 12:15:00,303.910940939,303.93994561,303.630562455,303.799756368,23921.0
2020-11-18 12:30:00,303.756249361,303.852931598,303.00212792,303.00212792,17687.0
2020-11-18 12:45:00,303.292174628,303.775585809,303.011796144,303.59188956,4937.0
2020-11-18 13:00:00,303.483122044,304.607053039,303.483122044,304.438729266,19427.0
2020-11-18 13:15:00,304.437859126,304.906767971,304.142978306,304.688266117,10841.0
2020-11-18 13:30:00,304.684398828,305.100132443,304.684398828,304.790749288,11750.0
2020-11-18 13:45:00,304.781081064,305.380510928,304.781081064,305.03728899,10684.0
2020-11-18 14:00:00,305.196814679,305.293496915,304.539375474,305.013118431,11618.0
2020-11-18 14:15:00,305.235487574,305.801078655,305.148473561,305.327335698,16902.0
2020-11-18 14:30:00,305.496529611,305.92193145,304.326674554,304.578048368,64070.0
2020-11-18 14:45:00,304.587716592,304.587716592,303.611226007,304.123641859,14283.0
2020-11-18 15:00:00,304.28800166,304.510370803,303.756249361,303.789604733,31420.0
2020-11-18 15:15:00,303.640230678,303.814258703,302.789427,303.775585809,14377.0
2020-11-18 15:30:00,303.8115516,304.104305411,302.982791473,303.224497063,17970.0
2020-11-18 15:45:00,303.060137262,303.079473709,300.08232439,301.078151422,42804.0
2020-11-18 16:00:00,301.024976192,302.015969112,300.004978601,300.285357086,86065.0
2020-11-18 16:15:00,300.295025309,300.295025309,300.295025309,300.295025309,166693.0
2020-11-18 17:00:00,300.295025309,300.295025309,300.295025309,300.295025309,308.0
2020-11-19 09:45:00,300.894455173,300.894455173,298.23569368,299.163843147,44745.0
2020-11-19 10:00:00,299.004317457,301.521922885,299.004317457,300.246684191,14995.0
2020-11-19 10:15:00,300.435214552,300.585072018,299.280828653,299.724600116,21097.0
2020-11-19 10:30:00,299.705263669,300.091992613,297.877969407,297.877969407,26975.0
2020-11-19 10:45:00,297.974651643,299.270193607,297.887637631,298.79645065,36170.0
2020-11-19 11:00:00,298.912469333,300.179006626,298.719104861,298.917303445,16462.0
2020-11-19 11:15:00,298.69010019,299.105833805,298.148679668,298.308205358,26032.0
2020-11-19 11:30:00,298.429058153,299.27986183,298.361380587,298.361380587,14590.0
2020-11-19 11:45:00,298.293703022,298.293703022,296.732284909,297.259203096,22267.0
2020-11-19 12:00:00,297.249534872,297.984319867,296.959584846,297.926310525,23485.0
2020-11-19 12:15:00,297.887637631,298.496735718,297.346217108,297.878356136,22416.0
2020-11-19 12:30:00,297.85863296,297.902139966,296.766123692,297.230198425,21100.0
2020-11-19 12:45:00,297.29787599,298.313039469,297.29787599,297.491240463,19600.0
2020-11-19 13:00:00,297.297972673,297.674936711,296.911147046,297.433231121,15105.0
2020-11-19 13:15:00,297.539581581,298.181068217,297.539581581,297.829628289,16653.0
2020-11-19 13:30:00,298.056831544,298.873796439,298.056831544,298.545076836,11623.0
2020-11-19 13:45:00,298.535408612,298.535408612,298.013324537,298.10033855,8499.0
2020-11-19 14:00:00,298.20668901,298.603086178,298.105172662,298.496735718,13588.0
2020-11-19 14:15:00,298.506403942,298.999483346,298.274366575,298.844791768,20913.0
2020-11-19 14:30:00,299.052658575,299.071995023,298.197020786,298.801284762,5897.0
2020-11-19 14:45:00,298.912469333,300.830064804,298.912469333,300.633413136,18583.0
2020-11-19 15:00:00,300.621811267,300.797772937,299.859955247,300.21767952,11933.0
2020-11-19 15:15:00,300.263410218,300.288257553,299.1445067,299.231520712,30494.0
2020-11-19 15:30:00,298.965644563,299.047824464,298.119674997,298.748109532,31218.0
2020-11-19 15:45:00,298.835123544,300.072656166,298.680431966,299.995310377,28722.0
2020-11-19 16:00:00,299.86962347,299.97597393,299.057492687,299.096165582,72291.0
2020-11-19 16:15:00,299.212184265,299.212184265,299.212184265,299.212184265,8854.0
2020-11-19 17:30:00,299.212184265,299.212184265,299.212184265,299.212184265,9731.0
2020-11-19 18:45:00,298.748109532,298.748109532,298.748109532,298.748109532,105.0
2020-11-20 09:45:00,298.632090848,299.91458071,298.313039469,299.337871172,52642.0
2020-11-20 10:00:00,299.076829134,299.076829134,296.998161058,297.781287171,20261.0
2020-11-20 10:15:00,297.810291842,298.390385258,296.872474152,297.065838624,23005.0
2020-11-20 10:30:00,297.201193754,297.491240463,296.524418102,297.307544214,10102.0
2020-11-20 10:45:00,297.15130572,297.365553556,296.176362052,296.468825816,13934.0
2020-11-20 11:00:00,296.369726524,297.143184413,296.089348039,297.143184413,8483.0
2020-11-20 11:15:00,297.16252086,297.935978749,297.080340959,297.380539302,10533.0
2020-11-20 11:30:00,297.587922699,297.587922699,296.540854082,296.819298922,15631.0
2020-11-20 11:45:00,296.86764004,296.86764004,296.292380735,296.292380735,13599.0
2020-11-20 12:00:00,296.215034946,296.253707841,295.07418456,295.750960213,14829.0
2020-11-20 12:15:00,295.871813008,295.992665803,295.170866796,295.170866796,10079.0
2020-11-20 12:30:00,295.151530349,296.495413431,295.132193902,296.152191493,12417.0
2020-11-20 12:45:00,296.282712511,296.335887741,295.683282648,295.818637778,5679.0
2020-11-20 13:00:00,295.963661132,296.292380735,295.828306002,295.992665803,6134.0
2020-11-20 13:15:00,296.302048959,296.756455468,296.128020934,296.398731195,10595.0
2020-11-20 13:30:00,296.225669992,296.379394747,295.905651791,296.079679816,6078.0
2020-11-20 13:45:00,296.031338697,297.152852636,295.963661132,296.969156388,11171.0
2020-11-20 14:00:00,296.930483493,297.278539543,296.582427443,296.582427443,12250.0
2020-11-20 14:15:00,296.785460139,296.978824611,296.340721853,296.809630698,10645.0
2020-11-20 14:30:00,296.746787245,297.230198425,296.526545111,297.230198425,13724.0
2020-11-20 14:45:00,297.123847965,297.819960065,296.998161058,297.462235792,24889.0
2020-11-20 15:00:00,297.428397009,297.655600264,296.94981994,297.172189083,17839.0
2020-11-20 15:15:00,297.210861978,297.293041879,295.992665803,296.209524059,37338.0
2020-11-20 15:30:00,296.195698499,297.094843295,296.070011592,297.036833953,20267.0
2020-11-20 15:45:00,297.114179742,297.694273158,296.534086325,297.423562897,45308.0
2020-11-20 16:00:00,297.375221779,297.761950724,296.234371393,296.384228859,111381.0
2020-11-20 16:15:00,296.253707841,296.253707841,296.253707841,296.253707841,8566.0
2020-11-23 07:15:00,297.790955394,299.714931893,297.790955394,299.714931893,641.0
2020-11-23 09:00:00,299.714931893,299.714931893,299.714931893,299.714931893,891.0
2020-11-23 09:45:00,298.970478675,299.961471595,298.815787097,299.544771157,25540.0
2020-11-23 10:00:00,299.579576762,300.884786949,299.395880514,300.237015968,15644.0
2020-11-23 10:15:00,299.714931893,299.97597393,299.184146417,299.231520712,14515.0
2020-11-23 10:30:00,299.154174923,299.381378178,297.974264914,298.216357233,12559.0
2020-11-23 10:45:00,297.984319867,298.910535688,297.984319867,298.317873581,13083.0
2020-11-23 11:00:00,298.168016115,298.699768414,298.119674997,298.346878252,6330.0
2020-11-23 11:15:00,298.429058153,298.670763743,297.573420363,297.573420363,13595.0
2020-11-23 11:30:00,297.624275219,297.974651643,297.389724115,297.471904015,9449.0
2020-11-23 11:45:00,297.012663394,297.674936711,296.911147046,297.471904015,10062.0
2020-11-23 12:00:00,297.45740168,298.15351378,297.336548885,297.892471742,16691.0
2020-11-23 12:15:00,297.892471742,297.892471742,297.085175071,297.148018524,6937.0
2020-11-23 12:30:00,297.065838624,297.64593204,297.065838624,297.220530201,7350.0
2020-11-23 12:45:00,297.249534872,297.278539543,296.379394747,296.476076984,11812.0
2020-11-23 13:00:00,296.553422772,297.578254475,296.437404089,297.481572239,13806.0
2020-11-23 13:15:00,297.433231121,297.549249804,297.114179742,297.423562897,16717.0
2020-11-23 13:30:00,297.500908686,297.500908686,296.862805928,296.862805928,12297.0
2020-11-23 13:45:00,297.085175071,297.230198425,296.882142375,296.911147046,8061.0
2020-11-23 14:00:00,296.857971816,297.558918028,296.853137704,297.505742798,10458.0
2020-11-23 14:15:00,297.568489569,297.655600264,296.741953133,296.915981158,9654.0
2020-11-23 14:30:00,296.954654052,297.0561704,296.514749878,296.616266226,11433.0
2020-11-23 14:45:00,296.659773232,296.862805928,296.505081654,296.65493912,14951.0
2020-11-23 15:00:00,296.664607344,297.539581581,296.514749878,297.534747469,24613.0
2020-11-23 15:15:00,297.365553556,297.974651643,297.259203096,297.732946053,21094.0
2020-11-23 15:30:00,297.636263817,297.694273158,296.340721853,296.437404089,25243.0
2020-11-23 15:45:00,296.495413431,296.567925108,295.673614424,296.084513927,47602.0
2020-11-23 16:00:00,296.050675145,296.616266226,295.364231268,296.398731195,96186.0
2020-11-23 16:15:00,296.321385406,296.321385406,296.321385406,296.321385406,7886.0
2020-11-24 09:30:00,299.714931893,299.714931893,299.714931893,299.714931893,400.0
2020-11-24 09:45:00,299.241188936,301.845324965,298.400053482,300.91379162,56810.0
2020-11-24 10:00:00,301.15549721,302.41236628,301.15549721,302.41236628,25068.0
2020-11-24 10:15:00,302.238338255,303.040800814,301.996632665,302.248006478,25838.0
2020-11-24 10:30:00,302.248006478,303.205160616,301.812936416,303.031035908,19038.0
2020-11-24 10:45:00,302.909022927,302.909022927,301.745258851,301.948291546,20249.0
2020-11-24 11:00:00,301.996632665,302.088480789,300.301503019,300.304693533,20805.0
2020-11-24 11:15:00,300.51256034,301.203838329,299.859955247,301.136160763,24283.0
2020-11-24 11:30:00,301.029810304,301.754927074,300.86061639,301.754927074,19920.0
2020-11-24 11:45:00,301.542226155,302.470375621,301.300520565,301.416539248,26106.0
2020-11-24 12:00:00,301.624406056,301.938623323,301.513221484,301.696917733,46178.0
2020-11-24 12:15:00,301.696917733,302.06431023,301.406871024,301.667913062,21212.0
2020-11-24 12:30:00,301.600235497,301.793599969,300.730095372,300.826777608,16251.0
2020-11-24 12:45:00,300.923459844,301.527723819,300.923459844,301.165165434,12275.0
2020-11-24 13:00:00,301.165165434,301.397202801,300.802607049,301.310188788,23746.0
2020-11-24 13:15:00,301.339193459,301.36819813,300.855782279,301.136160763,22170.0
2020-11-24 13:30:00,301.160331322,301.26184767,300.159670179,300.444882775,18011.0
2020-11-24 13:45:00,300.517394452,301.12649254,299.990476266,300.246877556,32945.0
2020-11-24 14:00:00,300.232181856,300.401375769,299.714931893,299.78744357,11851.0
2020-11-24 14:15:00,299.797111793,301.145828987,299.714931893,301.116824316,17769.0
2020-11-24 14:30:00,301.010473856,301.010473856,300.120997284,300.592323185,27772.0
2020-11-24 14:45:00,300.507726229,300.551233235,299.97597393,300.198343073,27478.0
2020-11-24 15:00:00,300.203177185,300.266020638,299.608581433,299.73426834,25962.0
2020-11-24 15:15:00,299.714931893,299.995310377,299.468392191,299.86962347,27520.0
2020-11-24 15:30:00,299.821282352,299.903462253,299.173511371,299.463558079,44125.0
2020-11-24 15:45:00,299.463558079,299.555406203,298.980146898,299.009151569,50934.0
2020-11-24 16:00:00,299.057492687,299.821282352,298.264698351,299.647254327,141419.0
2020-11-24 16:15:00,299.695595445,299.695595445,299.695595445,299.695595445,3660.0
2020-11-25 09:30:00,300.614076688,300.614076688,300.614076688,300.614076688,260.0
2020-11-25 09:45:00,299.772941234,300.817109384,298.240527792,298.989815122,31301.0
2020-11-25 10:00:00,298.63692496,298.63692496,297.638970919,297.887637631,20158.0
2020-11-25 10:15:00,298.003656314,300.159670179,298.003656314,300.159670179,16598.0
2020-11-25 10:30:00,299.990476266,301.745258851,299.990476266,301.629240167,22698.0
2020-11-25 10:45:00,301.643742503,301.817770528,300.382039322,300.623744912,11477.0
2020-11-25 11:00:00,300.333698204,301.174833658,300.21767952,301.042378994,9683.0
2020-11-25 11:15:00,301.02014208,301.85160931,300.971800962,301.85160931,14398.0
2020-11-25 11:30:00,301.696917733,301.696917733,300.889621061,300.991137409,9657.0
2020-11-25 11:45:00,301.150663099,302.663740094,301.150663099,302.325352267,18374.0
2020-11-25 12:00:00,302.383361609,302.847436342,302.122319571,302.847436342,15976.0
2020-11-25 12:15:00,302.469118752,303.712742355,302.175398119,303.147151274,24646.0
2020-11-25 12:30:00,303.176155945,303.446866206,302.189997137,302.634735423,24169.0
2020-11-25 12:45:00,302.654458599,302.847436342,302.102983124,302.663740094,45275.0
2020-11-25 13:00:00,302.480043845,302.886109237,301.948291546,302.335020491,20447.0
2020-11-25 13:15:00,302.257674702,302.571891969,301.783931745,301.793599969,16893.0
2020-11-25 13:30:00,301.735590627,302.141656019,301.493885037,301.493885037,14175.0
2020-11-25 13:45:00,301.551894378,302.296347596,301.397202801,302.236791339,13574.0
2020-11-25 14:00:00,302.141656019,303.060137262,301.977296217,303.060137262,13580.0
2020-11-25 14:15:00,302.692744764,302.697578876,300.710758924,300.904123397,44834.0
2020-11-25 14:30:00,301.039478527,301.36819813,300.623744912,301.189335993,17102.0
2020-11-25 14:45:00,301.348861683,301.774263522,301.199004217,301.455212142,17289.0
2020-11-25 15:00:00,301.484216813,301.812936416,301.145828987,301.223174776,9761.0
2020-11-25 15:15:00,301.310188788,301.82260464,301.07331731,301.696917733,15136.0
2020-11-25 15:30:00,301.870945758,302.083646677,301.387534577,301.948291546,24154.0
2020-11-25 15:45:00,301.95795977,302.035305559,301.174833658,301.619571944,25644.0
2020-11-25 16:00:00,301.60990372,302.185163025,301.281184117,301.899950428,105305.0
2020-11-25 16:15:00,301.899950428,301.899950428,301.899950428,301.899950428,10989.0
2020-11-27 05:15:00,305.020623522,305.020623522,305.020623522,305.020623522,200.0
2020-11-27 06:00:00,305.020623522,305.020623522,305.020623522,305.020623522,200.0
2020-11-27 09:45:00,302.46583295,302.718397797,300.163607224,302.154983906,46576.0
2020-11-27 10:00:00,302.232696167,302.261838265,298.706502335,299.167918883,30746.0
2020-11-27 10:15:00,298.968781215,299.901328344,298.609362009,299.318486388,16994.0
2020-11-27 10:30:00,299.095063639,299.318389248,298.745358465,299.143633802,21629.0
2020-11-27 10:45:00,299.269916225,299.541909138,298.220800705,299.007637345,29209.0
2020-11-27 11:00:00,299.124205736,299.658477529,298.954210166,299.405912682,21950.0
2020-11-27 11:15:00,299.454482845,299.755617855,297.890523597,298.143088444,26386.0
2020-11-27 11:30:00,298.036234086,298.434509422,297.365965836,297.618530684,24587.0
2020-11-27 11:45:00,297.540818423,297.968235857,297.356251804,297.424250032,26926.0
2020-11-27 12:00:00,297.472820195,297.599102619,296.57427218,297.329538214,46061.0
2020-11-27 12:15:00,297.249397445,297.45339213,297.00654663,297.249397445,32907.0
2020-11-27 12:30:00,297.297967608,297.463106162,297.040545745,297.113400989,25912.0
2020-11-27 12:45:00,297.161971152,297.511676325,296.813237382,297.49224826,38613.0
2020-11-27 13:00:00,297.531104391,297.948807792,296.569415164,297.409678983,58941.0
2020-11-27 13:15:00,297.278539543,297.278539543,297.278539543,297.278539543,29014.0
2020-11-27 15:45:00,297.278539543,297.278539543,297.278539543,297.278539543,0.0
2020-11-30 09:45:00,296.569415164,297.637958749,295.811720621,296.486845887,80011.0
2020-11-30 10:00:00,296.579129196,297.05997381,295.335733024,295.755476372,23494.0
2020-11-30 10:15:00,295.617439969,295.763150458,294.218619275,295.296876893,36090.0
2020-11-30 10:30:00,295.34059004,296.190567892,295.122024307,295.326018991,31660.0
2020-11-30 10:45:00,295.330876008,295.889432882,294.801461231,295.020026964,19149.0
2020-11-30 11:00:00,295.020026964,296.423704675,294.918029622,296.413990642,21816.0
2020-11-30 11:15:00,296.413990642,296.821980011,295.782578523,296.243995072,18534.0
2020-11-30 11:30:00,296.122569664,296.122569664,294.131192982,294.688681313,29116.0
2020-11-30 11:45:00,294.869459459,294.869459459,293.655302525,294.213762259,48105.0
2020-11-30 12:00:00,294.19919121,294.718891954,293.737774662,293.839772004,25477.0
2020-11-30 12:15:00,293.742631678,294.318673811,293.363784407,293.839772004,23079.0
2020-11-30 12:30:00,293.703775548,294.063194754,293.431782635,293.443925176,13651.0
2020-11-30 12:45:00,293.417211586,293.626063287,292.785799467,293.052935364,27879.0
2020-11-30 13:00:00,292.96550907,293.082077462,292.644945995,292.984937136,11932.0
2020-11-30 13:15:00,292.92665294,292.92665294,292.586661799,292.878082777,16209.0
2020-11-30 13:30:00,292.882939793,292.96550907,292.489521473,292.547805669,17539.0
2020-11-30 13:45:00,292.499235506,292.499235506,291.770683061,292.081532104,27016.0
2020-11-30 14:00:00,292.188386463,292.300097838,291.518118214,291.702684833,16070.0
2020-11-30 14:15:00,291.639543621,291.639543621,290.585571084,291.333648735,34689.0
2020-11-30 14:30:00,291.508404181,292.110674202,291.314123529,292.100960169,12328.0
2020-11-30 14:45:00,291.964963713,292.032961941,291.148984975,291.323837562,17175.0
2020-11-30 15:00:00,291.306740864,292.92665294,291.306740864,292.609004074,25231.0
2020-11-30 15:15:00,292.676128039,292.759960141,291.945535648,291.994105811,26905.0
2020-11-30 15:30:00,292.042675974,292.567233734,292.042675974,292.149530332,42043.0
2020-11-30 15:45:00,292.17575822,292.678945109,291.95524968,292.256384691,48897.0
2020-11-30 16:00:00,292.266098723,293.771773776,291.178127073,293.625966147,147415.0
2020-11-30 16:15:00,293.616349254,293.616349254,293.616349254,293.616349254,35174.0
2020-11-30 17:15:00,293.653050812,293.653050812,293.653050812,293.653050812,559.0
2020-12-01 09:45:00,295.481443513,296.841408076,295.452301415,295.876318938,31402.0
2020-12-01 10:00:00,296.637413392,297.735099075,296.18085386,297.49224826,51449.0
2020-12-01 10:15:00,297.327109706,297.841953434,296.909406304,297.783669238,27363.0
2020-12-01 10:30:00,297.953664809,299.541909138,297.890620737,299.367056551,17375.0
2020-12-01 10:45:00,299.668191562,300.85087503,299.406009822,300.85087503,40308.0
2020-12-01 11:00:00,300.804733376,301.00872806,299.444768812,299.949898507,22032.0
2020-12-01 11:15:00,299.765331888,300.289889648,299.609907366,299.609907366,22119.0
2020-12-01 11:30:00,299.634192448,299.707047692,297.521390358,297.521390358,14243.0
2020-12-01 11:45:00,297.67681488,297.997377955,297.025974696,297.239683413,15576.0
2020-12-01 12:00:00,296.899692272,296.899692272,296.316850316,296.66655549,12068.0
2020-12-01 12:15:00,296.632556375,296.948262435,296.161425795,296.496559919,14151.0
2020-12-01 12:30:00,296.423704675,296.423704675,295.680581181,296.307136283,21193.0
2020-12-01 12:45:00,296.307136283,296.724839685,296.132283697,296.44313274,13966.0
2020-12-01 13:00:00,296.241857984,296.783123881,296.239138055,296.239138055,10022.0
2020-12-01 13:15:00,296.404276609,296.520845001,295.700009246,295.704866263,11390.0
2020-12-01 13:30:00,295.73400836,296.423218973,295.73400836,295.908860947,12930.0
2020-12-01 13:45:00,295.976859175,296.404276609,295.942860061,296.200281925,8600.0
2020-12-01 14:00:00,296.161425795,296.171139827,295.743722393,296.064285469,11426.0
2020-12-01 14:15:00,296.190567892,296.326564349,295.500871578,295.962288126,15217.0
2020-12-01 14:30:00,296.064285469,296.190567892,294.888887524,295.258020763,18347.0
2020-12-01 14:45:00,295.403731252,295.500871578,294.90831559,295.500871578,18954.0
2020-12-01 15:00:00,295.073454144,295.355161089,294.893744541,294.995741883,21102.0
2020-12-01 15:15:00,294.995741883,295.005455916,293.431782635,293.87124547,43675.0
2020-12-01 15:30:00,293.956340395,294.087479835,293.540288379,293.732917645,25731.0
2020-12-01 15:45:00,293.752345711,293.752345711,292.207814528,292.604535619,76056.0
2020-12-01 16:00:00,292.562376718,293.480352798,291.945535648,292.508949538,147113.0
2020-12-01 16:15:00,292.489521473,292.489521473,292.489521473,292.489521473,17081.0
2020-12-02 09:30:00,292.363724751,292.363724751,292.363724751,292.363724751,161.0
2020-12-02 09:45:00,292.489521473,292.771228418,291.483147696,292.489521473,47584.0
2020-12-02 10:00:00,292.159244365,293.062649396,292.04170457,292.314668886,45108.0
2020-12-02 10:15:00,292.392381147,292.819798581,291.760969028,291.935821615,21087.0
2020-12-02 10:30:00,291.935821615,292.076675088,290.449574628,291.348122643,21739.0
2020-12-02 10:45:00,291.469548051,291.469548051,290.385462013,290.624427215,24741.0
2020-12-02 11:00:00,290.624427215,290.64385528,290.138725585,290.152325231,17594.0
2020-12-02 11:15:00,290.216437846,291.760969028,289.944444933,291.071272714,31009.0
2020-12-02 11:30:00,290.925562225,291.274295995,290.595285117,290.993560453,22483.0
2020-12-02 11:45:00,290.983846421,291.942815719,290.915848193,291.585145038,23664.0
2020-12-02 12:00:00,291.445262969,291.6929708,290.983846421,291.249428072,17766.0
2020-12-02 12:15:00,291.352979659,291.382121757,290.016328774,290.430146563,17261.0
2020-12-02 12:30:00,290.371376666,290.799182661,289.925016868,290.556428987,10401.0
2020-12-02 12:45:00,290.430146563,290.645798086,289.274176684,289.818162509,31035.0
2020-12-02 13:00:00,289.750164281,289.847304607,289.225606521,289.740450248,25649.0
2020-12-02 13:15:00,289.643309922,289.89587477,289.604453792,289.604453792,21974.0
2020-12-02 13:30:00,289.701594118,289.837590574,289.594739759,289.735593232,21046.0
2020-12-02 13:45:00,289.730736216,290.022157194,289.614167825,289.721022183,32190.0
2020-12-02 14:00:00,289.776003608,289.824573771,289.390745075,289.526741531,13471.0
2020-12-02 14:15:00,289.526741531,289.759781173,289.313032814,289.449029271,13514.0
2020-12-02 14:30:00,289.488176822,289.827876542,289.381031042,289.740450248,17330.0
2020-12-02 14:45:00,289.67245202,289.876446705,289.526741531,289.793877428,21370.0
2020-12-02 15:00:00,289.677309037,289.954158966,289.677309037,289.89587477,34689.0
2020-12-02 15:15:00,289.89587477,289.9347309,289.565597662,289.680417527,13722.0
2020-12-02 15:30:00,289.759878314,290.255293976,289.623881857,289.983301063,20747.0
2020-12-02 15:45:00,289.954158966,290.818707867,289.759878314,290.818707867,32332.0
2020-12-02 16:00:00,290.838135932,290.838135932,289.721022183,290.284436074,86968.0
2020-12-02 16:15:00,290.226151878,290.226151878,290.226151878,290.226151878,14933.0
2020-12-03 09:45:00,290.614713182,292.275812756,290.177581715,291.858109354,34414.0
2020-12-03 10:00:00,292.00867686,292.275812756,291.571545393,291.979534762,18175.0
2020-12-03 10:15:00,292.032961941,292.722658255,291.813424804,291.813424804,33236.0
2020-12-03 10:30:00,291.939707228,293.422068602,291.838681289,293.300060353,34822.0
2020-12-03 10:45:00,293.315214244,293.519208928,292.615803897,293.471804449,33097.0
2020-12-03 11:00:00,293.363784407,293.548351026,292.907224875,293.319294138,38402.0
2020-12-03 11:15:00,293.363784407,293.363784407,292.755200265,292.994651168,23395.0
2020-12-03 11:30:00,293.033507299,293.626063287,292.897510842,293.237501983,25789.0
2020-12-03 11:45:00,293.218073918,294.412899927,292.907224875,294.335187666,61314.0
2020-12-03 12:00:00,294.42261396,294.840317361,293.460924733,294.082622819,31980.0
2020-12-03 12:15:00,294.087479835,294.400271685,293.655205385,294.145764031,22807.0
2020-12-03 12:30:00,294.189477178,294.306045569,293.703775548,294.16033508,22753.0
2020-12-03 12:45:00,294.053480721,294.403185895,293.606635222,293.63577732,18412.0
2020-12-03 13:00:00,293.606635222,294.228333308,293.363784407,293.830057971,18407.0
2020-12-03 13:15:00,293.703775548,293.888342167,293.033507299,293.363784407,21134.0
2020-12-03 13:30:00,293.295786179,293.572636108,292.66437406,293.344356342,27206.0
2020-12-03 13:45:00,293.402640537,293.694061515,293.198645853,293.392926505,19206.0
2020-12-03 14:00:00,293.528922961,293.820343939,293.363784407,293.63577732,13763.0
2020-12-03 14:15:00,293.558065059,294.539182351,293.558065059,294.374043797,19941.0
2020-12-03 14:30:00,294.276903471,295.177588573,294.233190324,295.177588573,20213.0
2020-12-03 14:45:00,295.160880437,295.160880437,294.820889296,295.024883981,16703.0
2020-12-03 15:00:00,295.07831116,295.355161089,294.956885753,295.131738339,25936.0
2020-12-03 15:15:00,295.102596242,295.408588268,294.581924094,295.408588268,27945.0
2020-12-03 15:30:00,295.296876893,296.035143371,295.092882209,296.035143371,31499.0
2020-12-03 15:45:00,295.976859175,296.006001273,294.23804734,294.942314704,64973.0
2020-12-03 16:00:00,294.879173492,295.685438197,293.946626363,294.762605101,129359.0
2020-12-03 16:15:00,294.752891068,294.752891068,294.752891068,294.752891068,31144.0
2020-12-03 17:00:00,294.752891068,294.752891068,294.752891068,294.752891068,1992.0
2020-12-04 09:45:00,295.335733024,296.107998615,294.451756058,295.505728594,29889.0
2020-12-04 10:00:00,295.772864491,296.996832598,295.452301415,296.70541162,24262.0
2020-12-04 10:15:00,296.661698473,297.686528912,296.43137876,296.637413392,29157.0
2020-12-04 10:30:00,296.53551319,297.851667466,296.404276609,297.49224826,24889.0
2020-12-04 10:45:00,297.511676325,297.919665694,297.327109706,297.832239401,15609.0
2020-12-04 11:00:00,297.929379727,298.385939259,297.618530684,297.997377955,18505.0
2020-12-04 11:15:00,298.143088444,298.455491732,297.67390067,297.759384157,16884.0
2020-12-04 11:30:00,297.744813108,298.01680602,297.249397445,297.433964065,20664.0
2020-12-04 11:45:00,297.618530684,298.220800705,297.511676325,297.981155521,14138.0
2020-12-04 12:00:00,297.919665694,298.220800705,297.667100847,297.919665694,15884.0
2020-12-04 12:15:00,297.905094646,298.210989532,297.667100847,297.667100847,19937.0
2020-12-04 12:30:00,297.657386814,297.861381499,297.210541315,297.764241173,20364.0
2020-12-04 12:45:00,297.764241173,297.868181322,297.346537771,297.374999887,18281.0
2020-12-04 13:00:00,297.307681641,297.783669238,297.215398331,297.424250032,14456.0
2020-12-04 13:15:00,297.424250032,298.010297619,297.414535999,297.749670124,14969.0
2020-12-04 13:30:00,297.726356446,297.909951662,297.45339213,297.696242945,9996.0
2020-12-04 13:45:00,297.71567101,297.880809564,297.336823739,297.45339213,22545.0
2020-12-04 14:00:00,297.501962293,297.586862938,297.165856765,297.336823739,18017.0
2020-12-04 14:15:00,297.259111478,297.696242945,297.239683413,297.472820195,14658.0
2020-12-04 14:30:00,297.463106162,297.822525369,297.288253576,297.594245602,16245.0
2020-12-04 14:45:00,297.594245602,297.992520939,297.472820195,297.739956091,20938.0
2020-12-04 15:00:00,297.744910248,297.773955206,297.064830826,297.424250032,27394.0
2020-12-04 15:15:00,297.482534228,298.507364667,297.395107934,298.444223455,37348.0
2020-12-04 15:30:00,298.55593483,298.89272034,298.269370868,298.793928628,37763.0
2020-12-04 15:45:00,298.76478653,298.76478653,297.929379727,298.575362895,37005.0
2020-12-04 16:00:00,298.512221683,298.842498791,298.092089773,298.298512966,118348.0
2020-12-04 16:15:00,298.444223455,298.444223455,298.444223455,298.444223455,15612.0
2020-12-04 17:15:00,298.444223455,298.444223455,298.444223455,298.444223455,3021.0
2020-12-04 18:00:00,298.444126314,298.444126314,298.444126314,298.444126314,162.0
2020-12-07 09:45:00,298.026520053,298.162516509,295.559155774,295.687089583,43950.0
2020-12-07 10:00:00,295.267734796,295.588297871,293.250907348,294.073297348,24654.0
2020-12-07 10:15:00,293.97576846,293.9874253,292.21752856,292.40209518,27161.0
2020-12-07 10:30:00,292.392381147,292.66427692,291.712398865,292.251527675,23209.0
2020-12-07 10:45:00,292.198100495,292.198100495,291.178127073,291.420977888,37455.0
2020-12-07 11:00:00,291.246125301,291.345208433,290.64385528,291.070301311,31789.0
2020-12-07 11:15:00,291.323837562,292.246573518,291.226794376,291.488976116,27009.0
2020-12-07 11:30:00,291.578442356,291.91639355,291.323837562,291.615258539,14902.0
2020-12-07 11:45:00,291.722112898,292.198100495,291.43069192,292.091246137,24167.0
2020-12-07 12:00:00,292.043161675,292.66437406,291.712398865,292.66437406,20759.0
2020-12-07 12:15:00,292.547805669,292.800370516,292.21752856,292.610946881,12917.0
2020-12-07 12:30:00,292.314668886,292.460379375,291.298386796,291.87753742,37253.0
2020-12-07 12:45:00,291.873846087,291.873846087,291.275267399,291.294695464,14777.0
2020-12-07 13:00:00,291.26069635,291.352979659,290.692425443,290.713796315,16013.0
2020-12-07 13:15:00,290.64385528,290.672997378,289.866732672,290.002729129,31233.0
2020-12-07 13:30:00,289.798734444,290.77499472,289.759878314,290.478716726,16472.0
2020-12-07 13:45:00,290.352434302,291.090700779,290.245579943,290.527189748,17432.0
2020-12-07 14:00:00,290.566143019,290.932556329,290.257722484,290.257722484,15925.0
2020-12-07 14:15:00,290.371862367,290.546617814,289.963872998,290.313578172,20224.0
2020-12-07 14:30:00,290.333006237,290.838135932,290.216437846,290.838135932,18671.0
2020-12-07 14:45:00,290.731281573,291.226697236,290.558857495,290.705442247,18256.0
2020-12-07 15:00:00,290.596062239,290.828421899,290.352434302,290.534863834,26655.0
2020-12-07 15:15:00,290.498144791,291.100414812,290.459288661,291.100414812,26830.0
2020-12-07 15:30:00,291.093517849,291.906679517,291.032416584,291.6929708,30528.0
2020-12-07 15:45:00,291.6929708,292.343810984,291.547260311,291.634686605,33913.0
2020-12-07 16:00:00,291.498690148,292.538091636,291.192698122,292.40209518,92191.0
2020-12-07 16:15:00,292.392381147,292.392381147,292.392381147,292.392381147,7433.0
2020-12-07 17:00:00,291.420977888,291.420977888,291.420977888,291.420977888,130.0
2020-12-07 18:15:00,292.450665343,292.450665343,292.450665343,292.450665343,991.0
2020-12-07 20:00:00,292.392381147,292.392381147,292.392381147,292.392381147,100.0
2020-12-08 07:15:00,292.392381147,292.392381147,292.392381147,292.392381147,111.0
2020-12-08 08:15:00,292.392381147,292.392381147,292.392381147,292.392381147,266.0
2020-12-08 09:45:00,292.159244365,296.83655106,291.809636332,296.379602967,76999.0
2020-12-08 10:00:00,296.452846772,299.813902051,296.277022782,298.609362009,48930.0
2020-12-08 10:15:00,298.521935715,299.371913568,297.026460397,298.113946346,38852.0
2020-12-08 10:30:00,298.298512966,298.298512966,295.96044246,295.96044246,20509.0
2020-12-08 10:45:00,295.821434654,295.956459707,295.228878665,295.836005703,22715.0
2020-12-08 11:00:00,295.95743111,295.95743111,295.287162861,295.287162861,10678.0
2020-12-08 11:15:00,295.43287335,295.549441741,293.944974977,293.995196526,15059.0
2020-12-08 11:30:00,293.956340395,293.956340395,293.05779238,293.456067716,25526.0
2020-12-08 11:45:00,293.441496668,293.876393907,292.44095131,292.552662685,38060.0
2020-12-08 12:00:00,292.654660027,293.503666476,292.654660027,293.334642309,21778.0
2020-12-08 12:15:00,293.247216016,293.286072146,292.693516158,292.955795038,27145.0
2020-12-08 12:30:00,292.96550907,293.694061515,292.722658255,293.480352798,12074.0
2020-12-08 12:45:00,293.480352798,294.246595689,293.198645853,294.246595689,11169.0
2020-12-08 13:00:00,294.208905243,294.257475406,293.470638765,293.552722341,12214.0
2020-12-08 13:15:00,293.441496668,293.810629906,293.436639651,293.771773776,10660.0
2020-12-08 13:30:00,293.723203613,293.946626363,293.480352798,293.946626363,17201.0
2020-12-08 13:45:00,293.966054428,293.966054428,292.975223103,293.082077462,17713.0
2020-12-08 14:00:00,293.062649396,293.567779091,292.96550907,293.101505527,17350.0
2020-12-08 14:15:00,293.101505527,293.20981699,292.256384691,292.489521473,23002.0
2020-12-08 14:30:00,292.751800353,292.751800353,292.044327359,292.1398163,29028.0
2020-12-08 14:45:00,292.21752856,293.159789722,292.168958397,292.742086321,29828.0
2020-12-08 15:00:00,292.742086321,292.955795038,292.547805669,292.829512614,15221.0
2020-12-08 15:15:00,292.657574237,292.829512614,292.547805669,292.654660027,15825.0
2020-12-08 15:30:00,292.70323019,293.140361657,292.586661799,293.067506413,15735.0
2020-12-08 15:45:00,293.067506413,293.88338801,293.067506413,293.504637879,28082.0
2020-12-08 16:00:00,293.499780863,293.499780863,292.852826292,293.344356342,80341.0
2020-12-08 16:15:00,293.324928276,293.324928276,293.324928276,293.324928276,23427.0
2020-12-09 09:00:00,297.443678097,297.443678097,294.820889296,294.820889296,1958.0
2020-12-09 09:45:00,293.499780863,295.044312046,292.878082777,293.082077462,41744.0
2020-12-09 10:00:00,293.305500211,293.616349254,291.838681289,291.838681289,33520.0
2020-12-09 10:15:00,291.751254996,293.820343939,291.488976116,292.955795038,25442.0
2020-12-09 10:30:00,292.98338289,293.101505527,291.790111126,292.324382919,18553.0
2020-12-09 10:45:00,292.596375832,293.441496668,292.363239049,292.984937136,14626.0
2020-12-09 11:00:00,292.994651168,292.994651168,292.377810098,292.678945109,17212.0
2020-12-09 11:15:00,292.810084549,292.980080119,292.382667115,292.44095131,19878.0
2020-12-09 11:30:00,292.44095131,293.757202727,292.44095131,293.309482965,22191.0
2020-12-09 11:45:00,293.140361657,293.392926505,292.761514386,293.062649396,19095.0
2020-12-09 12:00:00,293.198645853,293.286072146,292.431237278,292.858654712,16675.0
2020-12-09 12:15:00,292.751800353,292.936366973,292.411809212,292.683802125,10377.0
2020-12-09 12:30:00,292.66437406,293.067506413,292.528377604,292.57209075,9173.0
2020-12-09 12:45:00,292.528377604,293.174360771,292.382667115,293.174360771,7824.0
2020-12-09 13:00:00,293.256930048,294.037355427,293.256930048,293.436639651,13726.0
2020-12-09 13:15:00,293.22778795,293.276358113,292.732372288,292.775114031,9079.0
2020-12-09 13:30:00,292.751800353,293.086934478,292.382667115,293.004365201,14130.0
2020-12-09 13:45:00,292.810084549,293.490066831,292.674088092,293.436639651,16246.0
2020-12-09 14:00:00,293.499780863,293.499780863,292.946081005,293.18893182,12515.0
2020-12-09 14:15:00,293.344356342,293.791201841,293.140361657,293.567779091,17610.0
2020-12-09 14:30:00,293.596921189,294.548896384,293.509494896,294.548896384,11335.0
2020-12-09 14:45:00,294.364329764,294.64603671,294.072908786,294.364329764,35458.0
2020-12-09 15:00:00,294.442042025,294.903555714,293.587207157,293.917484265,20307.0
2020-12-09 15:15:00,294.06805177,294.476915402,293.344356342,294.450784654,18623.0
2020-12-09 15:30:00,294.42261396,294.548896384,294.102050884,294.267189438,21606.0
2020-12-09 15:45:00,294.208905243,295.160880437,294.179763145,295.122024307,31209.0
2020-12-09 16:00:00,295.180308502,295.99628724,294.510040253,295.034598013,131944.0
2020-12-09 16:15:00,295.044312046,295.044312046,295.044312046,295.044312046,42321.0
2020-12-10 08:15:00,294.820889296,295.063740111,294.820889296,295.063740111,266.0
2020-12-10 09:45:00,293.460924733,296.92883437,293.460924733,296.073902361,61744.0
2020-12-10 10:00:00,295.549441741,296.948262435,294.791747198,296.345992414,33117.0
2020-12-10 10:15:00,296.268280153,296.656841457,294.888887524,295.044312046,34451.0
2020-12-10 10:30:00,295.044312046,295.384303187,292.640088978,292.829512614,22272.0
2020-12-10 10:45:00,293.091791494,293.091791494,291.741540963,291.896965485,15844.0
2020-12-10 11:00:00,292.003819843,292.858654712,291.712398865,292.518663571,22216.0
2020-12-10 11:15:00,292.66437406,293.587207157,292.460379375,292.460379375,12949.0
2020-12-10 11:30:00,292.44095131,292.654660027,291.770683061,291.858109354,18213.0
2020-12-10 11:45:00,291.712398865,292.392381147,291.352979659,292.194117742,33964.0
2020-12-10 12:00:00,292.120388235,292.382667115,291.853252338,292.256384691,7571.0
2020-12-10 12:15:00,292.130102267,292.547805669,291.906679517,292.459116551,11680.0
2020-12-10 12:30:00,292.536731672,292.890711019,292.528377604,292.737229304,11407.0
2020-12-10 12:45:00,292.722658255,293.014079233,292.392381147,292.538091636,9334.0
2020-12-10 13:00:00,292.431237278,292.431237278,291.605544507,291.615258539,15371.0
2020-12-10 13:15:00,291.663828702,291.726969914,291.314123529,291.323837562,18396.0
2020-12-10 13:30:00,291.372407725,291.673542735,291.100414812,291.255839333,24216.0
2020-12-10 13:45:00,291.255839333,291.255839333,290.449574628,290.862421013,25400.0
2020-12-10 14:00:00,290.838135932,290.86727803,290.284436074,290.556428987,19658.0
2020-12-10 14:15:00,290.595285117,290.847849964,290.051299291,290.172724699,17547.0
2020-12-10 14:30:00,290.129011552,290.274722041,289.866732672,290.15815365,17487.0
2020-12-10 14:45:00,290.129011552,290.255293976,289.711308151,289.798734444,20445.0
2020-12-10 15:00:00,289.798734444,290.231008895,289.363254363,289.623881857,28133.0
2020-12-10 15:15:00,289.662737988,290.031871226,289.648166939,289.827876542,26148.0
2020-12-10 15:30:00,289.779306379,290.294150106,289.759878314,289.9347309,27780.0
2020-12-10 15:45:00,289.9347309,290.177581715,289.37131701,289.468457336,51851.0
2020-12-10 16:00:00,289.497599434,290.449574628,289.478171368,289.89587477,88897.0
2020-12-10 16:15:00,289.89587477,289.89587477,289.89587477,289.89587477,235442.0
2020-12-11 07:15:00,289.478171368,289.478171368,289.478171368,289.478171368,171.0
2020-12-11 09:00:00,289.487885401,289.487885401,289.487885401,289.487885401,200.0
2020-12-11 09:15:00,289.487885401,289.487885401,289.487885401,289.487885401,181.0
2020-12-11 09:45:00,289.555883629,290.196329798,288.701048761,289.512170482,42894.0
2020-12-11 10:00:00,289.390745075,289.390745075,287.438224523,288.759332956,23951.0
2020-12-11 10:15:00,288.914660337,289.740450248,288.147348903,288.176491,33449.0
2020-12-11 10:30:00,288.225061163,288.84675925,287.753930582,288.837045217,30631.0
2020-12-11 10:45:00,288.807903119,289.643309922,288.186205033,289.439315238,25965.0
2020-12-11 11:00:00,289.551803735,290.138725585,289.41017314,290.138725585,34144.0
2020-12-11 11:15:00,290.137657041,290.216049284,289.657880971,289.745307265,38865.0
2020-12-11 11:30:00,289.827876542,290.274722041,288.769046989,288.769046989,21627.0
2020-12-11 11:45:00,288.84675925,288.992469739,288.09877874,288.26877431,24610.0
2020-12-11 12:00:00,288.186205033,288.26877431,287.632505175,287.642219208,24862.0
2020-12-11 12:15:00,287.603363077,287.603363077,286.806812404,286.806812404,28735.0
2020-12-11 12:30:00,286.758242241,287.423653474,286.612531752,287.423653474,26119.0
2020-12-11 12:45:00,287.331370165,287.923926153,287.331370165,287.778215664,28805.0
2020-12-11 13:00:00,287.802500745,289.852161623,287.802500745,289.254748619,29318.0
2020-12-11 13:15:00,289.2790337,290.031871226,289.023554643,289.944347793,20216.0
2020-12-11 13:30:00,289.818162509,290.750709638,289.818162509,290.546714954,20723.0
2020-12-11 13:45:00,290.723996049,290.740995606,290.283464671,290.323292204,18747.0
2020-12-11 14:00:00,290.323292204,292.596375832,290.185352941,292.268527232,40855.0
2020-12-11 14:15:00,292.372953082,292.44095131,291.87753742,292.191203532,31695.0
2020-12-11 14:30:00,292.256384691,292.363239049,290.94499029,291.003274486,25369.0
2020-12-11 14:45:00,291.061558682,291.615258539,290.954704323,291.615258539,19284.0
2020-12-11 15:00:00,291.620115556,291.974677746,291.450119985,291.450119985,18394.0
2020-12-11 15:15:00,291.39183579,291.542403295,290.821622076,291.246125301,23796.0
2020-12-11 15:30:00,291.255839333,291.858109354,291.062530085,291.246125301,25254.0
2020-12-11 15:45:00,291.226697236,291.663828702,291.163556024,291.420977888,21816.0
2020-12-11 16:00:00,291.372407725,291.984391778,291.003274486,291.964963713,100214.0
2020-12-11 16:15:00,291.974677746,291.974677746,291.974677746,291.974677746,7590.0
2020-12-11 16:30:00,291.974677746,291.984391778,291.974677746,291.974677746,363.0
2020-12-14 09:30:00,293.120933592,293.120933592,293.120933592,293.120933592,733.0
2020-12-14 09:45:00,293.344356342,293.470638765,290.833278915,293.130841905,52975.0
2020-12-14 10:00:00,293.004365201,294.140907015,292.44095131,294.019481607,27634.0
2020-12-14 10:15:00,293.8980562,294.714034938,293.480352798,293.660062401,27545.0
2020-12-14 10:30:00,293.528922961,294.16033508,293.091791494,293.764488251,13460.0
2020-12-14 10:45:00,293.927198297,294.699463889,293.592064173,294.563467432,18138.0
2020-12-14 11:00:00,294.442042025,294.471184123,293.742631678,293.849486037,18924.0
2020-12-14 11:15:00,293.839772004,294.19919121,293.130647625,293.19786873,24845.0
2020-12-14 11:30:00,293.247216016,293.363784407,292.343810984,292.377810098,25434.0
2020-12-14 11:45:00,292.489521473,292.499235506,291.498690148,291.799825159,14272.0
2020-12-14 12:00:00,291.615258539,292.528377604,291.284981431,291.498690148,19176.0
2020-12-14 12:15:00,291.493833132,292.392381147,291.382121757,292.353525017,33507.0
2020-12-14 12:30:00,292.353525017,292.848940679,292.149530332,292.848940679,22082.0
2020-12-14 12:45:00,292.848940679,292.848940679,292.149530332,292.149530332,11107.0
2020-12-14 13:00:00,292.105817186,292.198100495,291.488976116,292.062104039,13034.0
2020-12-14 13:15:00,292.120388235,292.839226647,292.120388235,292.674088092,9865.0
2020-12-14 13:30:00,292.659517044,292.687104896,292.372953082,292.470093408,8527.0
2020-12-14 13:45:00,292.479807441,292.620660913,292.130102267,292.227242593,13036.0
2020-12-14 14:00:00,292.285526789,292.411809212,291.887251452,292.343810984,10136.0
2020-12-14 14:15:00,292.353525017,292.363239049,291.441377356,291.441377356,10366.0
2020-12-14 14:30:00,291.488976116,291.643332094,290.672997378,290.672997378,17567.0
2020-12-14 14:45:00,290.847849964,290.847849964,290.15815365,290.488430758,14896.0
2020-12-14 15:00:00,290.600142133,291.187841105,290.430146563,291.187841105,19780.0
2020-12-14 15:15:00,291.187841105,291.197555138,290.634141247,290.702139475,11411.0
2020-12-14 15:30:00,290.634141247,291.051844649,290.449574628,290.750709638,24168.0
2020-12-14 15:45:00,290.692425443,290.750709638,289.915302835,289.983301063,33035.0
2020-12-14 16:00:00,289.973587031,290.371862367,289.478171368,289.478171368,106694.0
2020-12-14 16:15:00,289.478171368,289.478171368,289.478171368,289.478171368,4620.0
2020-12-15 08:15:00,294.28856031,294.28856031,294.28856031,294.28856031,103.0
2020-12-15 09:00:00,291.420977888,291.420977888,291.420977888,291.420977888,100.0
2020-12-15 09:30:00,290.459288661,290.459288661,290.459288661,290.459288661,275.0
2020-12-15 09:45:00,289.808448477,290.799279801,289.235320553,290.177581715,38033.0
2020-12-15 10:00:00,290.061013324,290.206723813,289.332460879,290.061013324,30018.0
2020-12-15 10:15:00,289.798734444,291.314123529,289.589882743,290.624427215,18388.0
2020-12-15 10:30:00,290.857563997,291.265553366,289.798734444,289.963872998,23029.0
2020-12-15 10:45:00,289.939587917,290.187295748,289.487885401,289.789020411,18466.0
2020-12-15 11:00:00,289.905588803,290.925562225,289.730736216,290.925562225,19228.0
2020-12-15 11:15:00,290.770137704,291.051844649,290.439860595,290.449574628,22684.0
2020-12-15 11:30:00,290.449574628,290.940521835,290.187295748,290.711853508,16217.0
2020-12-15 11:45:00,290.556428987,290.716710524,289.876446705,290.095012438,20184.0
2020-12-15 12:00:00,290.041585259,290.604124887,289.963872998,290.284436074,38753.0
2020-12-15 12:15:00,290.313578172,290.313578172,289.769592346,289.900731786,14214.0
2020-12-15 12:30:00,290.012443161,290.051299291,289.798734444,289.973587031,27340.0
2020-12-15 12:45:00,289.973587031,290.770137704,289.973587031,290.729047346,21214.0
2020-12-15 13:00:00,290.706996492,291.887251452,290.706996492,291.722112898,15023.0
2020-12-15 13:15:00,291.731826931,292.062104039,291.513261197,291.867823387,18091.0
2020-12-15 13:30:00,291.945535648,292.062104039,291.624972572,291.765826045,12844.0
2020-12-15 13:45:00,291.590973458,291.707541849,291.003274486,291.003274486,19835.0
2020-12-15 14:00:00,291.100414812,291.420977888,290.974132388,291.314123529,18353.0
2020-12-15 14:15:00,291.352979659,291.597870421,290.847849964,291.581259425,44162.0
2020-12-15 14:30:00,291.727941318,291.906679517,291.382121757,291.615258539,46224.0
2020-12-15 14:45:00,291.751254996,291.906679517,291.65411467,291.872680403,28439.0
2020-12-15 15:00:00,291.838681289,291.906679517,290.672997378,290.993560453,24883.0
2020-12-15 15:15:00,291.119842877,291.16841304,290.575857052,290.575857052,17988.0
2020-12-15 15:30:00,290.64385528,290.969275372,290.415575514,290.459288661,16448.0
2020-12-15 15:45:00,290.473859709,290.532143905,290.090155422,290.498144791,31102.0
2020-12-15 16:00:00,290.449574628,290.604999149,289.711308151,289.973587031,131291.0
2020-12-15 16:15:00,289.973587031,291.420977888,289.973587031,291.323837562,10761.0
2020-12-15 16:30:00,290.449574628,290.449574628,289.973587031,289.973587031,1950.0
2020-12-16 09:30:00,292.382667115,292.819798581,292.382667115,292.819798581,605.0
2020-12-16 09:45:00,291.828967257,293.344356342,290.750709638,291.712398865,85455.0
2020-12-16 10:00:00,291.741540963,293.558065059,291.537546279,293.558065059,39352.0
2020-12-16 10:15:00,293.526008751,293.528922961,291.952432611,291.952432611,38070.0
2020-12-16 10:30:00,292.100960169,293.133076133,291.537546279,292.382667115,18299.0
2020-12-16 10:45:00,292.382667115,292.596375832,291.401549822,292.062104039,24063.0
2020-12-16 11:00:00,292.216460017,292.392381147,291.65411467,292.149530332,20244.0
2020-12-16 11:15:00,292.236956626,293.363784407,292.032961941,292.771228418,20310.0
2020-12-16 11:30:00,292.902367858,293.136767465,292.62551793,292.70323019,13254.0
2020-12-16 11:45:00,292.712944223,293.67473059,292.450665343,293.145218673,25186.0
2020-12-16 12:00:00,293.253044435,293.253044435,292.056275619,292.450665343,18186.0
2020-12-16 12:15:00,292.576947767,292.897510842,292.081532104,292.304954854,10668.0
2020-12-16 12:30:00,292.382667115,292.460379375,292.071818072,292.363239049,15166.0
2020-12-16 12:45:00,292.363239049,292.62551793,291.887251452,291.887251452,11091.0
2020-12-16 13:00:00,291.974677746,292.431237278,291.751254996,292.149530332,15818.0
2020-12-16 13:15:00,292.236956626,292.528377604,292.17867243,292.343810984,10850.0
2020-12-16 13:30:00,292.382667115,292.62551793,292.120388235,292.615803897,12282.0
2020-12-16 13:45:00,292.712944223,292.712944223,292.032961941,292.168958397,14212.0
2020-12-16 14:00:00,292.17867243,292.17867243,291.420977888,291.664800106,27534.0
2020-12-16 14:15:00,291.819253224,292.275812756,291.012988519,292.120388235,70676.0
2020-12-16 14:30:00,292.071818072,292.591518815,291.935821615,292.353525017,18010.0
2020-12-16 14:45:00,292.596375832,293.465781749,292.528377604,293.383212472,35657.0
2020-12-16 15:00:00,293.422068602,294.383757829,293.315214244,294.344901699,35026.0
2020-12-16 15:15:00,294.340044683,294.772319133,293.995779368,294.68489284,32181.0
2020-12-16 15:30:00,294.820889296,295.384303187,294.782033166,295.063740111,25912.0
2020-12-16 15:45:00,294.94717172,295.2094506,294.490612188,294.782033166,27852.0
2020-12-16 16:00:00,294.782033166,294.966599785,293.256930048,293.499780863,94107.0
2020-12-16 16:15:00,293.373498439,293.373498439,293.373498439,293.373498439,13354.0
2020-12-16 16:30:00,292.183529446,292.183529446,292.183529446,292.183529446,11012.0
2020-12-17 09:45:00,293.626063287,295.598011904,293.284032199,293.470638765,40674.0
2020-12-17 10:00:00,293.567779091,295.326018991,293.441496668,295.326018991,36570.0
2020-12-17 10:15:00,295.6562961,296.025429338,294.743177035,295.607725937,27377.0
2020-12-17 10:30:00,295.627154002,297.025974696,295.313293609,296.860836141,27051.0
2020-12-17 10:45:00,296.882401294,297.705956977,296.763695816,297.572874731,25854.0
2020-12-17 11:00:00,297.526247374,298.211086672,295.821434654,295.821434654,63142.0
2020-12-17 11:15:00,296.093427566,296.093427566,294.374140937,294.612037595,24719.0
2020-12-17 11:30:00,294.733463003,295.010312932,293.548351026,293.558065059,38506.0
2020-12-17 11:45:00,293.606635222,293.67463345,292.761514386,293.548351026,36485.0
2020-12-17 12:00:00,293.742631678,294.111764917,293.363784407,293.684347482,14158.0
2020-12-17 12:15:00,293.616349254,294.16033508,293.436639651,294.058337737,13037.0
2020-12-17 12:30:00,294.004910558,294.053480721,293.159789722,293.291414864,14548.0
2020-12-17 12:45:00,293.198645853,293.237501983,292.844083663,293.048078347,12612.0
2020-12-17 13:00:00,293.130647625,293.781390668,293.038364315,293.703775548,20543.0
2020-12-17 13:15:00,293.689204499,294.179763145,293.572636108,294.034052656,11626.0
2020-12-17 13:30:00,294.02919564,294.451756058,293.868914102,294.42261396,12500.0
2020-12-17 13:45:00,294.383757829,294.495469204,293.606635222,293.606635222,13023.0
2020-12-17 14:00:00,293.592064173,294.655750742,293.480352798,294.548896384,18981.0
2020-12-17 14:15:00,294.672070317,295.058883095,293.868914102,294.90831559,18595.0
2020-12-17 14:30:00,294.801461231,294.845174378,294.189477178,294.223476292,19569.0
2020-12-17 14:45:00,294.281760487,294.743177035,293.752345711,293.791201841,27544.0
2020-12-17 15:00:00,293.917484265,294.004910558,292.780942451,292.878082777,20707.0
2020-12-17 15:15:00,292.868368744,292.868368744,292.188386463,292.538091636,29234.0
2020-12-17 15:30:00,292.450665343,293.249255963,292.372953082,293.249255963,22366.0
2020-12-17 15:45:00,293.218073918,293.247216016,292.125245251,292.275812756,45864.0
2020-12-17 16:00:00,292.275812756,292.372953082,291.100414812,292.1398163,177098.0
2020-12-17 16:15:00,292.081532104,292.081532104,292.081532104,292.081532104,137606.0
2020-12-17 16:30:00,292.100960169,292.100960169,292.100960169,292.100960169,150.0
2020-12-18 08:30:00,292.081532104,292.081532104,292.081532104,292.081532104,2534.0
2020-12-18 09:30:00,292.392381147,292.392381147,292.392381147,292.392381147,174.0
2020-12-18 09:45:00,292.003819843,294.500326221,290.653569312,293.84462902,299248.0
2020-12-18 10:00:00,293.922341281,294.607180579,293.208359885,294.524611302,48402.0
2020-12-18 10:15:00,294.675178807,295.073454144,293.664919417,294.16645492,37415.0
2020-12-18 10:30:00,294.184620161,294.60737486,293.300837476,293.558065059,55192.0
2020-12-18 10:45:00,293.490066831,293.992476596,293.242358999,293.864057086,42415.0
2020-12-18 11:00:00,293.907770232,294.072908786,293.120933592,293.84462902,16220.0
2020-12-18 11:15:00,293.839772004,294.267189438,293.363784407,293.626063287,17777.0
2020-12-18 11:30:00,293.480352798,295.063740111,293.363784407,294.64603671,50166.0
2020-12-18 11:45:00,294.641179693,294.772319133,293.528922961,293.655205385,25198.0
2020-12-18 12:00:00,293.630920303,294.820889296,293.587207157,294.286617503,77261.0
2020-12-18 12:15:00,294.267189438,294.714034938,294.150621047,294.639722588,12605.0
2020-12-18 12:30:00,294.665464775,295.022164052,294.082622819,294.111764917,12316.0
2020-12-18 12:45:00,293.907770232,294.46147009,293.664919417,294.189477178,14627.0
2020-12-18 13:00:00,294.102050884,294.247761373,293.334642309,293.907770232,12385.0
2020-12-18 13:15:00,293.96080885,293.96080885,292.878082777,293.077220445,15029.0
2020-12-18 13:30:00,293.101505527,293.111219559,292.683802125,292.751800353,10881.0
2020-12-18 13:45:00,292.761514386,292.780942451,292.054818514,292.324382919,18847.0
2020-12-18 14:00:00,292.2768813,292.411809212,291.91639355,292.188386463,15542.0
2020-12-18 14:15:00,292.149530332,292.149530332,291.615258539,291.760969028,18816.0
2020-12-18 14:30:00,291.809539191,291.809539191,291.100414812,291.333551594,24673.0
2020-12-18 14:45:00,291.381150354,291.518118214,290.94499029,291.235731286,21028.0
2020-12-18 15:00:00,291.16841304,291.892108468,291.090700779,291.459834018,35000.0
2020-12-18 15:15:00,291.411263855,291.906679517,291.411263855,291.828967257,31201.0
2020-12-18 15:30:00,291.804682175,292.023247909,291.53502063,292.023247909,27371.0
2020-12-18 15:45:00,292.149530332,294.432327992,292.149530332,294.432327992,49880.0
2020-12-18 16:00:00,294.412899927,296.239138055,293.917484265,294.46147009,257643.0
2020-12-18 16:15:00,294.46147009,294.46147009,294.46147009,294.46147009,135721.0
2020-12-18 16:30:00,294.432327992,294.46147009,294.432327992,294.46147009,6058.0
2020-12-18 17:15:00,294.918029622,294.918029622,294.918029622,294.918029622,300.0
2020-12-21 08:15:00,290.457928696,290.457928696,290.457928696,290.457928696,175.0
2020-12-21 09:00:00,294.46147009,294.46147009,294.46147009,294.46147009,11313.0
2020-12-21 09:45:00,290.478716726,291.333551594,286.767956274,286.952522893,77660.0
2020-12-21 10:00:00,286.894238698,287.661647273,286.262826579,286.476535296,54093.0
2020-12-21 10:15:00,286.34053884,287.428510491,284.388018288,287.175945643,64908.0
2020-12-21 10:30:00,287.117661447,287.486794686,284.927147097,285.961691568,34797.0
2020-12-21 10:45:00,285.786838982,287.054228815,285.650842525,287.054228815,26153.0
2020-12-21 11:00:00,286.894238698,287.107947415,286.15597222,287.107947415,20685.0
2020-12-21 11:15:00,286.933094828,288.749618924,286.811669421,288.565052304,22360.0
2020-12-21 11:30:00,288.632953392,288.883186872,288.030780511,288.17940521,25573.0
2020-12-21 11:45:00,288.147348903,289.439315238,288.147348903,289.075039016,25968.0
2020-12-21 12:00:00,289.177036358,290.148439617,289.138180227,289.806894231,13172.0
2020-12-21 12:15:00,289.779306379,290.041585259,288.817617152,289.381031042,8366.0
2020-12-21 12:30:00,289.593379795,290.104726471,289.593379795,289.993015096,8527.0
2020-12-21 12:45:00,290.002729129,290.002729129,289.332460879,289.37131701,11015.0
2020-12-21 13:00:00,289.449029271,290.439860595,289.449029271,289.9347309,15820.0
2020-12-21 13:15:00,289.900731786,290.160873579,289.439315238,289.662737988,12620.0
2020-12-21 13:30:00,289.604453792,289.614167825,288.973041673,289.128466195,19422.0
2020-12-21 13:45:00,289.060467967,289.512170482,288.88561538,289.512170482,21175.0
2020-12-21 14:00:00,289.468457336,289.623881857,289.050753934,289.322746847,23407.0
2020-12-21 14:15:00,289.288747733,289.288747733,288.215347131,288.477723151,33512.0
2020-12-21 14:30:00,288.516482141,289.264462651,288.263917294,289.118752162,19752.0
2020-12-21 14:45:00,289.041039901,289.133323211,288.545624239,288.6233365,20263.0
2020-12-21 15:00:00,288.652478598,288.837045217,287.83649986,287.83649986,22608.0
2020-12-21 15:15:00,287.991924381,288.739904891,287.991924381,288.739904891,17959.0
2020-12-21 15:30:00,288.633050532,288.739904891,288.254203261,288.579623353,17554.0
2020-12-21 15:45:00,288.66219263,288.66219263,287.263371936,287.826785827,58943.0
2020-12-21 16:00:00,287.778215664,289.225606521,287.710217436,288.943899576,127729.0
2020-12-21 16:15:00,289.099324097,289.458743303,289.099324097,289.458743303,169538.0
2020-12-22 09:30:00,288.341629555,288.341629555,288.341629555,288.341629555,188.0
2020-12-22 09:45:00,288.934185543,288.934185543,287.069091284,287.069091284,42425.0
2020-12-22 10:00:00,286.991379024,287.729645501,286.384251986,286.644393779,28673.0
2020-12-22 10:15:00,286.588246671,287.525650816,286.291968677,286.933094828,25359.0
2020-12-22 10:30:00,286.95737991,287.525650816,286.77281329,286.908809747,25501.0
2020-12-22 10:45:00,286.952522893,287.545078882,286.743671192,287.16623161,42491.0
2020-12-22 11:00:00,287.205087741,288.224284041,287.137089513,287.535364849,24513.0
2020-12-22 11:15:00,287.564506947,287.817071794,287.365369279,287.632505175,29195.0
2020-12-22 11:30:00,287.525650816,287.671361305,287.107947415,287.21965879,15418.0
2020-12-22 11:45:00,287.253657904,287.785015487,287.137089513,287.65193324,20592.0
2020-12-22 12:00:00,287.554792914,287.817266075,287.341084197,287.409082425,14557.0
2020-12-22 12:15:00,287.360512262,287.632505175,287.360512262,287.564506947,15671.0
2020-12-22 12:30:00,287.608220094,288.39991375,287.496508719,287.855927925,22789.0
2020-12-22 12:45:00,287.904498088,288.059922609,287.826785827,287.972496316,23521.0
2020-12-22 13:00:00,288.00649543,288.186205033,287.821928811,288.030780511,21357.0
2020-12-22 13:15:00,288.038260317,288.314333123,287.83649986,288.195919066,14411.0
2020-12-22 13:30:00,288.195919066,288.39991375,287.982210348,288.108492772,46819.0
2020-12-22 13:45:00,288.127920837,288.599051418,288.127920837,288.526196174,19835.0
2020-12-22 14:00:00,288.506768109,288.603908435,288.263917294,288.555338272,23948.0
2020-12-22 14:15:00,288.56378948,288.851616266,288.040494544,288.749618924,15978.0
2020-12-22 14:30:00,288.749618924,288.934185543,288.6233365,288.827331184,18254.0
2020-12-22 14:45:00,288.837045217,289.298461765,288.574863477,288.705905777,21155.0
2020-12-22 15:00:00,288.730190858,289.177036358,288.438769881,288.594194402,21385.0
2020-12-22 15:15:00,288.730190858,288.837045217,288.166776968,288.195919066,22847.0
2020-12-22 15:30:00,288.263917294,288.263917294,287.671361305,287.749073566,22708.0
2020-12-22 15:45:00,287.753930582,287.756359091,287.413939442,287.57732947,28154.0
2020-12-22 16:00:00,287.642219208,288.477626011,287.515936784,287.749073566,96376.0
2020-12-22 16:15:00,287.846213892,287.846213892,287.846213892,287.846213892,59683.0
2020-12-22 18:15:00,287.846213892,287.846213892,287.846213892,287.846213892,1539.0
2020-12-23 09:45:00,289.759878314,291.906679517,289.050753934,291.606224489,37133.0
2020-12-23 10:00:00,291.906679517,293.101505527,291.605544507,292.790656484,29517.0
2020-12-23 10:15:00,292.810084549,293.830057971,292.479807441,293.324928276,30578.0
2020-12-23 10:30:00,293.436639651,293.519208928,292.508949538,292.528377604,18111.0
2020-12-23 10:45:00,292.431237278,293.077220445,292.17867243,292.751800353,16213.0
2020-12-23 11:00:00,292.819798581,293.490066831,292.499235506,293.266644081,16022.0
2020-12-23 11:15:00,293.373498439,293.849486037,292.975223103,293.771773776,15417.0
2020-12-23 11:30:00,293.587304297,293.71348958,293.062649396,293.307928719,18193.0
2020-12-23 11:45:00,293.344356342,293.460924733,292.722658255,293.227399389,19646.0
2020-12-23 12:00:00,293.133076133,293.732917645,292.761514386,293.707175459,16669.0
2020-12-23 12:15:00,293.684347482,294.063194754,293.431782635,294.063194754,17101.0
2020-12-23 12:30:00,294.034052656,294.179763145,293.752345711,293.752345711,13298.0
2020-12-23 12:45:00,293.480352798,293.888342167,293.338819343,293.723203613,13114.0
2020-12-23 13:00:00,293.732917645,293.732917645,293.101505527,293.198645853,14831.0
2020-12-23 13:15:00,293.174360771,293.359898794,293.023793266,293.305500211,11300.0
2020-12-23 13:30:00,293.305500211,293.305500211,292.518663571,292.644945995,7697.0
2020-12-23 13:45:00,292.518663571,292.66437406,291.984391778,292.134959283,13878.0
2020-12-23 14:00:00,292.081532104,292.363239049,291.87753742,292.042675974,7886.0
2020-12-23 14:15:00,292.003819843,292.232099609,291.838681289,292.1398163,8689.0
2020-12-23 14:30:00,292.003819843,292.003819843,291.741540963,292.003819843,10250.0
2020-12-23 14:45:00,291.994105811,292.722658255,291.896965485,292.576947767,27272.0
2020-12-23 15:00:00,292.635231962,292.868368744,292.470093408,292.615803897,20720.0
2020-12-23 15:15:00,292.683802125,293.043221331,292.635231962,292.916938907,15251.0
2020-12-23 15:30:00,292.878082777,293.63577732,292.848940679,293.606635222,10937.0
2020-12-23 15:45:00,293.558065059,293.577493124,292.878082777,293.043221331,28212.0
2020-12-23 16:00:00,293.062649396,293.315214244,291.87753742,291.87753742,84479.0
2020-12-23 16:15:00,292.062104039,292.062104039,292.062104039,292.062104039,4430.0
2020-12-24 09:45:00,291.994105811,292.470093408,291.678399751,291.678399751,15530.0
2020-12-24 10:00:00,291.60943012,291.60943012,290.464145677,290.974132388,9280.0
2020-12-24 10:15:00,290.964418356,291.163556024,290.439860595,291.163556024,12074.0
2020-12-24 10:30:00,291.148984975,291.420977888,289.944444933,290.391290432,12045.0
2020-12-24 10:45:00,290.342720269,290.342720269,289.701594118,290.016425914,10986.0
2020-12-24 11:00:00,289.876446705,290.129011552,289.007040787,290.129011552,29437.0
2020-12-24 11:15:00,289.866732672,290.449574628,289.721022183,290.226151878,10487.0
2020-12-24 11:30:00,290.109583487,290.109583487,289.497599434,289.575311694,14417.0
2020-12-24 11:45:00,289.497599434,289.575311694,288.788475054,288.856473282,10362.0
2020-12-24 12:00:00,288.88561538,289.079896032,288.438769881,288.84675925,26756.0
2020-12-24 12:15:00,288.943899576,289.823019525,288.749618924,289.585025727,10724.0
2020-12-24 12:30:00,289.750164281,289.818162509,288.992469739,289.689451577,12461.0
2020-12-24 12:45:00,289.682166053,290.362148335,289.682166053,290.284436074,15244.0
2020-12-24 13:00:00,290.216437846,291.042130616,289.886160737,290.857563997,66512.0
2020-12-24 13:15:00,291.032416584,291.032416584,291.032416584,291.032416584,76680.0
2020-12-24 15:45:00,291.032416584,291.032416584,291.032416584,291.032416584,0.0
2020-12-28 09:45:00,291.91639355,293.140361657,291.586116442,292.304954854,25759.0
2020-12-28 10:00:00,292.421523245,292.693516158,291.042130616,291.042130616,21680.0
2020-12-28 10:15:00,291.042130616,292.975223103,290.752555305,292.693516158,27193.0
2020-12-28 10:30:00,292.606089864,295.193131025,292.353525017,295.193131025,37375.0
2020-12-28 10:45:00,295.054026079,295.99628724,294.772319133,295.612194392,30035.0
2020-12-28 11:00:00,295.821434654,295.845719735,294.665464775,294.721320462,13184.0
2020-12-28 11:15:00,294.568324449,294.675178807,293.538636994,293.577493124,32006.0
2020-12-28 11:30:00,293.664919417,293.946626363,293.033507299,293.169503755,16388.0
2020-12-28 11:45:00,293.32589968,293.32589968,292.878082777,293.315214244,18322.0
2020-12-28 12:00:00,293.334642309,293.460924733,293.014079233,293.072363429,20069.0
2020-12-28 12:15:00,293.120933592,293.334642309,293.052935364,293.139098833,20819.0
2020-12-28 12:30:00,293.15007569,293.256930048,292.916938907,293.062649396,23583.0
2020-12-28 12:45:00,293.140361657,293.548351026,293.140361657,293.538636994,12902.0
2020-12-28 13:00:00,293.538636994,293.626063287,293.120933592,293.256930048,12268.0
2020-12-28 13:15:00,293.300643195,293.810629906,293.257707171,293.679490466,12184.0
2020-12-28 13:30:00,293.781487808,293.859200069,293.533779977,293.703775548,13128.0
2020-12-28 13:45:00,293.519208928,293.717569474,293.460924733,293.638594389,18592.0
2020-12-28 14:00:00,293.723203613,293.917484265,293.558065059,293.859200069,13596.0
2020-12-28 14:15:00,293.752345711,294.131192982,293.640634336,293.927198297,18228.0
2020-12-28 14:30:00,294.131192982,294.956885753,294.063194754,294.762605101,16313.0
2020-12-28 14:45:00,294.859745427,295.238592698,294.72374897,295.180308502,14943.0
2020-12-28 15:00:00,295.054026079,295.2094506,294.539182351,294.539182351,14049.0
2020-12-28 15:15:00,294.597466547,294.90831559,294.539182351,294.786890182,27717.0
2020-12-28 15:30:00,294.791747198,294.898601557,294.393471862,294.485755172,17267.0
2020-12-28 15:45:00,294.558610416,294.607180579,293.572636108,294.480898155,23899.0
2020-12-28 16:00:00,294.344901699,294.782033166,293.966054428,294.432327992,60765.0
2020-12-28 16:15:00,294.354615732,294.354615732,294.354615732,294.354615732,2585.0
2020-12-29 09:45:00,296.093427566,296.307136283,294.660607758,294.660607758,26147.0
2020-12-29 10:00:00,294.840317361,295.967145143,294.840317361,295.141452372,14393.0
2020-12-29 10:15:00,295.073454144,296.190567892,294.820889296,295.95743111,38465.0
2020-12-29 10:30:00,295.772864491,295.972973562,294.94717172,295.053928938,11093.0
2020-12-29 10:45:00,295.089579438,295.136595356,294.121478949,294.675178807,18877.0
2020-12-29 11:00:00,294.728508846,294.93522346,293.985482493,294.179763145,10176.0
2020-12-29 11:15:00,293.719318,294.625637241,293.719318,294.17247762,9384.0
2020-12-29 11:30:00,294.247761373,295.151166405,294.247761373,295.000598899,10756.0
2020-12-29 11:45:00,294.940663318,295.228878665,294.72374897,295.102596242,19400.0
2020-12-29 12:00:00,295.112310274,295.258020763,294.655750742,294.762605101,14622.0
2020-12-29 12:15:00,294.529468318,295.384303187,294.529468318,294.932600671,9214.0
2020-12-29 12:30:00,294.995741883,295.316304959,294.762605101,294.801461231,6539.0
2020-12-29 12:45:00,294.558610416,294.558610416,293.849486037,294.189477178,7225.0
2020-12-29 13:00:00,294.034052656,294.045418074,292.304954854,292.304954854,16441.0
2020-12-29 13:15:00,292.364210453,292.44095131,291.537546279,291.95524968,25925.0
2020-12-29 13:30:00,291.760969028,291.964963713,291.20726917,291.488976116,21063.0
2020-12-29 13:45:00,291.352979659,291.420977888,290.993560453,291.178127073,14549.0
2020-12-29 14:00:00,291.16841304,291.488976116,291.110128844,291.246125301,16706.0
2020-12-29 14:15:00,291.213291871,291.323837562,290.634141247,290.672997378,18775.0
2020-12-29 14:30:00,290.789565769,291.061558682,290.595285117,290.983846421,16799.0
2020-12-29 14:45:00,291.022702551,292.246670658,291.022702551,292.197711934,22138.0
2020-12-29 15:00:00,292.134959283,292.527794762,292.003819843,292.295240821,10506.0
2020-12-29 15:15:00,292.324382919,292.780942451,292.244727852,292.576947767,11977.0
2020-12-29 15:30:00,292.606089864,293.15007569,292.538091636,292.941223989,17582.0
2020-12-29 15:45:00,292.975320243,293.052935364,292.392381147,292.523520587,14728.0
2020-12-29 16:00:00,292.429197331,293.203502869,292.363239049,292.615803897,66882.0
2020-12-29 16:15:00,292.382667115,292.382667115,292.382667115,292.382667115,5636.0
2020-12-29 19:30:00,292.392381147,292.392381147,292.392381147,292.392381147,125.0
2020-12-30 09:45:00,292.839226647,295.617439969,292.70323019,295.617439969,42074.0
2020-12-30 10:00:00,295.69515223,296.812265978,295.584606539,295.99628724,23517.0
2020-12-30 10:15:00,296.268280153,296.773409848,295.47172948,295.500871578,34669.0
2020-12-30 10:30:00,295.559155774,295.73400836,295.141452372,295.403731252,12914.0
2020-12-30 10:45:00,295.544584725,296.035143371,295.112310274,295.619868477,20087.0
2020-12-30 11:00:00,295.481443513,295.802006588,295.180308502,295.690295214,19946.0
2020-12-30 11:15:00,295.568869806,295.743722393,295.364875122,295.559155774,11509.0
2020-12-30 11:30:00,295.481443513,295.607725937,294.626608644,294.837985994,12378.0
2020-12-30 11:45:00,294.276903471,294.793690005,293.859200069,294.072908786,4849.0
2020-12-30 12:00:00,293.849486037,294.561524626,293.849486037,294.131192982,8049.0
2020-12-30 12:15:00,294.031041306,294.374043797,293.723203613,294.034052656,8962.0
2020-12-30 12:30:00,294.043766689,294.94717172,293.985482493,294.46147009,9683.0
2020-12-30 12:45:00,294.247761373,294.46147009,294.213762259,294.442042025,5335.0
2020-12-30 13:00:00,294.577261359,294.927743655,294.219590679,294.403185895,4827.0
2020-12-30 13:15:00,294.704320905,294.976313818,294.403185895,294.976313818,5511.0
2020-12-30 13:30:00,294.943383247,294.966599785,294.306045569,294.306045569,8623.0
2020-12-30 13:45:00,294.33033065,294.64603671,294.33033065,294.64603671,7733.0
2020-12-30 14:00:00,294.733463003,294.995741883,294.354615732,294.364329764,11586.0
2020-12-30 14:15:00,294.348398751,294.743177035,294.306045569,294.442042025,12405.0
2020-12-30 14:30:00,294.432327992,294.480898155,294.053480721,294.19919121,20319.0
2020-12-30 14:45:00,294.247761373,294.257475406,293.917484265,294.043766689,8886.0
2020-12-30 15:00:00,294.082622819,294.544039367,294.043766689,294.490612188,12753.0
2020-12-30 15:15:00,294.607180579,294.711509289,294.208905243,294.432327992,11342.0
2020-12-30 15:30:00,294.493040696,294.568324449,294.131192982,294.23804734,15096.0
2020-12-30 15:45:00,294.325473634,294.42261396,294.131192982,294.150621047,12293.0
2020-12-30 16:00:00,294.102050884,294.820889296,293.771773776,293.956340395,75127.0
2020-12-30 16:15:00,293.956340395,293.956340395,293.956340395,293.956340395,7524.0
2020-12-30 17:30:00,293.956340395,293.956340395,293.956340395,293.956340395,7616.0
2020-12-31 09:30:00,295.231501454,295.231501454,295.231501454,295.231501454,100.0
2020-12-31 09:45:00,293.956340395,294.825746313,293.363784407,294.825746313,21429.0
2020-12-31 10:00:00,294.626608644,294.98602785,294.228333308,294.228333308,10133.0
2020-12-31 10:15:00,294.500326221,294.820889296,294.307988375,294.704320905,7528.0
2020-12-31 10:30:00,294.840317361,295.131738339,293.742631678,294.16033508,36497.0
2020-12-31 10:45:00,293.830057971,293.849486037,292.92665294,292.975223103,8459.0
2020-12-31 11:00:00,293.082077462,293.082077462,292.334096952,292.659517044,10680.0
2020-12-31 11:15:00,292.771228418,293.45111356,292.499235506,292.499235506,8770.0
2020-12-31 11:30:00,292.518663571,292.732372288,292.149530332,292.576947767,9260.0
2020-12-31 11:45:00,292.719549765,292.719549765,291.906679517,292.295240821,13666.0
2020-12-31 12:00:00,292.32758855,292.549457054,292.256384691,292.450665343,7659.0
2020-12-31 12:15:00,292.465236392,292.586661799,292.198100495,292.256384691,9445.0
2020-12-31 12:30:00,292.246670658,292.295240821,291.91649069,292.042675974,6900.0
2020-12-31 12:45:00,292.377810098,292.4797103,292.164101381,292.248516324,7737.0
2020-12-31 13:00:00,292.445808326,293.326385381,292.295240821,292.902367858,19336.0
2020-12-31 13:15:00,292.878082777,293.305500211,292.878082777,293.276358113,9468.0
2020-12-31 13:30:00,293.284712181,293.398463503,292.916938907,293.082077462,13262.0
2020-12-31 13:45:00,293.237501983,293.626063287,293.217491076,293.470638765,9945.0
2020-12-31 14:00:00,293.373498439,293.4868612,292.984937136,293.472970133,11050.0
2020-12-31 14:15:00,293.538636994,294.578038481,293.538636994,294.417756944,13130.0
2020-12-31 14:30:00,294.675178807,295.141452372,294.665464775,295.092882209,13699.0
2020-12-31 14:45:00,295.112310274,295.491157545,295.054026079,295.258020763,9399.0
2020-12-31 15:00:00,295.43287335,295.452301415,294.616894612,295.2094506,10551.0
2020-12-31 15:15:00,295.384303187,295.588297871,295.141452372,295.351275476,11413.0
2020-12-31 15:30:00,295.568869806,295.99628724,295.51932824,295.724294328,11892.0
2020-12-31 15:45:00,295.789281206,296.141997729,294.772319133,294.90831559,26271.0
2020-12-31 16:00:00,294.926577971,296.229424023,294.926577971,295.986573208,83913.0
2020-12-31 16:15:00,296.006001273,296.006001273,296.006001273,296.006001273,5654.0
2020-12-31 16:30:00,294.529468318,294.529468318,294.442042025,294.442042025,549.0
2021-01-04 09:45:00,295.374589154,295.539727708,293.31715705,293.460924733,36963.0
2021-01-04 10:00:00,293.028650282,293.363784407,292.130102267,292.436094294,23402.0
2021-01-04 10:15:00,292.780942451,293.752345711,292.329239935,292.596375832,44090.0
2021-01-04 10:30:00,292.596375832,292.596375832,290.770137704,291.722112898,51857.0
2021-01-04 10:45:00,291.697827817,291.697827817,290.527286889,290.799279801,25137.0
2021-01-04 11:00:00,290.915848193,291.098569146,290.070727357,290.376330822,75556.0
2021-01-04 11:15:00,290.255293976,290.740024203,287.826785827,289.196464423,42543.0
2021-01-04 11:30:00,289.031325869,289.060467967,287.812214778,288.050208577,29373.0
2021-01-04 11:45:00,287.904498088,288.186205033,287.428510491,287.919069137,27763.0
2021-01-04 12:00:00,287.826785827,288.09877874,286.835954502,286.981664991,33792.0
2021-01-04 12:15:00,286.797098372,287.273085969,285.336496431,285.336496431,43291.0
2021-01-04 12:30:00,285.466275906,285.786838982,285.1068567,285.514846069,24166.0
2021-01-04 12:45:00,285.505132036,285.514846069,284.222879734,284.58229894,27986.0
2021-01-04 13:00:00,284.349162157,284.757151527,283.892602625,284.611149617,44926.0
2021-01-04 13:15:00,284.611441038,285.718840754,284.242307799,285.626557444,29692.0
2021-01-04 13:30:00,285.558559216,287.467366621,285.475989939,286.37939497,33778.0
2021-01-04 13:45:00,286.369680938,286.486249329,285.591004085,286.029689797,23831.0
2021-01-04 14:00:00,286.07825996,287.515936784,285.996467805,287.136700951,24284.0
2021-01-04 14:15:00,286.845668535,286.845668535,285.738268819,286.010261731,21705.0
2021-01-04 14:30:00,285.981119634,286.544533524,285.602272362,286.544533524,35632.0
2021-01-04 14:45:00,286.568818606,286.869953616,285.971405601,286.354138485,28363.0
2021-01-04 15:00:00,286.583389655,287.205087741,286.11711609,286.835954502,16796.0
2021-01-04 15:15:00,286.787384339,286.913666763,285.89369334,286.146258188,21563.0
2021-01-04 15:30:00,286.087973992,286.631959818,285.660556558,286.28711166,22958.0
2021-01-04 15:45:00,286.214256416,287.661647273,285.981119634,287.316799116,42888.0
2021-01-04 16:00:00,287.370226295,287.5207938,285.951977536,286.34053884,126408.0
2021-01-04 16:15:00,286.330824807,286.330824807,286.330824807,286.330824807,4484.0
2021-01-04 16:45:00,286.330824807,286.330824807,286.321110775,286.321110775,89514.0
2021-01-05 09:45:00,286.806812404,288.419341815,286.07825996,287.069091284,44107.0
2021-01-05 10:00:00,287.273085969,287.525650816,286.146258188,286.797098372,37056.0
2021-01-05 10:15:00,286.962236926,287.921983346,286.554247557,287.748782145,14832.0
2021-01-05 10:30:00,287.554792914,287.943354218,286.806812404,287.477080653,15931.0
2021-01-05 10:45:00,287.719931468,287.865641957,285.59255833,285.713983737,51794.0
2021-01-05 11:00:00,285.728554786,287.35079823,285.728554786,287.321656132,23133.0
2021-01-05 11:15:00,287.35079823,287.496508719,285.611986395,286.466821263,33006.0
2021-01-05 11:30:00,286.311396742,286.573675622,285.641128493,286.573675622,23254.0
2021-01-05 11:45:00,286.631959818,286.874810633,286.087973992,286.631959818,19722.0
2021-01-05 12:00:00,286.534819492,287.078805317,286.272540612,286.534819492,22005.0
2021-01-05 12:15:00,286.534819492,287.632505175,286.534819492,286.670815948,14588.0
2021-01-05 12:30:00,286.709672078,286.933094828,286.34053884,286.442536182,12762.0
2021-01-05 12:45:00,286.525105459,286.777281745,285.961788709,286.695101029,14002.0
2021-01-05 13:00:00,286.695101029,286.952522893,286.37939497,286.549390541,14058.0
2021-01-05 13:15:00,286.398823035,286.776310342,286.204542383,286.321110775,14803.0
2021-01-05 13:30:00,286.408537068,286.534819492,286.097688025,286.316253758,8152.0
2021-01-05 13:45:00,286.350252872,287.200230724,286.223970449,286.913666763,18123.0
2021-01-05 14:00:00,286.894238698,288.035637528,286.894238698,287.928783169,23629.0
2021-01-05 14:15:00,287.961033757,289.342174912,287.961033757,289.342174912,21680.0
2021-01-05 14:30:00,289.327603863,289.779306379,289.14789426,289.578323044,17446.0
2021-01-05 14:45:00,289.643309922,289.954158966,289.215892488,289.390745075,15410.0
2021-01-05 15:00:00,289.614167825,289.784163395,288.992469739,288.992469739,9663.0
2021-01-05 15:15:00,289.060467967,289.682166053,289.011897804,289.011897804,18954.0
2021-01-05 15:30:00,288.866187315,288.963327641,288.215347131,288.36105762,18271.0
2021-01-05 15:45:00,288.380485685,288.6233365,287.61307711,288.254203261,31624.0
2021-01-05 16:00:00,288.341629555,288.982755706,287.61307711,288.215347131,73472.0
2021-01-05 16:15:00,288.108492772,288.108492772,288.108492772,288.108492772,83515.0
2021-01-05 17:15:00,288.108492772,288.108492772,288.108492772,288.108492772,38115.0
2021-01-05 20:00:00,288.108492772,288.108492772,288.108492772,288.108492772,2000.0
2021-01-06 07:45:00,286.583389655,286.583389655,286.068545927,286.07825996,745.0
2021-01-06 08:15:00,286.078065679,286.078065679,286.078065679,286.078065679,100.0
2021-01-06 08:30:00,286.07825996,286.07825996,286.07825996,286.07825996,371.0
2021-01-06 09:30:00,286.554247557,286.554247557,285.728554786,285.728554786,2212.0
2021-01-06 09:45:00,285.573130265,287.330690182,284.825149755,285.942263503,66374.0
2021-01-06 10:00:00,285.777124949,287.506222751,285.777124949,287.477080653,21194.0
2021-01-06 10:15:00,287.695646387,288.342406677,285.981119634,286.694712468,32018.0
2021-01-06 10:30:00,286.923380796,287.001093056,285.777124949,286.622245785,22219.0
2021-01-06 10:45:00,286.631959818,286.767956274,285.611986395,286.398823035,45630.0
2021-01-06 11:00:00,286.461964247,287.535364849,286.37939497,287.283965685,30087.0
2021-01-06 11:15:00,287.370226295,288.992469739,287.279885792,288.671906663,66114.0
2021-01-06 11:30:00,288.569909321,289.381031042,288.026312056,289.065324983,34935.0
2021-01-06 11:45:00,289.196464423,289.381031042,288.506768109,288.506768109,25562.0
2021-01-06 12:00:00,288.647621581,290.167576262,288.565052304,289.711308151,48552.0
2021-01-06 12:15:00,289.657880971,289.721022183,288.710762793,288.84675925,22383.0
2021-01-06 12:30:00,289.021611836,289.089610064,288.6233365,288.958470624,16583.0
2021-01-06 12:45:00,288.997326755,289.274176684,288.875901347,289.220749505,12797.0
2021-01-06 13:00:00,289.283890716,290.42043253,289.274176684,290.42043253,18697.0
2021-01-06 13:15:00,290.488430758,290.779851736,290.099869454,290.313578172,19771.0
2021-01-06 13:30:00,290.507858824,290.983846421,290.313578172,290.90613416,25600.0
2021-01-06 13:45:00,290.828421899,291.994105811,290.692425443,291.702684833,16447.0
2021-01-06 14:00:00,291.819253224,292.052390006,291.547260311,292.00867686,22782.0
2021-01-06 14:15:00,292.168958397,293.4512107,291.663828702,293.082077462,30897.0
2021-01-06 14:30:00,293.164646739,293.164646739,291.090700779,291.663828702,29237.0
2021-01-06 14:45:00,291.722112898,292.479807441,291.527832246,292.328268532,25464.0
2021-01-06 15:00:00,292.207814528,292.207814528,289.823019525,290.575857052,24940.0
2021-01-06 15:15:00,290.459288661,291.457891211,289.638452906,290.876992062,37159.0
2021-01-06 15:30:00,290.823564883,291.095557796,289.458743303,290.64385528,28573.0
2021-01-06 15:45:00,290.915848193,291.071272714,289.818162509,290.750709638,32612.0
2021-01-06 16:00:00,290.64385528,291.022702551,289.439315238,290.595285117,84482.0
2021-01-06 16:15:00,290.585571084,290.585571084,290.556428987,290.556428987,11993.0
2021-01-06 17:15:00,291.420977888,291.420977888,291.420977888,291.420977888,510.0
2021-01-06 17:30:00,291.420977888,291.420977888,291.420977888,291.420977888,240.0
2021-01-06 18:45:00,291.906679517,291.906679517,291.420977888,291.420977888,383.0
2021-01-07 04:30:00,291.420977888,291.420977888,291.420977888,291.420977888,150.0
2021-01-07 07:30:00,291.43069192,291.43069192,291.43069192,291.43069192,200.0
2021-01-07 08:30:00,292.967257596,292.967257596,292.967257596,292.967257596,100.0
2021-01-07 09:15:00,291.420977888,291.420977888,291.420977888,291.420977888,105.0
2021-01-07 09:45:00,288.331915522,290.393233239,285.1068567,286.797098372,90980.0
2021-01-07 10:00:00,286.690244013,287.214704633,285.602272362,286.14693817,51874.0
2021-01-07 10:15:00,286.253112546,288.140063378,286.107402057,287.292514034,60326.0
2021-01-07 10:30:00,287.409082425,287.995324293,287.020521121,287.894784055,34884.0
2021-01-07 10:45:00,288.152205919,288.487340044,287.802500745,288.118206805,31312.0
2021-01-07 11:00:00,288.093921723,288.409627783,287.35079823,288.05419133,53410.0
2021-01-07 11:15:00,288.118206805,288.798189087,287.574220979,287.678841111,29822.0
2021-01-07 11:30:00,287.894784055,288.225061163,287.38965436,287.38965436,28206.0
2021-01-07 11:45:00,287.647853347,287.923926153,286.8650966,286.8650966,19788.0
2021-01-07 12:00:00,287.058405849,287.710217436,286.962236926,287.593649045,14820.0
2021-01-07 12:15:00,287.661647273,288.084207691,286.850525551,286.850525551,17010.0
2021-01-07 12:30:00,287.010807089,287.082982351,286.432822149,286.612531752,25721.0
2021-01-07 12:45:00,286.680529981,286.777670307,285.611986395,285.971405601,37806.0
2021-01-07 13:00:00,286.022598553,286.107402057,285.203997026,285.267138238,26525.0
2021-01-07 13:15:00,285.33027945,285.495418004,284.733449287,284.922290081,30965.0
2021-01-07 13:30:00,284.864005885,285.252567189,284.708581364,284.980574276,47569.0
2021-01-07 13:45:00,285.029144439,286.146646749,285.029144439,285.825695112,27688.0
2021-01-07 14:00:00,285.883979308,285.922835438,285.058286537,285.223425091,31434.0
2021-01-07 14:15:00,285.33027945,285.976262617,285.184568961,285.63141446,65723.0
2021-01-07 14:30:00,285.577987281,285.747982851,285.378849613,285.611986395,35615.0
2021-01-07 14:45:00,285.621700428,285.777124949,285.466275906,285.675127607,37637.0
2021-01-07 15:00:00,285.543988167,286.07825996,285.27685227,285.913121405,111611.0
2021-01-07 15:15:00,285.786838982,285.913121405,285.422562759,285.495418004,39886.0
2021-01-07 15:30:00,285.577987281,285.577987281,284.726066622,284.747437494,91142.0
2021-01-07 15:45:00,284.684296282,284.708581364,284.417257526,284.592012972,73484.0
2021-01-07 16:00:00,284.592012972,284.689153298,284.174309571,284.174309571,130741.0
2021-01-07 16:15:00,284.213165701,287.525650816,284.213165701,287.525650816,7138.0
2021-01-07 17:00:00,284.62115507,284.62115507,284.62115507,284.62115507,231.0
2021-01-07 17:15:00,284.62115507,284.62115507,284.62115507,284.62115507,263.0
2021-01-07 17:45:00,284.62115507,284.62115507,284.62115507,284.62115507,805.0
2021-01-07 18:15:00,284.213165701,284.213165701,284.213165701,284.213165701,411.0
2021-01-08 08:15:00,285.009716374,285.009716374,285.009716374,285.009716374,101.0
2021-01-08 09:00:00,286.07825996,286.07825996,286.07825996,286.07825996,100.0
2021-01-08 09:15:00,286.046300792,286.046300792,286.046300792,286.046300792,1010.0
2021-01-08 09:30:00,284.407446353,284.407446353,284.407446353,284.407446353,505.0
2021-01-08 09:45:00,284.232593766,285.194282993,283.814987505,283.980028919,66496.0
2021-01-08 10:00:00,284.184023603,284.446302483,283.528326403,283.601181648,36505.0
2021-01-08 10:15:00,283.630323745,284.048027147,282.78520291,282.935770415,27038.0
2021-01-08 10:30:00,283.057195822,283.280618572,282.503495964,282.678348551,62709.0
2021-01-08 10:45:00,282.707490649,282.911485333,281.298955922,281.396096248,74819.0
2021-01-08 11:00:00,281.561234802,281.910939976,280.735542032,281.910939976,57275.0
2021-01-08 11:15:00,281.910939976,282.046936432,280.089558864,280.089558864,70959.0
2021-01-08 11:30:00,280.045845717,280.327552663,279.890421196,280.206127255,82314.0
2021-01-08 11:45:00,280.249840402,280.570403478,279.764138772,279.851565065,60698.0
2021-01-08 12:00:00,279.880707163,280.084701848,279.535859006,280.084701848,24123.0
2021-01-08 12:15:00,279.987561522,280.920108651,279.851565065,280.550975412,27459.0
2021-01-08 12:30:00,280.570403478,280.58011751,279.764430193,280.162414109,24570.0
2021-01-08 12:45:00,280.312981614,280.312981614,279.443575696,279.453289729,60766.0
2021-01-08 13:00:00,279.553927107,279.822422968,279.553927107,279.807851919,31053.0
2021-01-08 13:15:00,279.764138772,280.035354562,279.589286185,279.734996674,35905.0
2021-01-08 13:30:00,279.686426511,279.757338949,278.656739056,278.831591643,96402.0
2021-01-08 13:45:00,278.78302148,279.152057578,278.588740828,278.841305675,82048.0
2021-01-08 14:00:00,278.836448659,279.453289729,278.433316306,279.127869637,61764.0
2021-01-08 14:15:00,279.152154719,279.34643537,278.404174209,279.200724881,75325.0
2021-01-08 14:30:00,279.210438914,279.273580126,278.802449545,279.191010849,82988.0
2021-01-08 14:45:00,279.166725767,279.458146745,278.404174209,278.807306561,198869.0
2021-01-08 15:00:00,278.880161806,280.269268467,278.82187761,280.240126369,68627.0
2021-01-08 15:15:00,280.259554434,280.609259608,280.018452145,280.230412337,63686.0
2021-01-08 15:30:00,280.206127255,280.322695646,279.749567723,279.773852805,53792.0
2021-01-08 15:45:00,279.79328087,279.880707163,279.463003762,279.666998446,116436.0
2021-01-08 16:00:00,279.70099756,280.308124597,279.239581012,280.074987815,297571.0
2021-01-08 16:15:00,280.084701848,280.492691217,279.841851033,280.492691217,21494.0
2021-01-08 17:30:00,280.249840402,280.249840402,280.249840402,280.249840402,201.0
2021-01-11 07:45:00,279.744710707,280.074987815,279.744710707,280.074987815,920.0
2021-01-11 09:30:00,277.831046285,277.831046285,277.821332253,277.821332253,687.0
2021-01-11 09:45:00,279.53100199,280.531547347,278.938446001,280.123557978,72021.0
2021-01-11 10:00:00,280.230412337,282.008080302,279.375577468,281.609804965,69610.0
2021-01-11 10:15:00,281.36695415,281.684894437,280.308124597,281.684894437,31548.0
2021-01-11 10:30:00,281.415524313,282.581208225,280.735542032,282.260645149,24887.0
2021-01-11 10:45:00,282.36526528,283.105765985,281.930368041,282.707490649,34099.0
2021-01-11 11:00:00,282.649206453,283.38747293,282.221789019,283.200477803,25005.0
2021-01-11 11:15:00,283.168907197,284.232593766,282.707490649,283.930487353,49029.0
2021-01-11 11:30:00,284.116025375,285.543988167,284.059683986,285.403134694,39558.0
2021-01-11 11:45:00,285.533302731,285.835409145,285.072857586,285.738268819,35340.0
2021-01-11 12:00:00,285.747982851,285.835409145,284.504586679,284.504586679,25810.0
2021-01-11 12:15:00,284.562870875,284.932004113,284.164595538,284.815435722,37312.0
2021-01-11 12:30:00,284.708581364,285.291423319,284.592012972,284.951432178,18999.0
2021-01-11 12:45:00,285.10675956,285.378849613,284.864005885,285.252567189,17327.0
2021-01-11 13:00:00,285.150569847,285.825695112,285.150569847,285.64928828,20534.0
2021-01-11 13:15:00,285.628208829,285.718840754,285.267138238,285.466275906,17821.0
2021-01-11 13:30:00,285.388563645,285.437133808,284.737723461,285.165140896,13802.0
2021-01-11 13:45:00,285.038858472,285.563416232,284.990288309,285.339993482,16782.0
2021-01-11 14:00:00,285.446847841,285.553702199,284.718295396,285.01457339,21613.0
2021-01-11 14:15:00,285.01457339,285.990833666,284.912576048,285.563416232,26702.0
2021-01-11 14:30:00,285.582844297,285.942263503,285.291423319,285.942263503,18735.0
2021-01-11 14:45:00,285.918949825,286.097688025,285.242853156,285.781981965,18293.0
2021-01-11 15:00:00,285.738268819,286.146258188,285.174854928,286.083116976,25393.0
2021-01-11 15:15:00,285.942263503,286.058831894,285.36913558,285.567301845,25323.0
2021-01-11 15:30:00,285.689698656,286.194828351,285.271995254,286.194828351,43112.0
2021-01-11 15:45:00,286.204542383,286.418251101,285.709126721,285.777124949,46143.0
2021-01-11 16:00:00,285.835409145,286.505677394,285.796553014,286.389109003,103898.0
2021-01-11 16:15:00,286.311396742,286.311396742,286.311396742,286.311396742,233207.0
2021-01-11 18:30:00,286.321110775,286.321110775,286.321110775,286.321110775,166.0
2021-01-12 09:45:00,286.427965133,286.729100144,285.1068567,286.137126997,44851.0
2021-01-12 10:00:00,286.126830123,287.554792914,286.126830123,287.554792914,30355.0
2021-01-12 10:15:00,287.642219208,288.322201489,286.495963361,286.729100144,29196.0
2021-01-12 10:30:00,286.408537068,286.841782922,286.185114318,286.185114318,35523.0
2021-01-12 10:45:00,286.185114318,286.233684481,285.262281222,285.767410917,26709.0
2021-01-12 11:00:00,285.587701314,286.146258188,285.213711059,285.921669754,18653.0
2021-01-12 11:15:00,285.899813181,286.447393198,285.743125835,286.262826579,22843.0
2021-01-12 11:30:00,286.15597222,286.15597222,285.359421548,285.446847841,25817.0
2021-01-12 11:45:00,285.291423319,285.709126721,285.1068567,285.534274134,16775.0
2021-01-12 12:00:00,285.40799171,285.932549471,285.155426863,285.573130265,17991.0
2021-01-12 12:15:00,285.718840754,286.389109003,285.718840754,286.106236374,18565.0
2021-01-12 12:30:00,286.039403829,286.631959818,285.81598108,286.408537068,36962.0
2021-01-12 12:45:00,286.427965133,286.680529981,285.738268819,286.680529981,18908.0
2021-01-12 13:00:00,286.719386111,287.282800002,286.709672078,286.874810633,18407.0
2021-01-12 13:15:00,286.82624047,287.768501631,286.82624047,287.642219208,26800.0
2021-01-12 13:30:00,287.569655384,287.710217436,286.748528209,287.467366621,20343.0
2021-01-12 13:45:00,287.467366621,288.059922609,287.341084197,287.700503403,21674.0
2021-01-12 14:00:00,287.729645501,288.059922609,287.311942099,288.050208577,16487.0
2021-01-12 14:15:00,288.025923495,288.341629555,287.775592875,288.093921723,24291.0
2021-01-12 14:30:00,287.953068251,288.84675925,287.894784055,288.550481255,21383.0
2021-01-12 14:45:00,288.633050532,288.798189087,287.885070023,288.186205033,27239.0
2021-01-12 15:00:00,288.127920837,289.128466195,288.118206805,288.900186429,23126.0
2021-01-12 15:15:00,288.958470624,289.623881857,288.817617152,288.817617152,26804.0
2021-01-12 15:30:00,288.88561538,289.381031042,288.856473282,289.089610064,16033.0
2021-01-12 15:45:00,289.057165196,289.585025727,288.749618924,289.361602977,32894.0
2021-01-12 16:00:00,289.351888945,290.012443161,289.031325869,289.031325869,134992.0
2021-01-12 16:15:00,289.031325869,289.031325869,289.031325869,289.031325869,12922.0
2021-01-13 09:45:00,289.478171368,289.779306379,287.661647273,289.487885401,44182.0
2021-01-13 10:00:00,289.580168711,289.74695865,288.696191744,289.128466195,37779.0
2021-01-13 10:15:00,289.065324983,289.944444933,287.205087741,287.467366621,53508.0
2021-01-13 10:30:00,287.511079768,287.554792914,286.2093994,286.801955388,85905.0
2021-01-13 10:45:00,286.709672078,288.681620695,286.607674736,287.506222751,62740.0
2021-01-13 11:00:00,287.671361305,287.671361305,287.185659676,287.472709339,29966.0
2021-01-13 11:15:00,287.452795572,287.749073566,286.680529981,287.370226295,52473.0
2021-01-13 11:30:00,287.370226295,287.899641071,287.03509217,287.03509217,21849.0
2021-01-13 11:45:00,287.064234268,287.564506947,286.374537954,287.316799116,45354.0
2021-01-13 12:00:00,287.224515806,288.905043445,287.12737548,287.545078882,69371.0
2021-01-13 12:15:00,287.597243237,287.637362191,286.719386111,286.719386111,39228.0
2021-01-13 12:30:00,286.714529095,288.467717698,286.714529095,288.467717698,47142.0
2021-01-13 12:45:00,288.535910206,288.535910206,287.642219208,287.846213892,32423.0
2021-01-13 13:00:00,287.885070023,288.837045217,287.885070023,288.215347131,129527.0
2021-01-13 13:15:00,288.215347131,289.089610064,288.093921723,288.900186429,32773.0
2021-01-13 13:30:00,288.905043445,289.85701864,288.681620695,289.478171368,74472.0
2021-01-13 13:45:00,289.478171368,290.303864139,288.953613608,290.303864139,60056.0
2021-01-13 14:00:00,290.449574628,290.585571084,289.682166053,289.750164281,62054.0
2021-01-13 14:15:00,289.736856056,290.371862367,289.517027499,290.25043696,46435.0
2021-01-13 14:30:00,290.303864139,290.828421899,289.876446705,289.915302835,31735.0
2021-01-13 14:45:00,289.89587477,290.449574628,289.594739759,290.169324788,62538.0
2021-01-13 15:00:00,290.265008009,290.935276258,290.15815365,290.750709638,21366.0
2021-01-13 15:15:00,290.68271141,290.838135932,290.075584373,290.731281573,29951.0
2021-01-13 15:30:00,290.663283345,291.246125301,290.333006237,291.119842877,24039.0
2021-01-13 15:45:00,291.110128844,291.110128844,289.876446705,290.692425443,32950.0
2021-01-13 16:00:00,290.619570198,291.43069192,290.488430758,290.838135932,116763.0
2021-01-13 16:15:00,290.896420127,290.896420127,290.896420127,290.896420127,9970.0
2021-01-13 17:00:00,290.838135932,290.838135932,290.838135932,290.838135932,100.0
2021-01-14 09:30:00,292.382667115,292.96550907,292.382667115,292.96550907,722.0
2021-01-14 09:45:00,293.392926505,300.008182703,293.334642309,299.464196877,212739.0
2021-01-14 10:00:00,299.507910024,299.580765268,296.423704675,296.66655549,50455.0
2021-01-14 10:15:00,296.685983555,296.938548402,295.510585611,296.462560805,38173.0
2021-01-14 10:30:00,296.316850316,298.745358465,296.039708966,298.677360237,35131.0
2021-01-14 10:45:00,298.589933944,298.842498791,297.735099075,298.512221683,31053.0
2021-01-14 11:00:00,298.424795389,298.424795389,296.783123881,297.628244717,29736.0
2021-01-14 11:15:00,297.569960521,299.11934872,297.404821967,298.706502335,52896.0
2021-01-14 11:30:00,298.570505878,299.017351378,297.909951662,298.084804249,39033.0
2021-01-14 11:45:00,298.055662151,298.50853035,297.705956977,298.317941031,31755.0
2021-01-14 12:00:00,298.317941031,299.269916225,298.20137264,299.036779443,34848.0
2021-01-14 12:15:00,299.002780329,299.623895573,298.638504107,299.609907366,33639.0
2021-01-14 12:30:00,299.527338089,299.580765268,298.623933058,298.716216367,43060.0
2021-01-14 12:45:00,298.50250765,298.774500563,297.93909376,298.050125152,34800.0
2021-01-14 13:00:00,298.023411563,298.628790074,297.871095531,298.521935715,24047.0
2021-01-14 13:15:00,298.589933944,298.959067182,297.97794989,297.97794989,23089.0
2021-01-14 13:30:00,297.919665694,298.026520053,297.589388586,297.968235857,25435.0
2021-01-14 13:45:00,298.075090216,299.143536661,297.958521825,298.580219911,23379.0
2021-01-14 14:00:00,298.46365152,298.94935315,298.065376183,298.473365552,51871.0
2021-01-14 14:15:00,298.551077813,299.541909138,298.434509422,298.984323667,44564.0
2021-01-14 14:30:00,299.124205736,299.425340747,298.779357579,298.832784759,43621.0
2021-01-14 14:45:00,298.876497905,298.939639117,297.628244717,297.832239401,36898.0
2021-01-14 15:00:00,297.923551308,298.065376183,297.32225269,297.526635936,46203.0
2021-01-14 15:15:00,297.501962293,297.764241173,296.802551946,297.055116793,55345.0
2021-01-14 15:30:00,297.113400989,297.113400989,296.268280153,296.423704675,44837.0
2021-01-14 15:45:00,296.413990642,296.588843229,294.68489284,294.859745427,53697.0
2021-01-14 16:00:00,294.859648286,294.956885753,294.19919121,294.412899927,137490.0
2021-01-14 16:15:00,294.354615732,294.354615732,294.354615732,294.354615732,14738.0
2021-01-14 19:00:00,295.500871578,295.500871578,295.500871578,295.500871578,150.0
2021-01-14 19:15:00,295.500871578,295.500871578,295.500871578,295.500871578,200.0
2021-01-15 09:45:00,294.043766689,294.043766689,290.653666453,292.557519701,161969.0
2021-01-15 10:00:00,292.693516158,293.082077462,290.847849964,291.736683947,36466.0
2021-01-15 10:15:00,291.74639798,291.867823387,290.799279801,291.420977888,39168.0
2021-01-15 10:30:00,291.537546279,291.537546279,290.401004465,290.857563997,25309.0
2021-01-15 10:45:00,290.828421899,293.014079233,290.604999149,292.742086321,45306.0
2021-01-15 11:00:00,292.88779681,293.946626363,292.382667115,293.237501983,79451.0
2021-01-15 11:15:00,293.004365201,294.840317361,292.596375832,294.675178807,90786.0
2021-01-15 11:30:00,294.471184123,294.762605101,293.247216016,293.762059743,47395.0
2021-01-15 11:45:00,293.922341281,294.72374897,293.664919417,294.519754286,30451.0
2021-01-15 12:00:00,294.519754286,294.72374897,293.431782635,293.655205385,25332.0
2021-01-15 12:15:00,293.630920303,293.630920303,292.557519701,292.722658255,18255.0
2021-01-15 12:30:00,292.819798581,293.422068602,292.635231962,293.120933592,16120.0
2021-01-15 12:45:00,293.091791494,293.422068602,292.771228418,293.18893182,17176.0
2021-01-15 13:00:00,293.072363429,293.499780863,292.863511728,292.960652054,19398.0
2021-01-15 13:15:00,292.878082777,292.878082777,291.906679517,292.298543592,23044.0
2021-01-15 13:30:00,292.27095574,293.043707033,292.27095574,292.75665737,16420.0
2021-01-15 13:45:00,292.761514386,293.140361657,292.66437406,292.785702327,25611.0
2021-01-15 14:00:00,292.848940679,292.955795038,292.071818072,292.324382919,24440.0
2021-01-15 14:15:00,292.295240821,292.431237278,291.984391778,292.100960169,21244.0
2021-01-15 14:30:00,292.110674202,292.615803897,292.110674202,292.547805669,22473.0
2021-01-15 14:45:00,292.586661799,292.907224875,292.295240821,292.450665343,22277.0
2021-01-15 15:00:00,292.489521473,293.490066831,292.343810984,292.936366973,21032.0
2021-01-15 15:15:00,292.897510842,294.024338623,292.790656484,293.907673092,22411.0
2021-01-15 15:30:00,294.024338623,294.034052656,293.354070374,293.71348958,29195.0
2021-01-15 15:45:00,293.752345711,294.097193868,293.218073918,293.286072146,49694.0
2021-01-15 16:00:00,293.344356342,293.839674864,291.906679517,291.91639355,189096.0
2021-01-15 16:15:00,292.149530332,292.149530332,292.149530332,292.149530332,39007.0
2021-01-19 09:45:00,294.820889296,295.306590926,293.762059743,294.296331536,69284.0
2021-01-19 10:00:00,294.286617503,294.913172606,293.276358113,293.723203613,29591.0
2021-01-19 10:15:00,293.723203613,294.024338623,292.295240821,292.570730786,34761.0
2021-01-19 10:30:00,292.301166381,292.528377604,291.401549822,292.17867243,33063.0
2021-01-19 10:45:00,292.091246137,292.421523245,291.833824273,292.256384691,33670.0
2021-01-19 11:00:00,292.382667115,292.936366973,292.314668886,292.382667115,46391.0
2021-01-19 11:15:00,292.334096952,292.62551793,291.518118214,291.620115556,27772.0
2021-01-19 11:30:00,291.576402409,291.780397094,291.12955691,291.197555138,26996.0
2021-01-19 11:45:00,291.18939535,291.39183579,290.240722927,290.634141247,64612.0
2021-01-19 12:00:00,290.575857052,290.983846421,290.352434302,290.439860595,17533.0
2021-01-19 12:15:00,290.430146563,290.556428987,289.954158966,290.002729129,16039.0
2021-01-19 12:30:00,289.944444933,290.313578172,289.478171368,289.788049008,29031.0
2021-01-19 12:45:00,289.740450248,289.886160737,289.342174912,289.876446705,24799.0
2021-01-19 13:00:00,289.966107226,290.299007123,289.750164281,290.148439617,19824.0
2021-01-19 13:15:00,290.216437846,291.420977888,290.211580829,291.274587416,20026.0
2021-01-19 13:30:00,290.974132388,291.119842877,290.517572856,290.517572856,20696.0
2021-01-19 13:45:00,290.648712296,291.420977888,290.648712296,291.275267399,13717.0
2021-01-19 14:00:00,291.401549822,291.596704737,291.197555138,291.275267399,17801.0
2021-01-19 14:15:00,291.289838448,291.605544507,290.983846421,291.411263855,20467.0
2021-01-19 14:30:00,291.488976116,291.6929708,291.265553366,291.459834018,32203.0
2021-01-19 14:45:00,291.459834018,291.605544507,290.886706095,290.974132388,28949.0
2021-01-19 15:00:00,291.12955691,291.204452101,290.702139475,290.702139475,26395.0
2021-01-19 15:15:00,290.86727803,291.197555138,290.459288661,290.505041754,23089.0
2021-01-19 15:30:00,290.507858824,290.537000921,289.944444933,290.313578172,41936.0
2021-01-19 15:45:00,290.313578172,290.651917927,290.070727357,290.342720269,47484.0
2021-01-19 16:00:00,290.342720269,290.449574628,289.449029271,289.63359589,140390.0
2021-01-19 16:15:00,289.497599434,289.497599434,289.497599434,289.497599434,157329.0
2021-01-20 09:30:00,291.197555138,291.197555138,291.197555138,291.197555138,300.0
2021-01-20 09:45:00,291.420977888,291.420977888,288.964299044,289.356745961,76354.0
2021-01-20 10:00:00,289.351888945,289.536455564,288.555338272,288.914757478,39690.0
2021-01-20 10:15:00,289.099324097,290.469002693,289.050753934,289.623881857,20702.0
2021-01-20 10:30:00,289.730736216,292.081532104,289.730736216,291.717255882,180292.0
2021-01-20 10:45:00,291.850532409,291.850532409,291.051844649,291.255839333,60874.0
2021-01-20 11:00:00,291.246125301,292.304274872,291.16841304,291.819253224,36125.0
2021-01-20 11:15:00,291.838681289,292.275812756,291.420977888,291.498690148,19672.0
2021-01-20 11:30:00,291.411263855,291.566688377,290.954704323,291.382121757,17766.0
2021-01-20 11:45:00,291.382121757,292.455522359,291.294695464,292.100960169,23238.0
2021-01-20 12:00:00,291.848395322,291.848395322,291.332580191,291.673542735,15192.0
2021-01-20 12:15:00,291.717255882,292.266098723,291.576402409,291.697827817,17039.0
2021-01-20 12:30:00,291.663828702,291.828967257,291.333551594,291.542403295,26221.0
2021-01-20 12:45:00,291.552117328,291.605544507,291.255839333,291.411263855,16911.0
2021-01-20 13:00:00,291.586116442,291.895314099,291.284981431,291.895314099,38427.0
2021-01-20 13:15:00,291.838681289,291.91639355,291.450119985,291.73172979,12868.0
2021-01-20 13:30:00,291.605544507,291.751254996,291.314123529,291.352979659,13765.0
2021-01-20 13:45:00,291.328694578,291.542403295,291.255839333,291.318980545,14765.0
2021-01-20 14:00:00,291.323837562,291.550757363,290.90613416,291.323837562,16508.0
2021-01-20 14:15:00,291.387561615,291.420977888,290.86727803,291.042130616,11477.0
2021-01-20 14:30:00,291.07612973,291.28158152,290.915848193,291.13557961,8656.0
2021-01-20 14:45:00,290.993560453,291.12955691,290.740995606,290.89710011,14706.0
2021-01-20 15:00:00,290.847849964,291.003274486,290.575857052,290.655317838,14108.0
2021-01-20 15:15:00,290.68271141,290.901277144,290.090155422,290.226151878,16708.0
2021-01-20 15:30:00,290.099869454,290.556428987,290.061013324,290.439860595,34148.0
2021-01-20 15:45:00,290.469002693,290.954704323,290.469002693,290.896420127,34639.0
2021-01-20 16:00:00,290.838135932,290.974132388,290.216437846,290.226151878,111317.0
2021-01-20 16:15:00,290.235865911,290.235865911,290.235865911,290.235865911,10105.0
2021-01-21 08:45:00,291.411263855,291.411263855,291.411263855,291.411263855,100.0
2021-01-21 09:45:00,288.963327641,290.740995606,288.963327641,290.653569312,71570.0
2021-01-21 10:00:00,290.333006237,290.537000921,289.509741974,289.837590574,24619.0
2021-01-21 10:15:00,290.206723813,290.371862367,289.167322325,289.614167825,20859.0
2021-01-21 10:30:00,289.517027499,290.109583487,289.322746847,289.490022488,19195.0
2021-01-21 10:45:00,289.487885401,290.061013324,289.189178899,289.189178899,12620.0
2021-01-21 11:00:00,289.303318782,289.490896751,288.739904891,289.274176684,16260.0
2021-01-21 11:15:00,289.235320553,289.837590574,289.138180227,289.201321439,17051.0
2021-01-21 11:30:00,289.37131701,289.429601205,288.934185543,289.385888059,16396.0
2021-01-21 11:45:00,289.322746847,289.342174912,288.681620695,288.827331184,16548.0
2021-01-21 12:00:00,288.943899576,289.138180227,288.535910206,288.783618038,13072.0
2021-01-21 12:15:00,288.798189087,289.449029271,288.710762793,289.283890716,17583.0
2021-01-21 12:30:00,289.458743303,289.565597662,289.14789426,289.507313466,13408.0
2021-01-21 12:45:00,289.497599434,289.755021297,288.993441142,289.517027499,16776.0
2021-01-21 13:00:00,289.555883629,289.949301949,289.313032814,289.949301949,12381.0
2021-01-21 13:15:00,290.187295748,290.439860595,289.930845287,290.294150106,10432.0
2021-01-21 13:30:00,290.187295748,290.624427215,290.15815365,290.401004465,13994.0
2021-01-21 13:45:00,290.342720269,290.740995606,290.303864139,290.687568427,8307.0
2021-01-21 14:00:00,290.682808551,291.032416584,290.507858824,290.507858824,15836.0
2021-01-21 14:15:00,290.604999149,291.246125301,290.604999149,290.86727803,10097.0
2021-01-21 14:30:00,290.857563997,290.886706095,290.138725585,290.19700978,25002.0
2021-01-21 14:45:00,290.167867683,290.478619585,290.080441389,290.090155422,19640.0
2021-01-21 15:00:00,290.099869454,290.313578172,289.721022183,289.818162509,18389.0
2021-01-21 15:15:00,289.779306379,289.779306379,289.10903813,289.177036358,19615.0
2021-01-21 15:30:00,289.138180227,289.400459108,288.973041673,289.031325869,17024.0
2021-01-21 15:45:00,289.128466195,289.23726336,288.535910206,288.652478598,39787.0
2021-01-21 16:00:00,288.769046989,289.517027499,287.923926153,288.39991375,169792.0
2021-01-21 16:15:00,288.380485685,288.380485685,288.380485685,288.380485685,72452.0
2021-01-21 18:00:00,288.555338272,288.555338272,288.506768109,288.506768109,264.0
2021-01-21 19:00:00,288.380485685,288.409627783,288.380485685,288.409627783,216.0
2021-01-22 04:30:00,288.380485685,288.380485685,288.380485685,288.380485685,100.0
2021-01-22 05:15:00,288.380485685,288.380485685,288.380485685,288.380485685,100.0
2021-01-22 07:15:00,287.535364849,287.535364849,287.535364849,287.535364849,104.0
2021-01-22 08:15:00,287.535364849,287.535364849,287.535364849,287.535364849,108.0
2021-01-22 09:30:00,287.535364849,287.535364849,287.535364849,287.535364849,729.0
2021-01-22 09:45:00,287.535364849,288.824708396,287.125821235,287.156517578,51921.0
2021-01-22 10:00:00,287.146803545,287.341084197,286.126830123,286.918523779,26126.0
2021-01-22 10:15:00,287.137089513,287.457652588,286.126830123,286.690244013,21619.0
2021-01-22 10:30:00,286.675672964,288.545624239,286.34053884,288.13763487,24202.0
2021-01-22 10:45:00,288.409627783,288.92447151,287.792786713,288.92447151,25352.0
2021-01-22 11:00:00,289.050753934,289.63359589,288.871918594,289.604453792,23500.0
2021-01-22 11:15:00,289.63359589,290.269865025,289.113895146,289.555883629,35172.0
2021-01-22 11:30:00,289.478171368,289.784940518,289.104181113,289.594739759,22126.0
2021-01-22 11:45:00,289.439315238,290.740995606,289.424744189,290.73613859,16730.0
2021-01-22 12:00:00,290.740995606,291.586116442,290.658426329,291.586116442,31981.0
2021-01-22 12:15:00,291.673542735,292.006734053,291.197555138,291.508404181,23731.0
2021-01-22 12:30:00,291.556974344,291.945535648,290.983846421,291.731826931,69174.0
2021-01-22 12:45:00,291.751254996,291.87753742,290.556428987,290.566143019,12585.0
2021-01-22 13:00:00,290.604999149,290.896420127,290.256751081,290.256751081,57471.0
2021-01-22 13:15:00,290.294150106,290.313578172,289.643309922,289.701594118,9023.0
2021-01-22 13:30:00,289.973587031,290.313578172,289.866829812,290.313578172,9675.0
2021-01-22 13:45:00,290.294150106,290.590428101,290.090155422,290.226151878,8482.0
2021-01-22 14:00:00,290.255293976,290.469002693,290.051299291,290.15815365,11998.0
2021-01-22 14:15:00,290.25344831,290.342720269,289.915302835,290.099869454,14153.0
2021-01-22 14:30:00,290.216437846,290.556428987,290.138725585,290.192152764,13003.0
2021-01-22 14:45:00,290.274722041,290.556428987,290.148439617,290.235865911,28395.0
2021-01-22 15:00:00,290.284436074,290.488430758,289.870909706,290.070727357,12713.0
2021-01-22 15:15:00,290.167867683,290.333006237,289.682166053,290.138725585,19591.0
2021-01-22 15:30:00,290.189335695,290.566143019,289.963872998,290.503001807,44726.0
2021-01-22 15:45:00,290.556428987,290.677854394,290.148439617,290.546714954,33537.0
2021-01-22 16:00:00,290.397313133,290.410718498,289.526741531,289.575311694,76733.0
2021-01-22 16:15:00,289.63359589,289.63359589,289.63359589,289.63359589,11735.0
2021-01-25 08:30:00,289.730736216,289.730736216,289.730736216,289.730736216,153.0
2021-01-25 08:45:00,289.721022183,289.721022183,289.721022183,289.721022183,113.0
2021-01-25 09:30:00,292.032961941,292.159244365,292.032961941,292.159244365,661.0
2021-01-25 09:45:00,291.110128844,291.935821615,289.983301063,290.452294557,90301.0
2021-01-25 10:00:00,290.585571084,292.557519701,290.571000035,292.557519701,42334.0
2021-01-25 10:15:00,292.955795038,294.956885753,292.729263798,294.471184123,56143.0
2021-01-25 10:30:00,294.578038481,295.646582067,294.310902585,295.598011904,37571.0
2021-01-25 10:45:00,295.598011904,296.06175982,295.063740111,295.99628724,43716.0
2021-01-25 11:00:00,296.258566121,296.472274838,294.451756058,294.451756058,60795.0
2021-01-25 11:15:00,294.539182351,294.772319133,292.071818072,292.071818072,91815.0
2021-01-25 11:30:00,291.974677746,291.974677746,290.449574628,290.64385528,46491.0
2021-01-25 11:45:00,290.608787622,290.760423671,289.374134079,289.993015096,47582.0
2021-01-25 12:00:00,290.129011552,291.634686605,290.061110464,291.241268285,31237.0
2021-01-25 12:15:00,291.469548051,292.421523245,291.275267399,292.1398163,54038.0
2021-01-25 12:30:00,292.1398163,292.227242593,291.673542735,292.042675974,33129.0
2021-01-25 12:45:00,291.974677746,292.470093408,291.712398865,292.198100495,80347.0
2021-01-25 13:00:00,292.173815414,292.334096952,291.459834018,291.615258539,35348.0
2021-01-25 13:15:00,291.620115556,291.790111126,291.333551594,291.615258539,36034.0
2021-01-25 13:30:00,291.605544507,292.052390006,291.508404181,292.052390006,52079.0
2021-01-25 13:45:00,292.168958397,292.329239935,291.702684833,291.731826931,41770.0
2021-01-25 14:00:00,291.751254996,291.770683061,291.032416584,291.416120871,38676.0
2021-01-25 14:15:00,291.367550708,292.062104039,291.032416584,291.892108468,42736.0
2021-01-25 14:30:00,291.911536534,291.911536534,290.721567541,291.100414812,43341.0
2021-01-25 14:45:00,291.182984089,291.518118214,291.100414812,291.216983203,29758.0
2021-01-25 15:00:00,291.119842877,291.673542735,290.765280687,291.187841105,24609.0
2021-01-25 15:15:00,291.275267399,291.538809103,290.86727803,291.085843763,26602.0
2021-01-25 15:30:00,291.080986747,291.080986747,290.42043253,290.750709638,30758.0
2021-01-25 15:45:00,290.818707867,291.017845535,290.376719383,290.439860595,67763.0
2021-01-25 16:00:00,290.391290432,290.935276258,290.284436074,290.857563997,186943.0
2021-01-25 16:15:00,290.789565769,290.789565769,290.789565769,290.789565769,7772.0
2021-01-26 08:00:00,290.838135932,290.838135932,290.838135932,290.838135932,102.0
2021-01-26 08:45:00,291.615258539,291.615258539,291.615258539,291.615258539,105.0
2021-01-26 09:00:00,291.61535568,291.61535568,291.615258539,291.615258539,399.0
2021-01-26 09:30:00,293.120933592,293.120933592,293.120933592,293.120933592,200.0
2021-01-26 09:45:00,291.226697236,291.809539191,288.603908435,290.808993834,76162.0
2021-01-26 10:00:00,290.750709638,291.298678217,288.603908435,288.739904891,25594.0
2021-01-26 10:15:00,288.739904891,289.060467967,288.293059392,288.293059392,26068.0
2021-01-26 10:30:00,288.186205033,288.396222418,287.065205671,287.821928811,96163.0
2021-01-26 10:45:00,287.831642843,287.962782283,286.981664991,287.185659676,26693.0
2021-01-26 11:00:00,287.311942099,287.35079823,286.593103687,286.884524665,23448.0
2021-01-26 11:15:00,286.719386111,287.574220979,286.719386111,287.059280112,19032.0
2021-01-26 11:30:00,287.069091284,287.447938556,286.408537068,286.670815948,58938.0
2021-01-26 11:45:00,286.631959818,287.331370165,286.544533524,287.112804431,17584.0
2021-01-26 12:00:00,286.8650966,287.054520236,286.670815948,286.777670307,20445.0
2021-01-26 12:15:00,287.001093056,287.224515806,286.272540612,286.457107231,19054.0
2021-01-26 12:30:00,286.408537068,286.699958046,285.845123177,286.511505813,28209.0
2021-01-26 12:45:00,286.60281772,286.60281772,285.281709287,285.348056129,23980.0
2021-01-26 13:00:00,285.262281222,285.349707515,284.62115507,284.669725233,27357.0
2021-01-26 13:15:00,284.660011201,285.038858472,284.446302483,284.601727005,14541.0
2021-01-26 13:30:00,284.669725233,285.242853156,284.62115507,284.62115507,26102.0
2021-01-26 13:45:00,284.62115507,285.05906366,284.456016516,285.000002341,21088.0
2021-01-26 14:00:00,285.034001456,285.042744085,284.329734092,284.494872646,24970.0
2021-01-26 14:15:00,284.456016516,285.135027395,284.13545344,285.01437911,18970.0
2021-01-26 14:30:00,284.941718146,285.1068567,284.62115507,284.884405354,21382.0
2021-01-26 14:45:00,284.864005885,285.092285651,284.669725233,284.893147983,18006.0
2021-01-26 15:00:00,284.980574276,285.213711059,284.757151527,285.048572504,15856.0
2021-01-26 15:15:00,284.980574276,285.165140896,284.891885159,285.029144439,19758.0
2021-01-26 15:30:00,284.990288309,285.845123177,284.88343395,285.660556558,39457.0
2021-01-26 15:45:00,285.665413574,285.709126721,284.815435722,284.941718146,34370.0
2021-01-26 16:00:00,284.966003227,285.14571283,284.232593766,284.562870875,106195.0
2021-01-26 16:15:00,284.728009429,284.728009429,284.728009429,284.728009429,6986.0
2021-01-26 17:15:00,284.630869103,284.630869103,284.630869103,284.630869103,200.0
2021-01-27 07:45:00,284.242307799,284.242307799,284.242307799,284.242307799,234.0
2021-01-27 08:00:00,283.649751811,283.649751811,283.649751811,283.649751811,494.0
2021-01-27 09:15:00,283.164050181,283.416615028,283.164050181,283.416615028,638.0
2021-01-27 09:30:00,283.649751811,283.649751811,283.649751811,283.649751811,269.0
2021-01-27 09:45:00,284.514300712,284.757151527,282.833773072,283.066909855,79357.0
2021-01-27 10:00:00,283.028053724,284.902862015,282.969769529,284.286020946,61367.0
2021-01-27 10:15:00,284.145167473,286.262826579,284.125739408,285.777124949,52312.0
2021-01-27 10:30:00,285.36913558,286.583389655,285.087428635,286.505677394,46978.0
2021-01-27 10:45:00,286.330824807,287.603363077,285.543988167,285.607129379,59034.0
2021-01-27 11:00:00,285.59255833,286.554247557,285.524560102,286.457107231,47254.0
2021-01-27 11:15:00,286.335681823,286.661101915,285.713983737,286.37939497,28428.0
2021-01-27 11:30:00,286.301682709,287.292416894,286.083019836,287.039949187,38894.0
2021-01-27 11:45:00,287.161374594,287.515936784,286.049117862,286.262826579,39166.0
2021-01-27 12:00:00,286.214256416,286.359966905,284.834863787,285.1068567,23255.0
2021-01-27 12:15:00,285.223425091,286.563961589,285.077714602,286.233684481,36628.0
2021-01-27 12:30:00,286.11711609,286.11711609,285.33027945,285.81598108,39501.0
2021-01-27 12:45:00,285.796553014,286.651387883,285.174854928,286.651387883,26363.0
2021-01-27 13:00:00,286.709672078,287.195373708,286.573675622,286.845668535,22723.0
2021-01-27 13:15:00,286.835954502,287.341084197,286.559104573,286.612531752,42644.0
2021-01-27 13:30:00,286.457107231,286.457107231,285.13667878,285.252567189,16039.0
2021-01-27 13:45:00,285.291423319,286.146258188,285.14571283,285.437133808,32732.0
2021-01-27 14:00:00,285.223425091,285.59255833,284.932101254,285.40799171,22891.0
2021-01-27 14:15:00,285.150569847,285.359421548,284.426874418,284.728009429,40149.0
2021-01-27 14:30:00,284.815435722,285.034001456,283.649751811,284.35887619,40132.0
2021-01-27 14:45:00,284.35887619,285.718840754,283.678893908,285.320565417,34934.0
2021-01-27 15:00:00,285.320565417,285.378849613,283.630323745,284.116025375,36427.0
2021-01-27 15:15:00,284.018885049,285.89369334,283.076623887,285.670270591,71796.0
2021-01-27 15:30:00,285.427419776,285.709126721,284.815435722,285.01457339,53098.0
2021-01-27 15:45:00,285.000002341,285.59255833,283.717750039,284.05774118,93088.0
2021-01-27 16:00:00,284.116025375,285.689698656,283.853746495,284.985431293,122840.0
2021-01-27 16:15:00,284.485158614,284.485158614,283.882888593,283.882888593,7495.0
2021-01-27 18:45:00,283.164050181,283.164050181,283.164050181,283.164050181,206.0
2021-01-27 20:00:00,282.212074986,282.212074986,282.212074986,282.212074986,143.0
2021-01-28 09:45:00,283.766320202,286.15597222,282.969769529,283.970314886,61983.0
2021-01-28 10:00:00,284.271449897,286.505677394,283.649751811,284.640583135,58816.0
2021-01-28 10:15:00,284.077169245,286.425828046,283.863460528,286.37939497,33093.0
2021-01-28 10:30:00,286.291968677,287.739359534,285.72369777,286.049117862,58896.0
2021-01-28 10:45:00,285.713983737,286.942808861,284.62115507,285.116570733,58127.0
2021-01-28 11:00:00,285.174854928,285.174854928,283.88512282,284.378304255,32969.0
2021-01-28 11:15:00,284.49001563,284.922290081,283.856272144,283.863460528,36592.0
2021-01-28 11:30:00,284.13545344,285.59255833,283.863460528,284.84457782,32534.0
2021-01-28 11:45:00,284.786293624,285.709126721,284.611441038,285.456561873,33359.0
2021-01-28 12:00:00,285.398277678,285.573130265,284.39773232,284.747437494,31071.0
2021-01-28 12:15:00,284.786293624,285.932549471,284.786293624,285.660556558,29456.0
2021-01-28 12:30:00,285.670270591,286.515391426,285.59255833,286.233684481,32489.0
2021-01-28 12:45:00,286.408537068,286.563961589,285.59255833,285.650842525,35276.0
2021-01-28 13:00:00,285.582844297,286.525105459,285.582844297,286.321110775,36448.0
2021-01-28 13:15:00,286.253112546,286.301682709,285.135998798,285.233139124,45058.0
2021-01-28 13:30:00,285.281709287,286.204542383,284.961146211,286.087973992,46477.0
2021-01-28 13:45:00,286.214256416,286.505580254,284.815435722,285.529417118,40104.0
2021-01-28 14:00:00,285.641128493,285.641128493,284.742580478,285.1068567,32388.0
2021-01-28 14:15:00,285.271995254,286.534819492,284.62115507,286.063688911,45587.0
2021-01-28 14:30:00,286.146258188,286.165686253,284.708581364,284.786293624,40941.0
2021-01-28 14:45:00,284.907719032,285.611986395,284.514300712,284.952792143,39143.0
2021-01-28 15:00:00,285.131141781,285.339993482,284.242307799,284.796007657,39598.0
2021-01-28 15:15:00,284.776579592,285.437133808,284.650297168,285.169997912,46834.0
2021-01-28 15:30:00,285.310851385,285.310851385,284.640583135,285.009716374,47914.0
2021-01-28 15:45:00,285.009716374,285.257424205,284.218022717,285.097142667,71767.0
2021-01-28 16:00:00,285.1068567,286.505677394,284.456016516,284.456016516,185073.0
2021-01-28 16:15:00,284.650297168,284.650297168,284.650297168,284.650297168,9730.0
2021-01-29 07:15:00,283.649751811,283.649751811,283.640037778,283.649751811,1155.0
2021-01-29 08:15:00,283.727464071,283.727464071,283.630323745,283.630323745,579.0
2021-01-29 09:00:00,283.649751811,283.649751811,283.649751811,283.649751811,141.0
2021-01-29 09:15:00,284.13545344,284.13545344,284.13545344,284.13545344,401.0
2021-01-29 09:30:00,282.182932889,282.182932889,281.706945291,281.706945291,933.0
2021-01-29 09:45:00,281.298955922,281.308669955,274.916836507,277.607623536,148851.0
2021-01-29 10:00:00,277.403628851,278.55959873,276.233087923,277.937900644,89348.0
2021-01-29 10:15:00,278.122467263,280.434407021,277.578481438,280.230412337,65599.0
2021-01-29 10:30:00,280.006989587,280.006989587,278.151609361,278.345890013,42864.0
2021-01-29 10:45:00,278.617882926,279.948705391,278.433316306,279.333030005,50137.0
2021-01-29 11:00:00,279.86788464,279.86788464,278.433316306,279.093870523,46238.0
2021-01-29 11:15:00,279.069585441,279.385291501,278.122467263,278.715023252,63208.0
2021-01-29 11:30:00,278.724737284,280.162414109,278.676167121,278.710166235,43731.0
2021-01-29 11:45:00,278.617882926,279.676712479,277.918472579,279.53100199,85192.0
2021-01-29 12:00:00,279.628142316,279.628142316,277.714477894,278.03504097,38774.0
2021-01-29 12:15:00,277.937900644,278.263320736,277.578481438,277.860188383,46103.0
2021-01-29 12:30:00,277.738762976,277.738762976,276.927641254,277.111625031,33364.0
2021-01-29 12:45:00,276.976211417,277.06363771,276.257373005,276.344799298,37998.0
2021-01-29 13:00:00,276.286515103,276.286515103,275.324825876,275.596818788,55808.0
2021-01-29 13:15:00,275.606532821,275.849383636,275.023690865,275.193686436,33078.0
2021-01-29 13:30:00,275.101403126,276.869357058,274.790554083,276.412797526,48721.0
2021-01-29 13:45:00,276.529365918,276.7625027,276.121376548,276.645934309,21399.0
2021-01-29 14:00:00,276.607078178,276.7625027,275.754768958,276.121376548,26646.0
2021-01-29 14:15:00,276.121376548,277.374486753,276.121376548,277.335630623,24990.0
2021-01-29 14:30:00,277.296774493,279.715568609,277.209348199,279.161868751,51650.0
2021-01-29 14:45:00,279.327007305,280.152700076,278.792832653,279.851565065,46042.0
2021-01-29 15:00:00,279.861279098,280.628687673,279.657284414,279.696140544,32662.0
2021-01-29 15:15:00,279.715568609,280.784112195,279.715568609,280.322695646,34806.0
2021-01-29 15:30:00,280.249840402,280.298410565,279.53100199,279.613571267,25470.0
2021-01-29 15:45:00,279.666998446,279.909849261,277.68047878,278.08263973,47300.0
2021-01-29 16:00:00,278.171037426,280.201270239,277.753334025,278.151609361,127852.0
2021-01-29 16:15:00,278.413888241,280.473263152,278.413888241,278.413888241,49456.0
2021-01-29 20:00:00,278.78302148,278.78302148,278.78302148,278.78302148,200.0
2021-02-01 07:15:00,281.02696301,281.02696301,279.764138772,279.764138772,312.0
2021-02-01 08:15:00,281.687517226,281.687517226,281.687517226,281.687517226,3120.0
2021-02-01 09:00:00,281.706945291,281.706945291,281.706945291,281.706945291,385.0
2021-02-01 09:15:00,281.609804965,281.658375128,281.609804965,281.658375128,405.0
2021-02-01 09:30:00,281.192101564,281.833227715,281.192101564,281.833227715,690.0
2021-02-01 09:45:00,280.181842174,282.0372224,279.764138772,280.54126138,99689.0
2021-02-01 10:00:00,280.54126138,282.678348551,279.904992245,282.590922258,57781.0
2021-02-01 10:15:00,282.095506595,283.445757126,281.5903769,282.318929345,48535.0
2021-02-01 10:30:00,282.319026485,283.649751811,282.192646921,282.192646921,53031.0
2021-02-01 10:45:00,282.07607853,282.139219742,279.375577468,281.240671727,69507.0
2021-02-01 11:00:00,281.464094476,282.241217084,281.343446192,281.522378672,28723.0
2021-02-01 11:15:00,281.541806737,282.260645149,281.541806737,282.144076758,37008.0
2021-02-01 11:30:00,282.416069671,282.425783703,281.692374242,282.396641606,32827.0
2021-02-01 11:45:00,282.386927573,282.610350323,281.867226829,282.144076758,34563.0
2021-02-01 12:00:00,282.221789019,282.998911627,282.221789019,282.794916942,23162.0
2021-02-01 12:15:00,282.853201138,283.071766871,281.998366269,282.765774844,26736.0
2021-02-01 12:30:00,282.998911627,283.630323745,282.930913398,283.523469387,33366.0
2021-02-01 12:45:00,283.523469387,283.746892137,283.280618572,283.377758898,31740.0
2021-02-01 13:00:00,283.377758898,284.601727005,283.377758898,284.562870875,37089.0
2021-02-01 13:15:00,284.562870875,284.562870875,283.678893908,284.145167473,36106.0
2021-02-01 13:30:00,284.145167473,285.009716374,283.989742951,284.990288309,33081.0
2021-02-01 13:45:00,285.048572504,285.514846069,284.524014744,284.572584907,23208.0
2021-02-01 14:00:00,284.548299826,284.961146211,284.35887619,284.93686113,27331.0
2021-02-01 14:15:00,284.864005885,284.995145325,284.62115507,284.786293624,20555.0
2021-02-01 14:30:00,284.84457782,285.36903844,284.786293624,285.000002341,77955.0
2021-02-01 14:45:00,285.087428635,285.718840754,284.932004113,285.320565417,40884.0
2021-02-01 15:00:00,285.335136466,285.417705743,284.446302483,284.446302483,34964.0
2021-02-01 15:15:00,284.437268433,284.62115507,284.13545344,284.524014744,30442.0
2021-02-01 15:30:00,284.572584907,284.970860244,284.222879734,284.467867636,38237.0
2021-02-01 15:45:00,284.465730549,285.097142667,284.315163043,285.043715488,79842.0
2021-02-01 16:00:00,284.990288309,285.087428635,283.678893908,283.950886821,161224.0
2021-02-01 16:15:00,283.950886821,283.950886821,283.950886821,283.950886821,7729.0
2021-02-01 18:30:00,285.786838982,285.786838982,285.786838982,285.786838982,100.0
2021-02-02 08:15:00,286.534819492,286.534819492,286.534819492,286.534819492,275.0
2021-02-02 09:45:00,286.37939497,290.590428101,285.611986395,288.914757478,177479.0
2021-02-02 10:00:00,288.778761021,290.488430758,288.157062935,290.342720269,101592.0
2021-02-02 10:15:00,290.604999149,292.43492861,290.537000921,291.178127073,88186.0
2021-02-02 10:30:00,291.362693692,293.480352798,290.86727803,292.88779681,57340.0
2021-02-02 10:45:00,292.88779681,292.897510842,291.896965485,292.678945109,121549.0
2021-02-02 11:00:00,292.674088092,293.266644081,291.595830474,291.896965485,122411.0
2021-02-02 11:15:00,291.838681289,292.431237278,291.148984975,291.450119985,95751.0
2021-02-02 11:30:00,291.43069192,291.858109354,291.032416584,291.450119985,60330.0
2021-02-02 11:45:00,291.401549822,292.92665294,291.323837562,292.916938907,160826.0
2021-02-02 12:00:00,292.853797696,293.276358113,291.459834018,291.935821615,59661.0
2021-02-02 12:15:00,291.858109354,293.077220445,291.858109354,292.62551793,83450.0
2021-02-02 12:30:00,292.654660027,292.810084549,291.503547165,291.624972572,78881.0
2021-02-02 12:45:00,291.624972572,292.606089864,291.556974344,292.314668886,52292.0
2021-02-02 13:00:00,292.44095131,292.858654712,292.1398163,292.426380261,66975.0
2021-02-02 13:15:00,292.479807441,292.567233734,292.151181718,292.236956626,56239.0
2021-02-02 13:30:00,292.256384691,292.266098723,291.82411024,292.032961941,29885.0
2021-02-02 13:45:00,292.052390006,292.777445399,291.955541101,292.431237278,98191.0
2021-02-02 14:00:00,292.392381147,292.508949538,292.275812756,292.392381147,54704.0
2021-02-02 14:15:00,292.382667115,292.44095131,291.964963713,292.188386463,27807.0
2021-02-02 14:30:00,292.21752856,292.538091636,291.756112012,292.528377604,47819.0
2021-02-02 14:45:00,292.576947767,293.130647625,292.479807441,292.479807441,126584.0
2021-02-02 15:00:00,292.44095131,292.654660027,292.304954854,292.421523245,57036.0
2021-02-02 15:15:00,292.382667115,292.44095131,292.125245251,292.329239935,40791.0
2021-02-02 15:30:00,292.285526789,292.955795038,292.023247909,292.946081005,64167.0
2021-02-02 15:45:00,293.072363429,293.276358113,292.319525903,292.319525903,56519.0
2021-02-02 16:00:00,292.285526789,292.416666229,291.304409496,291.498690148,126968.0
2021-02-02 16:15:00,291.420977888,291.420977888,291.420977888,291.420977888,7780.0
2021-02-03 08:15:00,291.43069192,291.43069192,291.43069192,291.43069192,180.0
2021-02-03 08:30:00,291.420977888,293.363784407,291.420977888,293.363784407,265.0
2021-02-03 09:45:00,289.983301063,292.110674202,289.983301063,290.760423671,60095.0
2021-02-03 10:00:00,291.012891378,291.663828702,289.257662828,289.740450248,32687.0
2021-02-03 10:15:00,289.555883629,291.20726917,289.400459108,291.042130616,35292.0
2021-02-03 10:30:00,290.964418356,291.994105811,290.692522583,291.508404181,39070.0
2021-02-03 10:45:00,291.600687491,292.256384691,290.750709638,290.915848193,33047.0
2021-02-03 11:00:00,290.954704323,291.838681289,290.954704323,291.649257654,19931.0
2021-02-03 11:15:00,291.644400637,292.023247909,290.177581715,290.760423671,27885.0
2021-02-03 11:30:00,290.760423671,291.042130616,290.371862367,291.042130616,23998.0
2021-02-03 11:45:00,291.022702551,291.594373369,290.876992062,291.352979659,18611.0
2021-02-03 12:00:00,291.401549822,292.071818072,291.255839333,291.323837562,40075.0
2021-02-03 12:15:00,291.265553366,291.518118214,290.770137704,291.39183579,21644.0
2021-02-03 12:30:00,291.323837562,291.65401753,291.284981431,291.566688377,20357.0
2021-02-03 12:45:00,291.620115556,292.023247909,291.615258539,291.790111126,39919.0
2021-02-03 13:00:00,291.790111126,292.051515743,291.536672016,291.892108468,18319.0
2021-02-03 13:15:00,291.887251452,291.945535648,291.450119985,291.858109354,18607.0
2021-02-03 13:30:00,291.858109354,292.115531218,291.547260311,292.091246137,18779.0
2021-02-03 13:45:00,292.091246137,292.236956626,291.828967257,291.896965485,23490.0
2021-02-03 14:00:00,291.960106697,292.314668886,291.799825159,292.028104925,20957.0
2021-02-03 14:15:00,291.926107583,292.246670658,291.843538306,292.149530332,16574.0
2021-02-03 14:30:00,292.198100495,292.547805669,292.110674202,292.110674202,23545.0
2021-02-03 14:45:00,292.159244365,292.251527675,291.760969028,291.790111126,23260.0
2021-02-03 15:00:00,291.790111126,291.926107583,291.304409496,291.770683061,29179.0
2021-02-03 15:15:00,291.906679517,292.92665294,291.813424804,292.786770871,75212.0
2021-02-03 15:30:00,292.868368744,293.276358113,292.732372288,293.266644081,24964.0
2021-02-03 15:45:00,293.266644081,293.315214244,291.906679517,291.95524968,37679.0
2021-02-03 16:00:00,292.023247909,292.275812756,291.644400637,292.1398163,95496.0
2021-02-03 16:15:00,292.1398163,292.1398163,292.1398163,292.1398163,7041.0
2021-02-04 09:45:00,292.868368744,292.868368744,291.148984975,291.926107583,73939.0
2021-02-04 10:00:00,291.87753742,293.596921189,291.87753742,293.072363429,53298.0
2021-02-04 10:15:00,293.28121513,293.878628134,292.450665343,292.654660027,51763.0
2021-02-04 10:30:00,292.819798581,293.053129644,291.940678631,292.460379375,72182.0
2021-02-04 10:45:00,292.62551793,292.635231962,291.780494234,292.411809212,31885.0
2021-02-04 11:00:00,292.411809212,292.814358723,292.251527675,292.411809212,52495.0
2021-02-04 11:15:00,292.411809212,294.092336852,292.285526789,294.092336852,110920.0
2021-02-04 11:30:00,294.267189438,294.772319133,293.946626363,294.19919121,37464.0
2021-02-04 11:45:00,294.194334194,294.937457687,293.946626363,294.102050884,65022.0
2021-02-04 12:00:00,294.126335966,294.607180579,294.111764917,294.276903471,38738.0
2021-02-04 12:15:00,294.211333751,295.034598013,294.053480721,294.667407581,69793.0
2021-02-04 12:30:00,294.72374897,294.826037734,293.587207157,293.723203613,29428.0
2021-02-04 12:45:00,293.752345711,294.369186781,293.71348958,294.102050884,23909.0
2021-02-04 13:00:00,293.93691233,294.432327992,293.73427761,294.150621047,31697.0
2021-02-04 13:15:00,294.121478949,294.480898155,294.043766689,294.383757829,29610.0
2021-02-04 13:30:00,294.383757829,294.548896384,294.034052656,294.111764917,27839.0
2021-02-04 13:45:00,294.121478949,294.432327992,294.004910558,294.004910558,26488.0
2021-02-04 14:00:00,293.927198297,293.927198297,293.130647625,293.514351912,28280.0
2021-02-04 14:15:00,293.286072146,293.907770232,293.216325392,293.771773776,26909.0
2021-02-04 14:30:00,293.67463345,293.946626363,293.596921189,293.946626363,20497.0
2021-02-04 14:45:00,293.956340395,294.587752514,293.956340395,294.23804734,27880.0
2021-02-04 15:00:00,294.16033508,294.412899927,293.71348958,294.034052656,56040.0
2021-02-04 15:15:00,293.995196526,293.995196526,293.208359885,293.218073918,20652.0
2021-02-04 15:30:00,293.15007569,293.208359885,292.780942451,292.848940679,28357.0
2021-02-04 15:45:00,292.858654712,293.71348958,292.839226647,293.596921189,34140.0
2021-02-04 16:00:00,293.626063287,293.771773776,292.92665294,293.023793266,153524.0
2021-02-04 16:15:00,293.218073918,293.218073918,293.218073918,293.218073918,6667.0
2021-02-04 18:45:00,292.878082777,292.878082777,292.878082777,292.878082777,100.0
2021-02-05 07:30:00,293.218073918,293.218073918,293.218073918,293.218073918,196.0
2021-02-05 08:15:00,296.277994186,296.277994186,296.277994186,296.277994186,129.0
2021-02-05 09:30:00,295.238592698,295.238592698,295.238592698,295.238592698,328.0
2021-02-05 09:45:00,294.68489284,295.938003045,293.218073918,294.111764917,71595.0
2021-02-05 10:00:00,293.995196526,294.325473634,293.305500211,294.004910558,40292.0
2021-02-05 10:15:00,294.140907015,294.261166738,293.198645853,293.392926505,50384.0
2021-02-05 10:30:00,293.256930048,294.228333308,293.111219559,293.771773776,30595.0
2021-02-05 10:45:00,293.800915874,294.218619275,293.062649396,293.072363429,30394.0
2021-02-05 11:00:00,293.15007569,293.859200069,293.014079233,293.354070374,29402.0
2021-02-05 11:15:00,293.344356342,293.441496668,292.207814528,292.207814528,34626.0
2021-02-05 11:30:00,292.236956626,292.727515272,291.887251452,292.275812756,49013.0
2021-02-05 11:45:00,292.275812756,292.460379375,291.809539191,291.838681289,33426.0
2021-02-05 12:00:00,291.91639355,292.00867686,291.017845535,291.056701665,44198.0
2021-02-05 12:15:00,291.07612973,291.20726917,290.342720269,290.799279801,33619.0
2021-02-05 12:30:00,290.731281573,290.770137704,290.177581715,290.285310337,34874.0
2021-02-05 12:45:00,290.352434302,291.994105811,290.323292204,291.707541849,27067.0
2021-02-05 13:00:00,291.790111126,292.358382033,291.576402409,291.82411024,37600.0
2021-02-05 13:15:00,291.858109354,291.945535648,291.440405953,291.527832246,30361.0
2021-02-05 13:30:00,291.634686605,291.994105811,291.294695464,291.87753742,28229.0
2021-02-05 13:45:00,291.867823387,292.266098723,291.518118214,291.984391778,22606.0
2021-02-05 14:00:00,292.02363647,292.081532104,291.148984975,291.314026389,32644.0
2021-02-05 14:15:00,291.39183579,291.508404181,291.20726917,291.275267399,29079.0
2021-02-05 14:30:00,291.304409496,291.848395322,291.139270942,291.848395322,28883.0
2021-02-05 14:45:00,291.867823387,291.984391778,291.148984975,291.343265627,28570.0
2021-02-05 15:00:00,291.401549822,291.576402409,291.012988519,291.012988519,24623.0
2021-02-05 15:15:00,291.082929553,291.722112898,290.687568427,291.328694578,40325.0
2021-02-05 15:30:00,291.328694578,292.198100495,291.168801601,292.062104039,41695.0
2021-02-05 15:45:00,292.052390006,292.052390006,291.212126187,291.246125301,45430.0
2021-02-05 16:00:00,291.158699007,291.249719493,290.022157194,290.235865911,145276.0
2021-02-05 16:15:00,290.245579943,290.245579943,290.245579943,290.245579943,8305.0
2021-02-08 09:45:00,292.392381147,292.780942451,289.67245202,289.85701864,63715.0
2021-02-08 10:00:00,290.342720269,291.556974344,289.775712187,290.740995606,33794.0
2021-02-08 10:15:00,291.139270942,291.226697236,289.789020411,290.148439617,25693.0
2021-02-08 10:30:00,290.284436074,290.721567541,289.910445819,289.910445819,28006.0
2021-02-08 10:45:00,289.905588803,290.439860595,289.721022183,290.226151878,23412.0
2021-02-08 11:00:00,290.206723813,290.459288661,289.565597662,289.789020411,28725.0
2021-02-08 11:15:00,289.915302835,290.371862367,289.67245202,290.226151878,25562.0
2021-02-08 11:30:00,290.294150106,291.440405953,290.19700978,291.440405953,25765.0
2021-02-08 11:45:00,291.43069192,291.770683061,291.139270942,291.236411268,31053.0
2021-02-08 12:00:00,291.187841105,291.624972572,290.750709638,291.39183579,32259.0
2021-02-08 12:15:00,291.401549822,292.11912541,291.139270942,291.945535648,35973.0
2021-02-08 12:30:00,291.945535648,292.829512614,291.838681289,292.59589013,106619.0
2021-02-08 12:45:00,292.62551793,292.848940679,292.130102267,292.692641895,34991.0
2021-02-08 13:00:00,292.606089864,292.814941565,292.379752905,292.605118461,16498.0
2021-02-08 13:15:00,292.606089864,292.975223103,292.372953082,292.771228418,33025.0
2021-02-08 13:30:00,292.81348446,292.858654712,292.586661799,292.586661799,29658.0
2021-02-08 13:45:00,292.669231076,292.926167238,292.538091636,292.693516158,24337.0
2021-02-08 14:00:00,292.70323019,292.858654712,292.474950424,292.518663571,35805.0
2021-02-08 14:15:00,292.576947767,292.848940679,292.513806555,292.659517044,47715.0
2021-02-08 14:30:00,292.688659141,292.819798581,292.586661799,292.683802125,23955.0
2021-02-08 14:45:00,292.683802125,292.800370516,292.620660913,292.693516158,27542.0
2021-02-08 15:00:00,292.732372288,292.936366973,291.95524968,291.964963713,21928.0
2021-02-08 15:15:00,292.032961941,292.246184957,291.595830474,292.149530332,22976.0
2021-02-08 15:30:00,292.207814528,292.620660913,292.013533876,292.232099609,30432.0
2021-02-08 15:45:00,292.285526789,292.465236392,291.459834018,291.469548051,43246.0
2021-02-08 16:00:00,291.576402409,292.052390006,291.148984975,291.304409496,247027.0
2021-02-08 16:15:00,291.547260311,292.528377604,290.449574628,290.449574628,62710.0
2021-02-09 08:15:00,291.547260311,291.547260311,291.547260311,291.547260311,112.0
2021-02-09 09:45:00,290.459288661,291.527832246,290.459288661,291.362693692,41309.0
2021-02-09 10:00:00,291.401549822,291.469548051,290.789565769,291.294695464,21619.0
2021-02-09 10:15:00,291.16841304,291.663828702,290.070727357,290.111137732,28363.0
2021-02-09 10:30:00,290.362148335,291.216983203,289.691880085,289.876446705,33719.0
2021-02-09 10:45:00,290.031871226,290.498144791,289.536455564,290.294150106,34201.0
2021-02-09 11:00:00,290.19700978,290.740995606,290.11929752,290.274722041,27728.0
2021-02-09 11:15:00,290.342720269,291.508404181,290.342720269,291.362693692,38530.0
2021-02-09 11:30:00,291.362693692,293.111219559,291.284981431,292.353622157,30805.0
2021-02-09 11:45:00,292.538091636,293.407497554,292.450665343,293.407497554,22938.0
2021-02-09 12:00:00,293.660062401,294.378900813,293.41235457,294.267189438,21197.0
2021-02-09 12:15:00,294.267189438,294.830603329,294.111764917,294.72374897,26287.0
2021-02-09 12:30:00,294.762605101,294.979228028,294.46147009,294.979228028,50904.0
2021-02-09 12:45:00,294.996616146,295.442587382,294.840317361,295.190022535,23456.0
2021-02-09 13:00:00,295.258020763,295.802006588,295.258020763,295.394017219,15016.0
2021-02-09 13:15:00,295.335733024,295.47172948,295.160880437,295.403731252,17268.0
2021-02-09 13:30:00,295.607725937,295.753436425,295.403731252,295.520299643,13603.0
2021-02-09 13:45:00,295.491157545,295.889335742,295.491157545,295.743722393,28811.0
2021-02-09 14:00:00,295.860290784,295.985796085,295.442587382,295.646582067,15877.0
2021-02-09 14:15:00,295.714580295,296.938645543,295.666010132,296.92883437,42618.0
2021-02-09 14:30:00,297.021117679,297.093972924,296.093427566,296.093427566,15391.0
2021-02-09 14:45:00,296.103141599,297.880809564,296.103141599,296.938548402,40323.0
2021-02-09 15:00:00,296.841408076,297.259111478,296.44313274,296.540273066,20153.0
2021-02-09 15:15:00,296.513559476,296.812265978,296.200281925,296.511130968,22799.0
2021-02-09 15:30:00,296.472274838,297.111652463,296.336278381,296.960404976,42331.0
2021-02-09 15:45:00,296.957976467,297.341680755,296.501416935,297.05997381,52725.0
2021-02-09 16:00:00,297.016260663,297.016260663,295.005455916,295.034598013,220514.0
2021-02-09 16:15:00,295.092882209,295.092882209,295.092882209,295.092882209,10179.0
2021-02-10 09:45:00,295.938003045,295.938003045,294.519754286,295.287162861,44966.0
2021-02-10 10:00:00,295.287162861,295.384303187,294.155478063,295.073454144,28656.0
2021-02-10 10:15:00,295.044312046,295.598011904,295.015169948,295.335733024,24514.0
2021-02-10 10:30:00,295.258020763,295.510585611,294.548896384,294.714034938,31870.0
2021-02-10 10:45:00,294.72374897,295.034598013,294.354615732,294.616894612,22768.0
2021-02-10 11:00:00,294.616894612,295.024883981,294.335187666,294.597466547,30924.0
2021-02-10 11:15:00,294.529468318,294.616894612,294.014624591,294.150621047,18124.0
2021-02-10 11:30:00,294.043766689,294.72374897,294.043766689,294.403185895,20893.0
2021-02-10 11:45:00,294.412899927,294.762605101,294.16033508,294.16033508,24643.0
2021-02-10 12:00:00,294.286617503,295.190022535,294.16033508,295.097739225,18592.0
2021-02-10 12:15:00,294.918029622,295.024883981,294.432327992,294.932600671,32414.0
2021-02-10 12:30:00,294.869459459,295.238592698,293.742631678,294.102050884,25614.0
2021-02-10 12:45:00,294.150621047,294.165192096,293.752345711,293.97576846,25875.0
2021-02-10 13:00:00,294.019481607,294.529468318,293.8980562,294.529468318,31871.0
2021-02-10 13:15:00,294.500326221,295.598011904,294.354615732,295.384303187,49875.0
2021-02-10 13:30:00,295.335733024,295.685438197,294.791747198,294.918029622,26071.0
2021-02-10 13:45:00,294.859745427,294.888887524,294.704320905,294.874316476,20809.0
2021-02-10 14:00:00,294.869459459,294.90831559,294.597466547,294.675178807,17768.0
2021-02-10 14:15:00,294.665464775,295.403731252,294.500326221,295.015169948,27676.0
2021-02-10 14:30:00,294.879173492,295.379446171,294.587752514,295.373520611,20716.0
2021-02-10 14:45:00,295.403731252,295.754504969,295.306590926,295.321161975,30012.0
2021-02-10 15:00:00,295.355161089,295.429376298,295.073454144,295.258020763,23680.0
2021-02-10 15:15:00,295.141452372,295.462015448,295.141452372,295.277448828,22288.0
2021-02-10 15:30:00,295.374589154,295.374589154,294.918029622,295.054026079,17029.0
2021-02-10 15:45:00,295.015169948,295.306590926,294.364329764,294.374043797,33765.0
2021-02-10 16:00:00,294.510040253,295.141452372,294.364329764,294.956885753,86267.0
2021-02-10 16:15:00,294.94717172,294.94717172,294.94717172,294.94717172,8953.0
2021-02-10 18:15:00,294.335187666,294.335187666,294.335187666,294.335187666,150.0
2021-02-11 09:30:00,294.218619275,294.218619275,294.092336852,294.092336852,519.0
2021-02-11 09:45:00,293.927198297,294.820889296,292.984937136,294.179763145,55492.0
2021-02-11 10:00:00,294.247761373,295.500871578,293.528922961,294.888887524,32421.0
2021-02-11 10:15:00,294.772319133,295.141452372,294.140907015,294.976313818,29230.0
2021-02-11 10:30:00,295.058883095,295.287162861,294.306045569,294.850031394,50217.0
2021-02-11 10:45:00,294.869459459,295.394017219,294.665464775,295.068597127,71650.0
2021-02-11 11:00:00,295.015169948,295.204593584,294.607666281,294.850031394,44671.0
2021-02-11 11:15:00,294.888887524,295.092882209,293.907770232,294.412899927,62807.0
2021-02-11 11:30:00,294.427470976,295.315236415,294.427470976,295.134069707,35910.0
2021-02-11 11:45:00,295.112310274,295.306590926,294.903458573,295.141452372,17124.0
2021-02-11 12:00:00,295.05159757,295.136595356,294.568324449,294.704320905,16655.0
2021-02-11 12:15:00,294.704320905,295.044312046,294.267966561,294.41387133,82174.0
2021-02-11 12:30:00,294.403185895,294.480898155,292.713041363,293.120933592,23678.0
2021-02-11 12:45:00,293.062649396,293.213216902,291.596607597,291.778065726,21396.0
2021-02-11 13:00:00,291.722112898,292.374313047,291.566688377,291.819253224,19111.0
2021-02-11 13:15:00,291.712398865,291.741540963,291.119842877,291.294695464,21557.0
2021-02-11 13:30:00,291.518118214,291.518118214,290.857563997,290.857563997,17115.0
2021-02-11 13:45:00,290.770137704,291.459834018,290.740995606,291.280124415,20558.0
2021-02-11 14:00:00,291.24874809,291.848395322,291.192698122,291.284981431,25373.0
2021-02-11 14:15:00,291.178127073,291.246125301,290.838135932,291.110128844,16512.0
2021-02-11 14:30:00,291.187841105,292.154387349,291.16841304,291.78525411,15443.0
2021-02-11 14:45:00,291.892108468,291.892108468,291.003274486,291.20726917,20636.0
2021-02-11 15:00:00,291.333551594,291.480622048,290.954704323,291.158699007,15868.0
2021-02-11 15:15:00,291.197555138,291.722112898,290.838135932,291.537546279,23975.0
2021-02-11 15:30:00,291.600687491,291.875108911,291.382121757,291.450119985,24405.0
2021-02-11 15:45:00,291.450119985,291.566688377,291.119842877,291.304409496,48546.0
2021-02-11 16:00:00,291.236411268,291.352979659,290.585571084,291.051844649,104889.0
2021-02-11 16:15:00,291.061558682,291.061558682,291.061558682,291.061558682,7544.0
2021-02-12 09:45:00,289.983301063,292.882939793,289.478171368,292.353525017,36294.0
2021-02-12 10:00:00,292.547805669,292.606089864,291.450119985,292.042675974,16835.0
2021-02-12 10:15:00,292.188386463,292.188386463,290.838135932,290.964418356,19378.0
2021-02-12 10:30:00,290.910991176,291.838584149,290.799279801,291.576402409,15538.0
2021-02-12 10:45:00,291.576402409,291.989248794,291.197555138,291.984391778,12902.0
2021-02-12 11:00:00,291.984391778,292.227242593,291.819253224,291.87753742,20498.0
2021-02-12 11:15:00,291.887251452,291.974677746,291.003274486,291.012988519,15506.0
2021-02-12 11:30:00,290.935276258,291.600687491,290.935276258,291.382121757,19127.0
2021-02-12 11:45:00,291.382121757,291.712398865,291.275267399,291.566688377,17898.0
2021-02-12 12:00:00,291.624972572,292.070846668,291.246125301,291.275267399,15911.0
2021-02-12 12:15:00,291.280124415,291.586116442,291.003274486,291.323837562,17336.0
2021-02-12 12:30:00,291.323837562,291.343265627,290.799279801,290.847849964,14904.0
2021-02-12 12:45:00,290.808993834,290.857563997,290.206723813,290.313578172,22719.0
2021-02-12 13:00:00,290.303864139,290.459288661,289.847304607,289.847304607,19575.0
2021-02-12 13:15:00,289.808448477,289.915302835,289.390745075,289.390745075,23860.0
2021-02-12 13:30:00,289.390745075,289.487885401,288.934185543,289.245034586,20062.0
2021-02-12 13:45:00,289.235320553,289.332460879,288.660735525,288.660735525,28561.0
2021-02-12 14:00:00,288.652478598,288.992469739,288.633050532,288.866187315,14991.0
2021-02-12 14:15:00,288.866187315,288.866187315,288.385342701,288.477626011,19359.0
2021-02-12 14:30:00,288.477626011,288.516482141,288.059922609,288.166776968,21834.0
2021-02-12 14:45:00,288.205633098,288.205633098,287.642219208,287.797643729,26121.0
2021-02-12 15:00:00,287.758787599,288.633050532,287.749073566,288.205633098,23025.0
2021-02-12 15:15:00,288.186205033,288.244489229,287.865641957,288.191062049,26702.0
2021-02-12 15:30:00,288.173965352,288.467911978,288.13763487,288.409627783,20705.0
2021-02-12 15:45:00,288.419341815,289.400459108,288.336772538,289.10903813,30692.0
2021-02-12 16:00:00,289.060467967,289.478074228,288.827331184,289.070181999,70789.0
2021-02-12 16:15:00,288.856473282,288.856473282,288.856473282,288.856473282,5784.0
2021-02-12 16:45:00,289.478171368,289.478171368,289.478171368,289.478171368,300.0
2021-02-16 07:15:00,288.798189087,288.798189087,288.798189087,288.798189087,214.0
2021-02-16 08:15:00,290.527286889,290.527286889,290.449574628,290.449574628,519.0
2021-02-16 09:45:00,288.380485685,289.604453792,287.61307711,287.933640186,62306.0
2021-02-16 10:00:00,287.826785827,287.826785827,285.699412688,286.37939497,70107.0
2021-02-16 10:15:00,286.37939497,287.000218793,285.165140896,285.548845183,31190.0
2021-02-16 10:30:00,285.747982851,285.903407373,285.212156813,285.495418004,19417.0
2021-02-16 10:45:00,285.466275906,285.466275906,284.062598196,284.32002006,41778.0
2021-02-16 11:00:00,284.32002006,284.329734092,282.884966024,283.858603511,44843.0
2021-02-16 11:15:00,283.912030691,284.281066789,282.892057268,283.202906311,27652.0
2021-02-16 11:30:00,283.191540893,283.455471159,282.78520291,283.372901882,28653.0
2021-02-16 11:45:00,283.30976067,283.30976067,282.678348551,282.780345893,32024.0
2021-02-16 12:00:00,282.746346779,283.455471159,282.29950128,283.343759784,27071.0
2021-02-16 12:15:00,283.445757126,284.456016516,283.241762442,284.193737636,29266.0
2021-02-16 12:30:00,284.111168359,284.519157728,284.028599082,284.329734092,20160.0
2021-02-16 12:45:00,284.572584907,284.864005885,284.441445467,284.669725233,24660.0
2021-02-16 13:00:00,284.660011201,284.951432178,284.460873532,284.75229451,24815.0
2021-02-16 13:15:00,284.747437494,284.980574276,284.436588451,284.514300712,18612.0
2021-02-16 13:30:00,284.533728777,284.533728777,283.921744723,283.980028919,19216.0
2021-02-16 13:45:00,283.980028919,284.475444581,283.816638891,284.349162157,26955.0
2021-02-16 14:00:00,284.344305141,284.941718146,284.290877962,284.825149755,19712.0
2021-02-16 14:15:00,284.825149755,284.825149755,284.125739408,284.18888062,28170.0
2021-02-16 14:30:00,284.184023603,284.184023603,283.455471159,283.766320202,41322.0
2021-02-16 14:45:00,283.805176332,284.018885049,283.693464957,283.844032462,26182.0
2021-02-16 15:00:00,283.902316658,283.902316658,283.533183419,283.538040436,23435.0
2021-02-16 15:15:00,283.523469387,283.709978813,283.334045751,283.38747293,30431.0
2021-02-16 15:30:00,283.38747293,283.522012282,283.241762442,283.290332605,36845.0
2021-02-16 15:45:00,283.207763327,283.662671474,283.076623887,283.542897452,57101.0
2021-02-16 16:00:00,283.591467615,283.591467615,282.484067899,282.542352095,106049.0
2021-02-16 16:15:00,282.56178016,282.56178016,282.56178016,282.56178016,21778.0
2021-02-16 16:30:00,282.610350323,282.610350323,282.610350323,282.610350323,541.0
2021-02-16 18:45:00,282.649206453,282.649206453,282.649206453,282.649206453,201.0
2021-02-16 20:00:00,283.640037778,283.640037778,283.640037778,283.640037778,150.0
2021-02-17 04:15:00,283.649751811,283.649751811,283.649751811,283.649751811,100.0
2021-02-17 09:15:00,282.298724157,282.298724157,282.298724157,282.298724157,105.0
2021-02-17 09:45:00,282.435497736,283.232048409,279.841851033,280.920108651,98823.0
2021-02-17 10:00:00,280.810145802,281.871501003,280.531547347,281.755515454,35963.0
2021-02-17 10:15:00,281.891511911,282.000503356,280.871538488,281.706945291,26226.0
2021-02-17 10:30:00,281.706945291,283.848889479,281.318383987,283.406900996,56048.0
2021-02-17 10:45:00,283.474899224,285.33027945,283.329188735,285.012144882,85914.0
2021-02-17 11:00:00,285.142118638,286.661101915,285.019430407,286.393966019,70374.0
2021-02-17 11:15:00,286.389109003,287.515936784,286.389109003,286.981664991,58013.0
2021-02-17 11:30:00,286.8650966,286.910461132,285.495418004,285.660556558,41925.0
2021-02-17 11:45:00,285.40799171,286.835954502,285.296280336,286.835954502,30367.0
2021-02-17 12:00:00,286.831097486,287.175945643,286.622245785,286.64167385,24625.0
2021-02-17 12:15:00,286.690244013,286.8650966,286.37939497,286.777670307,13277.0
2021-02-17 12:30:00,286.709672078,286.835954502,286.194828351,286.408537068,15846.0
2021-02-17 12:45:00,286.37939497,286.709672078,286.121973106,286.665958932,18348.0
2021-02-17 13:00:00,286.661101915,287.030235154,286.37939497,286.913666763,20232.0
2021-02-17 13:15:00,286.913666763,287.253657904,286.913666763,286.944557387,16667.0
2021-02-17 13:30:00,286.894238698,287.195373708,286.607674736,286.787384339,20359.0
2021-02-17 13:45:00,286.874810633,287.200230724,286.806812404,286.981664991,12850.0
2021-02-17 14:00:00,287.010807089,287.341084197,286.816526437,287.044806203,25879.0
2021-02-17 14:15:00,287.117661447,287.515936784,286.971950958,287.370226295,17016.0
2021-02-17 14:30:00,287.355655246,287.404225409,287.117661447,287.316799116,16196.0
2021-02-17 14:45:00,287.341084197,287.700503403,286.894238698,287.622791142,29322.0
2021-02-17 15:00:00,287.617934126,288.186205033,287.535364849,288.055065593,20878.0
2021-02-17 15:15:00,288.021066479,288.195919066,287.273085969,288.030780511,46270.0
2021-02-17 15:30:00,288.035637528,288.157062935,287.83649986,287.83649986,23215.0
2021-02-17 15:45:00,287.83649986,288.506768109,287.61307711,287.724788485,53457.0
2021-02-17 16:00:00,287.778215664,288.730190858,287.758787599,288.681620695,117119.0
2021-02-17 16:15:00,288.681620695,288.681620695,288.681620695,288.681620695,3732.0
2021-02-18 09:45:00,287.341084197,288.322201489,286.797098372,286.797098372,46240.0
2021-02-18 10:00:00,286.797098372,287.797643729,286.631959818,287.030235154,24847.0
2021-02-18 10:15:00,287.059377252,288.477528871,286.612531752,288.263917294,36506.0
2021-02-18 10:30:00,288.263917294,289.759878314,288.118206805,289.662737988,35892.0
2021-02-18 10:45:00,289.429601205,290.226151878,289.139637332,289.740450248,34880.0
2021-02-18 11:00:00,289.565597662,289.565597662,288.234775196,288.720476826,34260.0
2021-02-18 11:15:00,288.370771652,288.730190858,288.093921723,288.273631326,22636.0
2021-02-18 11:30:00,288.36105762,288.759332956,288.09877874,288.759332956,18670.0
2021-02-18 11:45:00,288.701048761,288.895329413,287.768501631,287.817071794,27161.0
2021-02-18 12:00:00,287.894784055,288.380485685,287.719931468,288.147348903,19416.0
2021-02-18 12:15:00,288.011352446,288.633050532,288.001638414,288.448483913,14123.0
2021-02-18 12:30:00,288.409627783,288.497054076,288.108492772,288.365914636,14525.0
2021-02-18 12:45:00,288.516482141,288.88561538,288.370771652,288.798189087,12195.0
2021-02-18 13:00:00,288.759332956,288.769046989,288.251969034,288.66219263,12073.0
2021-02-18 13:15:00,288.739904891,288.895329413,288.535910206,288.79333207,17705.0
2021-02-18 13:30:00,288.866187315,289.487788261,288.866187315,289.415030156,18048.0
2021-02-18 13:45:00,289.468457336,289.468457336,288.817617152,288.817617152,13226.0
2021-02-18 14:00:00,288.807903119,288.88561538,288.357366287,288.88561538,22779.0
2021-02-18 14:15:00,288.973041673,289.546169596,288.914757478,288.914757478,13580.0
2021-02-18 14:30:00,288.943899576,289.468457336,288.827331184,289.468457336,16123.0
2021-02-18 14:45:00,289.439315238,289.594739759,289.274176684,289.342174912,17860.0
2021-02-18 15:00:00,289.283890716,289.342174912,288.973041673,289.128466195,11614.0
2021-02-18 15:15:00,289.157608293,289.342174912,289.10903813,289.10903813,9140.0
2021-02-18 15:30:00,289.211035472,289.439315238,289.089610064,289.313032814,26239.0
2021-02-18 15:45:00,289.303318782,289.41017314,289.021611836,289.118752162,22360.0
2021-02-18 16:00:00,289.128466195,289.429601205,288.943899576,289.342174912,91359.0
2021-02-18 16:15:00,289.342174912,289.342174912,289.342174912,289.342174912,9070.0
2021-02-18 16:30:00,289.342174912,289.342174912,289.342174912,289.342174912,120.0
2021-02-18 17:00:00,288.059922609,288.059922609,288.059922609,288.059922609,180.0
2021-02-18 17:30:00,289.339940684,289.339940684,289.339940684,289.339940684,148.0
2021-02-18 18:15:00,289.342174912,289.342174912,289.342174912,289.342174912,182.0
2021-02-18 18:45:00,289.342174912,289.342174912,289.342174912,289.342174912,300.0
2021-02-19 09:45:00,289.905588803,290.303864139,287.826785827,289.128466195,95355.0
2021-02-19 10:00:00,289.133323211,289.716165167,288.438769881,288.914757478,58886.0
2021-02-19 10:15:00,288.92447151,288.953613608,287.817071794,288.701048761,37277.0
2021-02-19 10:30:00,288.701048761,288.798189087,288.205633098,288.555338272,44117.0
2021-02-19 10:45:00,288.647621581,288.982755706,288.210490115,288.982755706,38020.0
2021-02-19 11:00:00,288.963327641,289.604453792,288.788475054,289.37131701,25310.0
2021-02-19 11:15:00,289.400459108,289.745307265,289.361602977,289.497599434,30981.0
2021-02-19 11:30:00,289.565597662,290.002729129,289.308175798,289.555883629,35394.0
2021-02-19 11:45:00,289.555883629,289.769592346,289.254748619,289.419887173,16879.0
2021-02-19 12:00:00,289.487885401,289.497599434,289.042497006,289.235320553,17079.0
2021-02-19 12:15:00,289.235320553,289.497599434,289.215892488,289.235320553,20145.0
2021-02-19 12:30:00,289.2790337,290.156307984,289.206178456,289.703828346,38081.0
2021-02-19 12:45:00,289.575311694,290.109583487,289.575311694,289.983301063,24315.0
2021-02-19 13:00:00,289.983301063,290.109583487,289.429601205,289.614167825,15291.0
2021-02-19 13:15:00,289.67245202,289.929873884,289.648166939,289.798734444,14208.0
2021-02-19 13:30:00,289.740450248,289.798734444,289.41017314,289.517027499,9598.0
2021-02-19 13:45:00,289.463600319,289.711308151,288.92447151,289.390745075,52952.0
2021-02-19 14:00:00,289.497599434,290.19700978,289.449029271,290.070727357,16030.0
2021-02-19 14:15:00,290.012443161,290.061013324,289.721022183,289.85701864,15960.0
2021-02-19 14:30:00,289.868481198,289.876446705,288.739904891,288.739904891,48257.0
2021-02-19 14:45:00,288.788475054,288.963327641,288.458197946,288.735047875,24019.0
2021-02-19 15:00:00,288.691334728,288.919614494,288.472768995,288.914757478,22711.0
2021-02-19 15:15:00,288.970418885,289.016560539,288.506768109,288.788475054,20869.0
2021-02-19 15:30:00,288.827331184,289.206178456,288.827331184,289.14789426,28100.0
2021-02-19 15:45:00,289.14789426,289.429601205,288.914757478,289.235320553,53835.0
2021-02-19 16:00:00,289.235320553,289.351888945,288.322201489,288.749618924,193679.0
2021-02-19 16:15:00,288.739904891,288.739904891,288.739904891,288.739904891,112066.0
2021-02-22 09:30:00,287.428510491,287.428510491,287.137089513,287.137089513,591.0
2021-02-22 09:45:00,286.661101915,288.056814119,285.611986395,288.030780511,64259.0
2021-02-22 10:00:00,288.021066479,288.6233365,287.467366621,287.642219208,25008.0
2021-02-22 10:15:00,287.87535599,288.633050532,287.690789371,288.239632212,28770.0
2021-02-22 10:30:00,288.108492772,288.642764565,287.370226295,288.059922609,35176.0
2021-02-22 10:45:00,288.059922609,289.662737988,287.953068251,289.607756563,42036.0
2021-02-22 11:00:00,289.798734444,290.90613416,289.536455564,289.798734444,52144.0
2021-02-22 11:15:00,289.954158966,290.177581715,288.769046989,288.968184657,48622.0
2021-02-22 11:30:00,288.943899576,289.196464423,288.332012662,288.66219263,28485.0
2021-02-22 11:45:00,288.720476826,288.84675925,287.933640186,288.210490115,69608.0
2021-02-22 12:00:00,288.293059392,289.215892488,288.283345359,288.730190858,45543.0
2021-02-22 12:15:00,288.701048761,289.18675039,288.322201489,289.041039901,23239.0
2021-02-22 12:30:00,288.982755706,290.300269947,288.934185543,290.051299291,64745.0
2021-02-22 12:45:00,290.167867683,290.789565769,290.167867683,290.789565769,30022.0
2021-02-22 13:00:00,290.760423671,290.760423671,290.06587034,290.19700978,21459.0
2021-02-22 13:15:00,290.449574628,290.595285117,290.350782916,290.459288661,17194.0
2021-02-22 13:30:00,290.464145677,290.537000921,290.226151878,290.323292204,15612.0
2021-02-22 13:45:00,290.391290432,290.546714954,290.15815365,290.410718498,18383.0
2021-02-22 14:00:00,290.3815764,290.42043253,290.124737378,290.177581715,10650.0
2021-02-22 14:15:00,290.25043696,290.284436074,289.643309922,289.866732672,20454.0
2021-02-22 14:30:00,289.983301063,290.604999149,289.905588803,290.55157197,19495.0
2021-02-22 14:45:00,290.459288661,290.653569312,290.32814922,290.449574628,18600.0
2021-02-22 15:00:00,290.459288661,290.557108969,289.565597662,289.711308151,25086.0
2021-02-22 15:15:00,289.798734444,290.333006237,289.662737988,289.779306379,27060.0
2021-02-22 15:30:00,289.827876542,290.449574628,289.526741531,290.284436074,29331.0
2021-02-22 15:45:00,290.391290432,290.789565769,290.017300177,290.235865911,76493.0
2021-02-22 16:00:00,290.352434302,290.566143019,289.099324097,289.497599434,96950.0
2021-02-22 16:15:00,289.419887173,289.419887173,289.419887173,289.419887173,57924.0
2021-02-23 06:30:00,287.535364849,287.535364849,287.535364849,287.535364849,100.0
2021-02-23 07:45:00,287.554792914,287.554792914,287.554792914,287.554792914,150.0
2021-02-23 09:30:00,288.506768109,291.858109354,288.506768109,291.858109354,2873.0
2021-02-23 09:45:00,291.87753742,295.847759682,290.323292204,294.859745427,126077.0
2021-02-23 10:00:00,295.160880437,295.598011904,290.886706095,291.39183579,82788.0
2021-02-23 10:15:00,291.547260311,291.634686605,290.012443161,290.42043253,59670.0
2021-02-23 10:30:00,290.42043253,290.478716726,287.953068251,287.957925267,55982.0
2021-02-23 10:45:00,287.957925267,289.060467967,287.681075338,287.91421212,36254.0
2021-02-23 11:00:00,287.943354218,288.09877874,287.195373708,287.622791142,44553.0
2021-02-23 11:15:00,287.749073566,288.108492772,287.195373708,287.38965436,37547.0
2021-02-23 11:30:00,287.443081539,288.263917294,287.438224523,288.069636642,26769.0
2021-02-23 11:45:00,288.171633984,289.599596776,287.87535599,288.710762793,44818.0
2021-02-23 12:00:00,288.710762793,289.206178456,288.526196174,289.138180227,25770.0
2021-02-23 12:15:00,289.138180227,289.157608293,288.603908435,289.138180227,14380.0
2021-02-23 12:30:00,289.079896032,289.079896032,288.148320306,288.370771652,20558.0
2021-02-23 12:45:00,288.370771652,289.026468853,288.370771652,288.88561538,23018.0
2021-02-23 13:00:00,288.84675925,288.88561538,287.923926153,288.409627783,16473.0
2021-02-23 13:15:00,288.545624239,288.807903119,288.390199718,288.516482141,23648.0
2021-02-23 13:30:00,288.550481255,288.982755706,288.477626011,288.506768109,24015.0
2021-02-23 13:45:00,288.409627783,288.953613608,288.186205033,288.84675925,20749.0
2021-02-23 14:00:00,288.88561538,289.526741531,288.88561538,289.206178456,28105.0
2021-02-23 14:15:00,289.177036358,289.478171368,288.934185543,289.361602977,25188.0
2021-02-23 14:30:00,289.459811847,289.779306379,289.079896032,289.079896032,25812.0
2021-02-23 14:45:00,288.982755706,289.143037244,288.36105762,288.971001726,34676.0
2021-02-23 15:00:00,288.900186429,289.954158966,288.696191744,289.381031042,30023.0
2021-02-23 15:15:00,289.351888945,290.080441389,289.342174912,290.022157194,34093.0
2021-02-23 15:30:00,290.022157194,290.449574628,289.85701864,290.274722041,46676.0
2021-02-23 15:45:00,290.274722041,291.65411467,290.216437846,291.265553366,62195.0
2021-02-23 16:00:00,291.20726917,291.265553366,290.138725585,290.138725585,142237.0
2021-02-23 16:15:00,290.138725585,290.138725585,290.138725585,290.138725585,55240.0
2021-02-24 09:45:00,291.275267399,291.527832246,288.419341815,288.419341815,53412.0
2021-02-24 10:00:00,288.506768109,291.440405953,288.429055848,290.847849964,48089.0
2021-02-24 10:15:00,290.779851736,292.17867243,290.313578172,292.17867243,36316.0
2021-02-24 10:30:00,292.120388235,292.878082777,291.87753742,292.04753299,32224.0
2021-02-24 10:45:00,291.95524968,292.392381147,290.663283345,291.16841304,50051.0
2021-02-24 11:00:00,291.16841304,291.586116442,290.760423671,291.488976116,31078.0
2021-02-24 11:15:00,291.634686605,292.081532104,291.420977888,291.91639355,81245.0
2021-02-24 11:30:00,292.256384691,293.373498439,291.95524968,292.810084549,43339.0
2021-02-24 11:45:00,292.979205856,294.014624591,292.975223103,293.839772004,35209.0
2021-02-24 12:00:00,293.820343939,293.849486037,293.140361657,293.198645853,31832.0
2021-02-24 12:15:00,293.198645853,293.499780863,292.96550907,293.159789722,31086.0
2021-02-24 12:30:00,293.247216016,293.402640537,292.654660027,293.276358113,42552.0
2021-02-24 12:45:00,293.266644081,293.344356342,292.975223103,293.052935364,26471.0
2021-02-24 13:00:00,292.994651168,293.664919417,292.586661799,293.664919417,26441.0
2021-02-24 13:15:00,293.684347482,294.587752514,293.616349254,294.393471862,31428.0
2021-02-24 13:30:00,294.378900813,295.092979349,294.150621047,295.092882209,27351.0
2021-02-24 13:45:00,295.190022535,295.763150458,295.122024307,295.520299643,40411.0
2021-02-24 14:00:00,295.423159317,295.504951472,294.995741883,294.995741883,31611.0
2021-02-24 14:15:00,295.054026079,295.306590926,294.72374897,294.738320019,31106.0
2021-02-24 14:30:00,294.869459459,294.918029622,293.907770232,294.150621047,36202.0
2021-02-24 14:45:00,294.19919121,294.820889296,294.170049112,294.296331536,25533.0
2021-02-24 15:00:00,294.335187666,294.412899927,293.256930048,293.256930048,24825.0
2021-02-24 15:15:00,293.358927391,294.317993829,293.266644081,293.8980562,28949.0
2021-02-24 15:30:00,293.990339509,294.500326221,293.839772004,294.014624591,31488.0
2021-02-24 15:45:00,294.063194754,294.111764917,292.810084549,292.946081005,24839.0
2021-02-24 16:00:00,292.897510842,293.426925619,292.674088092,293.033507299,103277.0
2021-02-24 16:15:00,293.101505527,293.101505527,293.101505527,293.101505527,18913.0
2021-02-24 16:30:00,293.033507299,293.033507299,293.033507299,293.033507299,142.0
2021-02-24 17:30:00,293.101505527,293.101505527,293.101505527,293.101505527,283.0
2021-02-24 19:30:00,293.363784407,293.363784407,293.363784407,293.363784407,301.0
2021-02-25 07:30:00,294.568324449,294.568324449,294.568324449,294.568324449,435.0
2021-02-25 09:45:00,292.392381147,294.102050884,291.241268285,294.102050884,86719.0
2021-02-25 10:00:00,293.990339509,295.287162861,293.485209814,295.2094506,51357.0
2021-02-25 10:15:00,295.258020763,296.18085386,294.937457687,295.083168176,49684.0
2021-02-25 10:30:00,295.034598013,297.443678097,294.850031394,296.921548845,51018.0
2021-02-25 10:45:00,296.384848544,296.831694044,295.753436425,296.831694044,33890.0
2021-02-25 11:00:00,296.831694044,297.618919245,296.647127424,297.249397445,55245.0
2021-02-25 11:15:00,297.171685185,297.297967608,295.870004817,296.676269522,34743.0
2021-02-25 11:30:00,296.676269522,297.045402761,296.161425795,296.239138055,30662.0
2021-02-25 11:45:00,296.229424023,296.987118565,296.084684937,296.608271294,37902.0
2021-02-25 12:00:00,296.608271294,296.608271294,295.870004817,296.598557261,35241.0
2021-02-25 12:15:00,296.491702903,297.599102619,296.258566121,297.472820195,37364.0
2021-02-25 12:30:00,297.472820195,297.71567101,296.977404533,297.395107934,53205.0
2021-02-25 12:45:00,297.307681641,297.307681641,295.17059447,295.598011904,48493.0
2021-02-25 13:00:00,295.617439969,296.141997729,294.704320905,294.806318247,44957.0
2021-02-25 13:15:00,294.432327992,294.791747198,293.966054428,294.718891954,56559.0
2021-02-25 13:30:00,294.626608644,295.578583839,294.19919121,295.578583839,35562.0
2021-02-25 13:45:00,295.403731252,295.714580295,294.820889296,295.680581181,32228.0
2021-02-25 14:00:00,295.675724165,295.75178504,294.607180579,295.238592698,38544.0
2021-02-25 14:15:00,295.238592698,295.743722393,295.063740111,295.403731252,28175.0
2021-02-25 14:30:00,295.578583839,296.073999501,295.481443513,295.641725051,27234.0
2021-02-25 14:45:00,295.578583839,295.704866263,293.907770232,293.97576846,37718.0
2021-02-25 15:00:00,294.043766689,294.276903471,293.791201841,294.014624591,28917.0
2021-02-25 15:15:00,293.927198297,294.46147009,293.927198297,294.298760044,42153.0
2021-02-25 15:30:00,294.247761373,294.286617503,292.994651168,293.1233621,49628.0
2021-02-25 15:45:00,293.043221331,293.373498439,292.518663571,293.130647625,52322.0
2021-02-25 16:00:00,293.22778795,293.762059743,292.848940679,293.256930048,122667.0
2021-02-25 16:15:00,293.256930048,293.256930048,293.256930048,293.256930048,9942.0
2021-02-25 18:00:00,292.392381147,292.392381147,292.392381147,292.392381147,107.0
2021-02-25 19:45:00,291.420977888,291.420977888,291.420977888,291.420977888,400.0
2021-02-26 04:15:00,293.650775685,293.650775685,293.650775685,293.650775685,230.0
2021-02-26 06:15:00,290.273010778,290.273010778,290.273010778,290.273010778,230.0
2021-02-26 08:15:00,292.528108158,292.528108158,292.528108158,292.528108158,2947.0
2021-02-26 09:15:00,292.869789579,292.869789579,292.869789579,292.869789579,300.0
2021-02-26 09:45:00,292.596444442,292.94788819,290.360871715,291.073521536,69363.0
2021-02-26 10:00:00,291.034472231,292.440247221,290.819701052,291.571400179,37910.0
2021-02-26 10:15:00,291.590924831,292.332861631,290.69279081,291.864269968,41505.0
2021-02-26 10:30:00,291.981417884,292.6550184,290.111932394,290.111932394,49060.0
2021-02-26 10:45:00,290.175387515,291.323925206,290.058239599,290.780651747,30835.0
2021-02-26 11:00:00,290.809938726,291.136976657,289.677508873,289.809300278,28353.0
2021-02-26 11:15:00,289.775132136,290.360871715,289.506668162,289.579885609,31748.0
2021-02-26 11:30:00,289.511549325,289.628697241,287.549321735,287.568846388,31580.0
2021-02-26 11:45:00,287.529797082,288.818424157,287.471223124,288.642702283,31054.0
2021-02-26 12:00:00,288.642702283,288.642702283,287.812904546,288.164348293,14859.0
2021-02-26 12:15:00,288.135061314,289.140580925,287.891003156,289.140580925,25989.0
2021-02-26 12:30:00,289.140580925,289.316302799,288.642702283,288.974621378,20193.0
2021-02-26 12:45:00,289.042957662,289.485386291,288.896522767,289.19427372,15563.0
2021-02-26 13:00:00,289.130818599,289.374876757,288.837948809,288.876998114,14119.0
2021-02-26 13:15:00,288.876998114,288.876998114,287.529797082,287.925757038,19801.0
2021-02-26 13:30:00,288.115536662,288.701276241,288.079611301,288.486505062,11567.0
2021-02-26 13:45:00,288.199492668,288.199492668,287.393124514,287.744568261,21567.0
2021-02-26 14:00:00,287.656707325,287.666469651,286.748810977,286.924532851,15425.0
2021-02-26 14:15:00,287.022156114,287.119779377,286.153309071,286.324149782,32772.0
2021-02-26 14:30:00,286.416891882,286.709761672,285.762816019,286.690237019,23091.0
2021-02-26 14:45:00,286.729286324,287.070967745,286.446178861,286.470584677,24406.0
2021-02-26 15:00:00,286.836671914,287.197877988,286.358317924,287.041680766,14142.0
2021-02-26 15:15:00,286.963582156,287.529797082,286.895245872,287.23204613,16080.0
2021-02-26 15:30:00,287.207640314,287.393124514,286.527596662,286.687308321,19186.0
2021-02-26 15:45:00,286.514515145,286.514515145,285.15764941,286.231407682,43221.0
2021-02-26 16:00:00,286.241170008,286.924532851,284.669435471,284.728009429,219855.0
2021-02-26 16:15:00,284.728009429,284.728009429,284.728009429,284.728009429,90419.0
2021-02-26 17:45:00,284.728009429,284.728009429,284.728009429,284.728009429,100.0
2021-02-26 18:00:00,283.18556187,283.18556187,283.18556187,283.18556187,183.0
2021-03-01 09:45:00,285.596856471,288.086249683,285.596856471,287.851953851,78579.0
2021-03-01 10:00:00,287.998388746,290.355990552,287.930052461,289.072244641,37445.0
2021-03-01 10:15:00,289.335827451,289.47250002,287.944695951,288.174110619,30495.0
2021-03-01 10:30:00,287.920290135,288.955096725,287.158828682,287.158828682,27550.0
2021-03-01 10:45:00,287.236927293,288.232684577,286.914770524,287.270314449,25835.0
2021-03-01 11:00:00,287.383362188,287.607895693,286.455941187,286.465703514,25358.0
2021-03-01 11:15:00,286.465703514,286.84643424,285.723766713,286.84643424,25895.0
2021-03-01 11:30:00,286.973344482,286.973344482,285.948300219,285.948300219,21509.0
2021-03-01 11:45:00,286.138665582,286.465703514,285.938537892,286.324149782,25414.0
2021-03-01 12:00:00,286.270456987,287.280564891,286.172833724,287.227164966,17457.0
2021-03-01 12:15:00,287.412649167,287.930052461,287.334550556,287.88124083,30340.0
2021-03-01 12:30:00,287.988626419,288.496267388,287.890612663,288.35959482,18452.0
2021-03-01 12:45:00,288.409382684,288.652464609,287.949577114,288.154585967,16463.0
2021-03-01 13:00:00,288.398644125,288.701276241,288.242446904,288.242446904,11025.0
2021-03-01 13:15:00,288.242446904,288.242446904,287.705518956,288.037438051,18650.0
2021-03-01 13:30:00,288.037438051,288.535316693,287.978864093,288.535316693,11296.0
2021-03-01 13:45:00,288.491386225,289.521311652,288.418168777,289.306540473,19267.0
2021-03-01 14:00:00,289.306540473,289.672627709,288.849663601,289.072244641,16490.0
2021-03-01 14:15:00,289.247966515,289.902042378,289.160105578,289.579885609,23156.0
2021-03-01 14:30:00,289.599410262,289.755607483,289.189392557,289.326065125,23606.0
2021-03-01 14:45:00,289.570123283,289.706795852,289.316302799,289.374876757,18568.0
2021-03-01 15:00:00,289.316302799,289.384639083,288.671989262,288.671989262,24399.0
2021-03-01 15:15:00,288.652464609,288.798899504,288.15468359,288.427931104,24042.0
2021-03-01 15:30:00,288.43769343,288.99414603,288.183872946,288.759850199,40606.0
2021-03-01 15:45:00,288.818424157,289.28701582,287.988626419,288.027675725,64999.0
2021-03-01 16:00:00,288.027675725,288.027675725,286.094735113,286.514515145,140990.0
2021-03-01 16:15:00,286.485228166,286.485228166,286.485228166,286.485228166,55850.0
2021-03-01 17:30:00,286.504752819,286.504752819,286.504752819,286.504752819,145.0
2021-03-02 07:45:00,286.485228166,286.485228166,286.485228166,286.485228166,159.0
2021-03-02 09:45:00,286.524277472,288.371309611,286.28998164,287.344312882,35674.0
2021-03-02 10:00:00,287.363837535,288.037438051,286.914770524,287.432173819,22107.0
2021-03-02 10:15:00,287.441936146,287.490747777,286.690237019,287.490747777,22067.0
2021-03-02 10:30:00,287.529797082,288.44247697,287.100254724,287.568846388,22591.0
2021-03-02 10:45:00,287.227164966,288.291258535,287.227164966,288.174110619,21572.0
2021-03-02 11:00:00,287.949577114,288.25220923,287.629079941,288.232684577,20862.0
2021-03-02 11:15:00,288.164348293,289.082006967,287.764092914,289.023433009,20590.0
2021-03-02 11:30:00,288.837948809,290.155862862,288.691513914,290.048477273,19531.0
2021-03-02 11:45:00,289.902042378,289.911804704,289.076930557,289.164205755,15326.0
2021-03-02 12:00:00,289.28701582,290.019190294,289.28701582,289.579885609,25025.0
2021-03-02 12:15:00,289.501786999,290.710167751,289.394401409,290.702553136,25577.0
2021-03-02 12:30:00,290.829463378,291.346866673,290.39992102,290.809938726,32725.0
2021-03-02 12:45:00,290.741602441,291.93553495,290.741602441,291.825220663,26340.0
2021-03-02 13:00:00,291.815458337,292.019783826,291.337104347,291.415202957,21397.0
2021-03-02 13:15:00,291.503063894,291.893556947,291.503063894,291.834982989,15104.0
2021-03-02 13:30:00,291.874129918,292.108230503,291.669023442,291.742240889,16588.0
2021-03-02 13:45:00,291.776409031,292.313336979,291.776409031,291.927725089,21135.0
2021-03-02 14:00:00,291.669023442,291.893556947,291.239481084,291.522588547,14994.0
2021-03-02 14:15:00,291.581162505,291.854507642,291.444489936,291.625092973,16258.0
2021-03-02 14:30:00,291.561637852,292.737998174,291.454252263,292.582191446,21973.0
2021-03-02 14:45:00,292.596444442,292.869789579,292.303574653,292.860027253,41633.0
2021-03-02 15:00:00,292.8405026,293.240757979,292.606206768,292.967412842,32604.0
2021-03-02 15:15:00,292.957650516,293.357905895,292.713592358,293.123610063,31191.0
2021-03-02 15:30:00,293.289569611,293.309094263,292.518443455,292.733117011,44853.0
2021-03-02 15:45:00,292.694067705,292.938125863,292.430484895,292.830740274,72984.0
2021-03-02 16:00:00,292.910888973,292.94788819,291.610449484,291.649498789,191535.0
2021-03-02 16:15:00,291.678785768,291.678785768,291.678785768,291.678785768,315053.0
2021-03-02 20:00:00,291.903319273,291.903319273,291.903319273,291.903319273,200.0
2021-03-03 09:45:00,291.405440631,292.069278821,290.897799663,291.376153652,30302.0
2021-03-03 10:00:00,291.381034815,292.264525347,291.210194105,292.0058237,15236.0
2021-03-03 10:15:00,292.196189063,292.664780726,290.966135947,292.664780726,18464.0
2021-03-03 10:30:00,292.474415363,293.670300337,292.32114684,293.250520306,25124.0
2021-03-03 10:45:00,293.104085411,293.553152421,292.36214861,292.3767921,12630.0
2021-03-03 11:00:00,292.347505121,292.781928642,292.012950198,292.254763021,14939.0
2021-03-03 11:15:00,292.137615105,292.879551905,291.844745316,292.684305379,14782.0
2021-03-03 11:30:00,292.625731421,293.543390095,292.235238368,293.543390095,10539.0
2021-03-03 11:45:00,293.611726379,294.119367348,293.289569611,294.119367348,16103.0
2021-03-03 12:00:00,294.051031064,294.811516284,293.836259885,294.783205538,18881.0
2021-03-03 12:15:00,294.792967864,295.007739043,294.011981758,294.914996943,20119.0
2021-03-03 12:30:00,294.963808575,296.042545633,294.914996943,295.827774454,24526.0
2021-03-03 12:45:00,295.896110738,296.13040657,295.642290254,295.974209349,22401.0
2021-03-03 13:00:00,295.935160043,296.452563338,295.798487475,295.964447022,19100.0
2021-03-03 13:15:00,295.94492237,296.325653096,295.847299106,295.861942596,22208.0
2021-03-03 13:30:00,295.827774454,296.68685917,295.827774454,296.472087991,21123.0
2021-03-03 13:45:00,296.472087991,296.520899622,295.886348412,296.081594938,24611.0
2021-03-03 14:00:00,296.159693549,296.257316812,295.681339559,296.003496328,21181.0
2021-03-03 14:15:00,295.993734001,297.106639202,295.847299106,297.079792804,37748.0
2021-03-03 14:30:00,297.038302917,297.731428086,296.940679654,297.477607602,38525.0
2021-03-03 14:45:00,297.42879597,297.516656907,296.491612644,296.706383823,33962.0
2021-03-03 15:00:00,296.755195454,297.126749594,295.935160043,296.042545633,28548.0
2021-03-03 15:15:00,296.003496328,296.081594938,294.900353453,295.273274319,37453.0
2021-03-03 15:30:00,295.271321854,295.271321854,293.410915327,293.572677074,38334.0
2021-03-03 15:45:00,293.523865442,293.709349643,293.006462148,293.123610063,37443.0
2021-03-03 16:00:00,293.211471,293.494578463,291.708072747,291.981417884,115630.0
2021-03-03 16:15:00,291.99118021,291.99118021,291.99118021,291.99118021,18789.0
2021-03-04 09:45:00,292.352386284,293.719111969,291.952130905,293.211471,49074.0
2021-03-04 10:00:00,293.211471,293.885071516,292.035110679,293.728874295,33512.0
2021-03-04 10:15:00,293.7679236,294.558672032,293.247591608,293.247591608,32173.0
2021-03-04 10:30:00,293.626369869,294.451286443,292.908838884,294.295089222,36701.0
2021-03-04 10:45:00,294.33901969,295.027263696,293.572677074,293.680062664,32426.0
2021-03-04 11:00:00,293.680062664,294.256039916,293.143134716,293.143134716,25867.0
2021-03-04 11:15:00,293.260282632,294.109605022,293.094323084,293.892100391,25489.0
2021-03-04 11:30:00,293.885071516,294.792967864,293.660538011,294.792967864,17004.0
2021-03-04 11:45:00,294.690463438,295.504641453,294.24627759,295.329895812,36055.0
2021-03-04 12:00:00,295.329895812,296.638047538,295.022382532,296.638047538,46610.0
2021-03-04 12:15:00,296.569711254,296.652691028,295.202985569,295.202985569,25468.0
2021-03-04 12:30:00,295.144411611,296.02302098,293.250520306,293.806972906,18661.0
2021-03-04 12:45:00,293.797210579,293.797210579,292.674543053,292.879551905,16914.0
2021-03-04 13:00:00,292.977175169,292.977175169,291.688548094,291.752003215,33113.0
2021-03-04 13:15:00,291.571400179,292.596444442,291.571400179,291.844745316,19971.0
2021-03-04 13:30:00,291.932606252,292.332861631,291.112570842,291.493301568,25062.0
2021-03-04 13:45:00,291.503063894,291.678785768,290.536593589,290.780651747,32169.0
2021-03-04 14:00:00,290.712315462,290.868512684,288.681751588,288.837948809,37710.0
2021-03-04 14:15:00,288.837948809,291.171144799,288.662226935,291.049115721,24550.0
2021-03-04 14:30:00,291.117452005,291.62021181,290.809938726,291.083283863,23391.0
2021-03-04 14:45:00,290.888037336,291.073521536,289.433060222,290.429207999,23302.0
2021-03-04 15:00:00,290.624454526,291.278530389,290.360871715,290.888037336,25672.0
2021-03-04 15:15:00,290.643979178,291.083283863,288.750087872,289.121056272,22074.0
2021-03-04 15:30:00,288.886760441,289.579885609,288.310783188,289.394401409,24282.0
2021-03-04 15:45:00,289.433450715,290.829463378,289.423688388,290.346228226,24505.0
2021-03-04 16:00:00,290.263248452,290.785337663,289.511549325,290.536593589,136212.0
2021-03-04 16:15:00,290.438970326,290.438970326,290.438970326,290.438970326,69759.0
2021-03-04 17:00:00,291.395678305,291.405440631,290.917324315,290.917324315,1100.0
2021-03-04 18:00:00,290.438970326,290.438970326,290.438970326,290.438970326,911.0
2021-03-05 08:15:00,290.438970326,290.438970326,290.438970326,290.438970326,165.0
2021-03-05 09:45:00,291.659261115,291.659261115,289.10153162,289.10153162,51406.0
2021-03-05 10:00:00,289.150343251,290.126575883,288.144823641,290.019190294,21231.0
2021-03-05 10:15:00,290.019190294,291.210194105,289.208917209,291.210194105,20740.0
2021-03-05 10:30:00,291.283997292,292.635493747,291.014947578,291.5421132,25611.0
2021-03-05 10:45:00,291.5421132,291.795933684,291.051361056,291.051361056,23680.0
2021-03-05 11:00:00,291.068640373,291.99118021,291.014947578,291.288292715,34003.0
2021-03-05 11:15:00,291.356629,293.50434079,291.06375921,293.367668221,61074.0
2021-03-05 11:30:00,293.484816137,294.221871774,292.254763021,292.547632811,43831.0
2021-03-05 11:45:00,292.567157463,292.8405026,290.487781957,290.643979178,43702.0
2021-03-05 12:00:00,290.77088942,291.669023442,290.019190294,291.532350873,20350.0
2021-03-05 12:15:00,291.512826221,292.079041147,291.337104347,292.078845901,16176.0
2021-03-05 12:30:00,292.069278821,292.196189063,291.310062703,291.325975295,15968.0
2021-03-05 12:45:00,291.600687158,292.079041147,291.503063894,291.800814847,16246.0
2021-03-05 13:00:00,291.795933684,291.883794621,290.712315462,290.858750357,21169.0
2021-03-05 13:15:00,291.112570842,291.854507642,290.975898273,291.376153652,15508.0
2021-03-05 13:30:00,291.307817368,292.772166316,291.219956431,292.264525347,18005.0
2021-03-05 13:45:00,292.430484895,292.91947982,292.08392231,292.489058853,25326.0
2021-03-05 14:00:00,292.703830032,293.260282632,292.66966189,293.113847737,26068.0
2021-03-05 14:15:00,293.348143569,293.348143569,292.801453295,293.011343311,27346.0
2021-03-05 14:30:00,293.113847737,293.299331937,292.820977947,293.055273779,21012.0
2021-03-05 14:45:00,293.094323084,293.416479853,292.664780726,292.830740274,29424.0
2021-03-05 15:00:00,292.781928642,293.143134716,292.4695342,292.889314232,31607.0
2021-03-05 15:15:00,292.869789579,293.763042437,292.703830032,293.763042437,31328.0
2021-03-05 15:30:00,293.836259885,293.885071516,292.860027253,293.787448253,35190.0
2021-03-05 15:45:00,293.7679236,294.500098074,293.670300337,294.35366318,46681.0
2021-03-05 16:00:00,294.363425506,295.290846506,293.748398948,293.758161274,127062.0
2021-03-05 16:15:00,293.758161274,293.758161274,293.758161274,293.758161274,43403.0
2021-03-08 09:45:00,296.179218201,296.630432924,294.392712485,295.407994422,44426.0
2021-03-08 10:00:00,295.407994422,296.628285212,294.919878106,295.242034875,26233.0
2021-03-08 10:15:00,295.076075327,296.633166375,294.607483664,296.179218201,32924.0
2021-03-08 10:30:00,296.174337038,297.038302917,295.75943817,296.969966633,35894.0
2021-03-08 10:45:00,296.979728959,296.979728959,295.857061433,296.081594938,43374.0
2021-03-08 11:00:00,296.237792159,296.808888249,295.94492237,296.50137497,49435.0
2021-03-08 11:15:00,296.540424275,298.307405339,296.462325665,298.09263416,36977.0
2021-03-08 11:30:00,298.27811836,298.75647235,298.17073277,298.707660718,42120.0
2021-03-08 11:45:00,298.75647235,299.879139876,298.580750476,299.693655676,49041.0
2021-03-08 12:00:00,299.801041266,300.250108276,299.727823818,299.947476161,34256.0
2021-03-08 12:15:00,299.996287792,301.16776695,299.908426855,300.855372508,40757.0
2021-03-08 12:30:00,300.767511571,301.031094382,300.630839003,300.992045077,27614.0
2021-03-08 12:45:00,301.148242298,301.607071635,300.98228275,301.411825108,21551.0
2021-03-08 13:00:00,301.323964172,301.323964172,300.835847856,301.07502485,26206.0
2021-03-08 13:15:00,301.070143687,302.798075446,300.992045077,302.58818543,48258.0
2021-03-08 13:30:00,302.554017288,302.554017288,301.665645593,301.792555835,19654.0
2021-03-08 13:45:00,301.909703751,302.085425624,301.382538129,301.763268856,22038.0
2021-03-08 14:00:00,301.714457224,301.851129793,300.806560877,301.421587435,27118.0
2021-03-08 14:15:00,301.343488824,302.280672151,301.284914866,301.519210698,30763.0
2021-03-08 14:30:00,301.704694898,302.095187951,301.153611577,301.655883266,29709.0
2021-03-08 14:45:00,301.763268856,301.904822588,301.060381361,301.099430666,24024.0
2021-03-08 15:00:00,301.099430666,301.382538129,300.396543171,301.382538129,28428.0
2021-03-08 15:15:00,301.382538129,301.382538129,300.006050118,300.396543171,31587.0
2021-03-08 15:30:00,300.396543171,300.513691087,299.547220781,300.396543171,35822.0
2021-03-08 15:45:00,300.172009666,300.230583624,299.68389335,299.86937755,63061.0
2021-03-08 16:00:00,299.86937755,299.86937755,297.731428086,298.141445791,127444.0
2021-03-08 16:15:00,298.35621697,298.35621697,298.35621697,298.35621697,130368.0
2021-03-09 09:30:00,298.736947697,298.736947697,298.09263416,298.09263416,1719.0
2021-03-09 09:45:00,296.608760559,297.277479912,295.076075327,296.306128443,64764.0
2021-03-09 10:00:00,296.159693549,297.126163854,295.857061433,296.228029833,42332.0
2021-03-09 10:15:00,296.193861691,296.374464728,293.289569611,293.289569611,41788.0
2021-03-09 10:30:00,293.533627769,294.61724599,293.387192874,294.324376201,51921.0
2021-03-09 10:45:00,294.461048769,295.149292775,294.216990611,294.822254843,44036.0
2021-03-09 11:00:00,294.822254843,295.525142338,294.285326895,294.939402759,35310.0
2021-03-09 11:15:00,294.812492517,295.417756748,294.480573422,294.480573422,30119.0
2021-03-09 11:30:00,294.480573422,294.558672032,293.514103116,293.650775685,25686.0
2021-03-09 11:45:00,293.709349643,294.147678094,293.601964053,293.621488706,24798.0
2021-03-09 12:00:00,293.680062664,294.822254843,293.611726379,294.529385053,32585.0
2021-03-09 12:15:00,294.661176459,294.997976717,294.33423615,294.753918559,21884.0
2021-03-09 12:30:00,294.754992415,296.774720107,294.754992415,296.774720107,28067.0
2021-03-09 12:45:00,296.774720107,296.774720107,296.364702401,296.589235907,26418.0
2021-03-09 13:00:00,296.608760559,296.677096844,295.554429317,295.715507701,23427.0
2021-03-09 13:15:00,295.661814906,295.661814906,293.699587316,293.699587316,28519.0
2021-03-09 13:30:00,293.763042437,294.236515264,293.427511282,294.119367348,27597.0
2021-03-09 13:45:00,293.992457106,294.177941306,293.3969552,293.963170127,24334.0
2021-03-09 14:00:00,294.158416653,295.056550675,293.933883148,294.72463158,30440.0
2021-03-09 14:15:00,294.705106927,295.232272548,294.646532969,295.154173938,34088.0
2021-03-09 14:30:00,295.046788348,295.541738293,295.017696616,295.349420464,16768.0
2021-03-09 14:45:00,295.378707443,295.739913517,295.17369859,295.310371159,31060.0
2021-03-09 15:00:00,295.310371159,295.407994422,293.406717527,293.631251032,37815.0
2021-03-09 15:15:00,293.577558237,293.611726379,291.961893231,292.127852779,47990.0
2021-03-09 15:30:00,292.215713716,292.459771874,291.200431778,291.473776915,51930.0
2021-03-09 15:45:00,291.346866673,291.415202957,290.336465899,291.200431778,75055.0
2021-03-09 16:00:00,291.151620147,291.405440631,290.233961473,291.210194105,190929.0
2021-03-09 16:15:00,291.210194105,291.337104347,291.210194105,291.337104347,20403.0
2021-03-10 09:30:00,292.869789579,292.869789579,292.869789579,292.869789579,100.0
2021-03-10 09:45:00,292.196189063,292.196189063,289.667746546,289.745845157,47241.0
2021-03-10 10:00:00,290.338613611,290.478019631,289.013768306,290.194912168,29928.0
2021-03-10 10:15:00,290.624454526,291.151034407,288.837948809,288.847711135,41871.0
2021-03-10 10:30:00,289.111293946,291.405440631,289.033195336,291.053996884,41897.0
2021-03-10 10:45:00,291.252172108,291.252172108,289.794656788,290.478019631,34179.0
2021-03-10 11:00:00,290.536593589,291.180907126,289.84346842,290.326703573,31192.0
2021-03-10 11:15:00,290.390158694,290.922205478,290.019190294,290.429207999,31209.0
2021-03-10 11:30:00,290.429207999,291.199455546,290.233961473,291.08230763,25102.0
2021-03-10 11:45:00,291.151620147,291.589948599,290.975898273,291.405440631,45362.0
2021-03-10 12:00:00,291.405440631,291.7275974,290.985660599,291.571400179,41658.0
2021-03-10 12:15:00,291.590924831,292.108328126,291.43472761,292.010704863,25929.0
2021-03-10 12:30:00,292.093977506,293.211471,292.088803474,293.211471,23993.0
2021-03-10 12:45:00,293.211471,293.377430548,292.733117011,292.957650516,28916.0
2021-03-10 13:00:00,292.918601211,292.928363537,291.844745316,292.049754168,24496.0
2021-03-10 13:15:00,292.015586026,292.811215621,291.932606252,292.723354684,28297.0
2021-03-10 13:30:00,292.606206768,293.445766832,292.576919789,293.035749126,27758.0
2021-03-10 13:45:00,293.056640505,293.74039384,292.986937495,293.436004506,21589.0
2021-03-10 14:00:00,293.309094263,294.090080369,293.143134716,293.601964053,38907.0
2021-03-10 14:15:00,293.611726379,293.777685927,293.108966574,293.777685927,25596.0
2021-03-10 14:30:00,293.797210579,294.753918559,293.406717527,294.412237137,34863.0
2021-03-10 14:45:00,294.334138527,294.939402759,294.138892001,294.138892001,36173.0
2021-03-10 15:00:00,294.197465958,294.392712485,293.680062664,293.846022211,34651.0
2021-03-10 15:15:00,293.846022211,293.87530919,292.967412842,293.162659369,32102.0
2021-03-10 15:30:00,293.279807284,293.680062664,293.035749126,293.182184021,35952.0
2021-03-10 15:45:00,293.191946348,293.631251032,292.92846116,293.579998819,62632.0
2021-03-10 16:00:00,293.572677074,293.641013358,292.645256074,292.811215621,85251.0
2021-03-10 16:15:00,292.869789579,292.869789579,292.869789579,292.869789579,4429.0
2021-03-11 09:45:00,292.274287674,292.76240399,290.21443682,290.809938726,58890.0
2021-03-11 10:00:00,290.712315462,293.309094263,290.458494978,292.791398099,28278.0
2021-03-11 10:15:00,293.035749126,293.035749126,291.034472231,291.99118021,19075.0
2021-03-11 10:30:00,291.99118021,292.108328126,291.464014589,292.108328126,19184.0
2021-03-11 10:45:00,292.137615105,292.645256074,291.551875526,292.308455816,22173.0
2021-03-11 11:00:00,292.567157463,293.475053811,292.567157463,292.879551905,28190.0
2021-03-11 11:15:00,292.879551905,292.995528342,292.318218142,292.820977947,25654.0
2021-03-11 11:30:00,293.123610063,293.543390095,292.371910937,292.381673263,22605.0
2021-03-11 11:45:00,292.410960242,293.065036105,292.0985658,293.065036105,30048.0
2021-03-11 12:00:00,293.055273779,293.260282632,292.675519285,292.830740274,37697.0
2021-03-11 12:15:00,293.0259868,293.289569611,292.479296526,292.479296526,22845.0
2021-03-11 12:30:00,292.489058853,292.684305379,292.323099305,292.381673263,25654.0
2021-03-11 12:45:00,292.498821179,292.8405026,292.414669926,292.694067705,22725.0
2021-03-11 13:00:00,292.645256074,292.918601211,292.60894022,292.899076558,17572.0
2021-03-11 13:15:00,293.094323084,293.113847737,292.684305379,293.104085411,20404.0
2021-03-11 13:30:00,293.074798432,293.328618916,292.645256074,293.113847737,40291.0
2021-03-11 13:45:00,293.182184021,293.665419174,293.074798432,293.572677074,18010.0
2021-03-11 14:00:00,293.601964053,293.924120822,292.811215621,293.562914748,37393.0
2021-03-11 14:15:00,293.501900208,293.894833843,293.065036105,293.172421695,25769.0
2021-03-11 14:30:00,293.172421695,293.826497558,292.869789579,293.611726379,27358.0
2021-03-11 14:45:00,293.611726379,293.831378722,292.567157463,292.567157463,28122.0
2021-03-11 15:00:00,292.5622763,292.664780726,292.241095764,292.567157463,27836.0
2021-03-11 15:15:00,292.567157463,292.869789579,292.293812326,292.531232102,41451.0
2021-03-11 15:30:00,292.537870484,292.713592358,292.069278821,292.069278821,27198.0
2021-03-11 15:45:00,292.108328126,292.401100292,291.893556947,292.205951389,39297.0
2021-03-11 16:00:00,292.205951389,292.420624945,291.776409031,292.17666441,79962.0
2021-03-11 16:15:00,292.293812326,292.293812326,292.293812326,292.293812326,14508.0
2021-03-12 04:15:00,288.476742735,288.476742735,288.476742735,288.476742735,100.0
2021-03-12 08:15:00,290.048477273,290.048477273,290.048477273,290.048477273,100.0
2021-03-12 09:30:00,293.982694779,293.982694779,293.982694779,293.982694779,198.0
2021-03-12 09:45:00,295.28108418,295.46656838,293.777685927,294.812492517,66509.0
2021-03-12 10:00:00,294.919878106,295.583716296,294.207228285,294.832017169,79915.0
2021-03-12 10:15:00,294.832017169,295.749675843,294.832017169,295.124886959,62029.0
2021-03-12 10:30:00,295.044347767,296.062070285,295.007739043,295.720388864,71253.0
2021-03-12 10:45:00,295.349420464,295.622765601,294.548909706,295.28108418,28893.0
2021-03-12 11:00:00,295.368945117,296.091357264,295.09559998,295.915635391,38236.0
2021-03-12 11:15:00,295.974209349,295.974209349,295.017501369,295.261559527,31437.0
2021-03-12 11:30:00,295.290846506,295.505617685,294.587959011,295.290846506,23721.0
2021-03-12 11:45:00,295.300608833,295.417756748,294.876435754,294.890591127,22461.0
2021-03-12 12:00:00,294.744156232,295.300608833,294.500098074,295.154173938,18077.0
2021-03-12 12:15:00,295.154173938,295.212747896,294.568434359,294.61724599,9563.0
2021-03-12 12:30:00,294.822254843,295.037026022,294.43176179,294.783205538,34246.0
2021-03-12 12:45:00,294.763680885,294.949165085,294.382950159,294.949165085,20758.0
2021-03-12 13:00:00,294.958927411,295.456806054,294.846660659,295.305489996,10965.0
2021-03-12 13:15:00,295.348444232,295.525142338,295.017501369,295.28108418,17089.0
2021-03-12 13:30:00,295.246916038,295.349420464,294.997976717,295.329895812,10919.0
2021-03-12 13:45:00,295.290846506,295.447043727,295.17369859,295.378707443,21908.0
2021-03-12 14:00:00,295.310371159,295.925397717,295.134161169,295.798487475,23094.0
2021-03-12 14:15:00,295.827774454,295.983971675,295.124886959,295.368945117,24078.0
2021-03-12 14:30:00,295.35918279,295.447043727,295.124886959,295.310371159,17175.0
2021-03-12 14:45:00,295.154173938,295.505617685,295.046788348,295.17369859,20989.0
2021-03-12 15:00:00,295.17369859,295.544666991,295.17369859,295.271321854,22591.0
2021-03-12 15:15:00,295.256678364,295.55931048,295.056550675,295.144411611,30207.0
2021-03-12 15:30:00,295.152026226,295.778962822,295.152026226,295.671577233,31184.0
2021-03-12 15:45:00,295.710626538,295.739913517,294.91011578,295.261559527,38596.0
2021-03-12 16:00:00,295.163936264,295.163936264,294.509860401,294.72463158,88552.0
2021-03-12 16:15:00,294.61724599,294.61724599,294.61724599,294.61724599,9426.0
2021-03-15 08:15:00,295.798487475,295.798487475,295.798487475,295.798487475,204.0
2021-03-15 09:30:00,297.009015938,297.009015938,297.009015938,297.009015938,262.0
2021-03-15 09:45:00,296.784482433,299.430072866,296.784482433,298.375741623,93770.0
2021-03-15 10:00:00,298.219544402,298.938930228,297.672854128,298.287880686,29752.0
2021-03-15 10:15:00,298.160970444,298.531938844,296.247554486,296.618522886,50054.0
2021-03-15 10:30:00,296.618522886,297.555706212,296.452563338,297.545943886,30830.0
2021-03-15 10:45:00,297.633804823,297.643567149,296.628285212,297.214024791,29722.0
2021-03-15 11:00:00,297.184737812,297.692378781,296.774720107,297.301885728,28245.0
2021-03-15 11:15:00,297.24331177,297.321410381,296.882105696,297.262836423,21812.0
2021-03-15 11:30:00,297.355578523,297.995010897,297.355578523,297.692378781,24695.0
2021-03-15 11:45:00,297.711903433,297.711903433,296.891868023,297.018778265,18478.0
2021-03-15 12:00:00,297.018778265,297.018778265,296.140168896,296.257316812,15609.0
2021-03-15 12:15:00,296.257316812,296.823531738,296.032783307,296.638047538,27073.0
2021-03-15 12:30:00,296.564830091,297.399411368,296.564830091,297.282361075,25486.0
2021-03-15 12:45:00,297.53618156,298.390385113,297.321410381,298.190257423,19709.0
2021-03-15 13:00:00,298.200995982,298.639324434,298.102396486,298.190257423,15306.0
2021-03-15 13:15:00,298.219544402,298.453840234,298.092731783,298.160970444,19812.0
2021-03-15 13:30:00,298.27811836,298.300962204,297.90714996,298.063347181,17824.0
2021-03-15 13:45:00,298.071938028,298.190257423,297.858338328,298.082871834,14259.0
2021-03-15 14:00:00,297.946199265,298.317167665,297.853457165,298.27811836,20174.0
2021-03-15 14:15:00,298.239069055,298.287880686,298.034060202,298.151208118,18386.0
2021-03-15 14:30:00,298.082871834,298.107277649,297.584993191,297.828075117,15069.0
2021-03-15 14:45:00,297.848576002,297.848576002,297.375103175,297.526419233,17109.0
2021-03-15 15:00:00,297.526419233,297.965723918,297.262836423,297.965723918,16808.0
2021-03-15 15:15:00,297.838813676,298.27811836,297.663091802,297.770477391,42631.0
2021-03-15 15:30:00,297.770477391,298.082871834,297.770477391,297.978805435,20961.0
2021-03-15 15:45:00,298.024297876,298.024297876,297.077352223,297.340935033,24016.0
2021-03-15 16:00:00,297.487369928,298.590512802,297.487369928,298.590512802,110744.0
2021-03-15 16:15:00,298.473364886,298.473364886,294.822254843,294.822254843,9473.0
2021-03-16 09:45:00,298.473364886,299.215301687,297.584993191,299.215301687,55371.0
2021-03-16 10:00:00,299.400785887,300.118316871,299.02005516,299.234826339,22397.0
2021-03-16 10:15:00,299.283637971,299.39102356,297.633804823,297.804645533,26227.0
2021-03-16 10:30:00,298.004773223,298.004773223,296.232910996,296.232910996,32124.0
2021-03-16 10:45:00,296.345177749,297.716784597,296.052307959,297.126163854,30833.0
2021-03-16 11:00:00,297.087114549,297.42879597,295.603240948,295.94492237,24767.0
2021-03-16 11:15:00,295.891229575,296.062070285,295.339658138,295.827774454,21517.0
2021-03-16 11:30:00,295.803368638,295.876586085,294.822254843,295.35918279,21928.0
2021-03-16 11:45:00,295.315252322,295.617884438,294.138892001,294.138892001,19205.0
2021-03-16 12:00:00,294.309732711,295.378707443,294.309732711,295.28108418,17209.0
2021-03-16 12:15:00,295.461687217,295.876586085,295.193223243,295.705745375,22806.0
2021-03-16 12:30:00,295.739913517,297.887625307,295.739913517,297.887625307,33530.0
2021-03-16 12:45:00,297.896411401,298.073109507,296.950441981,297.848576002,24587.0
2021-03-16 13:00:00,297.848576002,297.902268797,296.960204307,297.370222012,20057.0
2021-03-16 13:15:00,297.399508991,297.975486244,297.292123402,297.438558296,12924.0
2021-03-16 13:30:00,297.409271318,297.897387633,297.282361075,297.897387633,12982.0
2021-03-16 13:45:00,297.951080428,297.965723918,297.419033644,297.526419233,14637.0
2021-03-16 14:00:00,297.643567149,298.160970444,297.643567149,298.004773223,20977.0
2021-03-16 14:15:00,298.034060202,298.258593707,297.682616454,297.868100655,19087.0
2021-03-16 14:30:00,297.995010897,298.248831381,297.331172707,297.750952739,31994.0
2021-03-16 14:45:00,297.702141107,299.024936323,297.633804823,299.02005516,35134.0
2021-03-16 15:00:00,299.098153771,299.644844045,298.688136065,299.59115125,40045.0
2021-03-16 15:15:00,299.527696129,299.752229634,299.264113318,299.327568439,33212.0
2021-03-16 15:30:00,299.29828146,299.713180329,298.57098815,298.57098815,31450.0
2021-03-16 15:45:00,298.683254902,299.039579813,298.561225823,298.819927471,37376.0
2021-03-16 16:00:00,298.961481202,299.137203076,298.102396486,298.590512802,66216.0
2021-03-16 16:15:00,298.57098815,298.57098815,298.57098815,298.57098815,8378.0
2021-03-17 08:45:00,293.162659369,295.684853996,293.162659369,295.684853996,460.0
2021-03-17 09:45:00,299.556983108,303.564418062,299.556983108,302.514967983,67885.0
2021-03-17 10:00:00,302.651640551,303.374052699,302.046376319,302.056138646,45322.0
2021-03-17 10:15:00,301.841367466,302.046278696,299.967000813,299.967000813,24192.0
2021-03-17 10:30:00,300.035337097,301.139749074,300.015812445,301.060381361,34156.0
2021-03-17 10:45:00,301.187291603,301.607071635,300.308682234,301.577784656,19719.0
2021-03-17 11:00:00,301.563141166,302.329386159,301.548497677,302.01708934,22323.0
2021-03-17 11:15:00,302.143999582,302.68092753,302.065900972,302.632115898,23650.0
2021-03-17 11:30:00,302.671165204,303.676684815,302.524730309,303.671803651,29047.0
2021-03-17 11:45:00,303.627873183,305.429022389,303.627873183,305.429022389,44967.0
2021-03-17 12:00:00,305.404616573,306.79086691,305.336280289,306.580976895,48549.0
2021-03-17 12:15:00,306.576095731,307.757337216,306.517521773,307.557209526,65537.0
2021-03-17 12:30:00,307.4547051,307.4547051,305.708224922,305.843921257,42765.0
2021-03-17 12:45:00,305.804871952,306.224651984,305.375329594,305.717011015,45886.0
2021-03-17 13:00:00,305.599863099,305.746297994,304.789590015,305.746297994,24232.0
2021-03-17 13:15:00,306.000118479,306.424779673,305.67796171,306.146553373,27476.0
2021-03-17 13:30:00,306.1563157,306.1563157,305.668199384,305.726773342,18684.0
2021-03-17 13:45:00,305.707248689,306.332037573,305.707248689,305.995237315,32563.0
2021-03-17 14:00:00,306.092860579,306.566333405,305.79345003,306.390611531,18908.0
2021-03-17 14:15:00,306.556571079,307.156954147,305.023885847,305.033648173,39441.0
2021-03-17 14:30:00,304.896975604,305.346042615,304.118332457,305.160558415,34073.0
2021-03-17 14:45:00,305.062935152,305.443665878,304.369809983,304.369809983,31419.0
2021-03-17 15:00:00,304.320998352,304.64315512,303.276429435,303.276429435,30010.0
2021-03-17 15:15:00,303.208093151,303.374052699,302.226979356,302.30995913,46491.0
2021-03-17 15:30:00,302.407582393,302.519849146,301.821842814,302.026851667,29694.0
2021-03-17 15:45:00,302.075663298,303.417983167,301.93899073,302.68092753,46764.0
2021-03-17 16:00:00,302.690689856,303.520487593,302.583304267,303.393577351,124485.0
2021-03-17 16:15:00,303.188568499,303.188568499,303.188568499,303.188568499,14755.0
2021-03-17 16:45:00,303.188568499,303.188568499,303.188568499,303.188568499,137.0
2021-03-18 09:30:00,303.217855478,303.217855478,303.217855478,303.217855478,312.0
2021-03-18 09:45:00,302.807837772,308.089256311,302.807837772,306.888490174,49872.0
2021-03-18 10:00:00,307.103261353,307.649951626,305.463190531,305.951306847,32810.0
2021-03-18 10:15:00,305.804871952,307.513279058,305.795109626,306.488234794,43466.0
2021-03-18 10:30:00,306.537046426,307.054449721,305.580338447,305.599863099,25064.0
2021-03-18 10:45:00,305.580338447,305.736535668,304.838401647,305.668199384,28200.0
2021-03-18 11:00:00,305.668199384,305.914112384,305.346042615,305.502239836,19697.0
2021-03-18 11:15:00,305.388996851,305.86344591,305.111746783,305.498139659,24420.0
2021-03-18 11:30:00,305.658437057,305.834158931,304.809114668,305.180083068,23582.0
2021-03-18 11:45:00,305.12150911,305.824396605,305.01412352,305.809753115,24478.0
2021-03-18 12:00:00,305.902495215,307.064212047,305.902495215,306.468710142,21860.0
2021-03-18 12:15:00,306.468710142,306.742055279,305.092222131,305.152748554,33283.0
2021-03-18 12:30:00,305.111746783,306.363765134,304.789590015,305.785347299,68467.0
2021-03-18 12:45:00,305.775584973,306.517521773,305.775584973,306.517521773,27606.0
2021-03-18 13:00:00,306.400373858,307.396131142,306.302750594,307.396131142,38102.0
2021-03-18 13:15:00,307.404917236,307.922320531,306.868965521,307.113023679,48691.0
2021-03-18 13:30:00,306.986113437,307.152072984,306.497997121,306.88360901,23323.0
2021-03-18 13:45:00,306.810391563,307.230171595,306.69812481,307.199908383,18083.0
2021-03-18 14:00:00,307.181359963,307.405893468,306.951945295,307.391249979,18003.0
2021-03-18 14:15:00,307.239933921,307.278983226,306.635645922,307.015400416,33109.0
2021-03-18 14:30:00,306.947064131,307.161835311,306.60538271,306.673718995,24140.0
2021-03-18 14:45:00,306.829916216,306.927539479,305.19960772,305.839040094,32289.0
2021-03-18 15:00:00,305.858564747,307.025162742,305.858564747,306.624907363,31937.0
2021-03-18 15:15:00,306.700565392,306.8982525,306.078217089,306.878727847,40672.0
2021-03-18 15:30:00,306.820153889,307.171597637,306.405255021,306.966588784,42265.0
2021-03-18 15:45:00,306.839678542,307.015400416,306.400373858,306.727411789,54379.0
2021-03-18 16:00:00,306.771342258,307.630426974,306.263701289,307.503516732,128694.0
2021-03-18 16:15:00,307.4547051,307.4547051,307.4547051,307.4547051,5634.0
2021-03-18 17:00:00,307.913534437,307.913534437,307.913534437,307.913534437,151.0
2021-03-18 17:45:00,308.684758216,308.684758216,308.684758216,308.684758216,107.0
2021-03-18 18:15:00,308.684758216,308.684758216,308.684758216,308.684758216,310.0
2021-03-18 18:45:00,307.366844163,307.366844163,307.366844163,307.366844163,1925.0
2021-03-18 19:15:00,308.96786568,308.96786568,308.96786568,308.96786568,100.0
2021-03-19 09:45:00,308.079493985,308.928816374,304.818974617,305.160558415,239854.0
2021-03-19 10:00:00,304.877450952,304.877450952,303.178806172,304.584581162,55025.0
2021-03-19 10:15:00,305.082362181,305.804871952,304.447908594,305.248419352,92317.0
2021-03-19 10:30:00,305.30699331,305.756060321,303.041547864,304.320998352,42700.0
2021-03-19 10:45:00,304.389334636,304.848163973,303.120232214,304.106227173,49721.0
2021-03-19 11:00:00,303.891455994,305.033648173,303.891455994,304.37957231,29595.0
2021-03-19 11:15:00,304.574818836,304.887213278,303.120232214,303.339884557,19095.0
2021-03-19 11:30:00,303.354528046,304.148302799,302.856649404,303.97931693,24450.0
2021-03-19 11:45:00,303.852406688,304.372250565,303.491200614,303.88657483,14738.0
2021-03-19 12:00:00,303.940267625,303.940267625,303.325241067,303.698259556,21150.0
2021-03-19 12:15:00,303.686447141,306.732292952,302.485681004,302.729739162,29822.0
2021-03-19 12:30:00,302.856649404,303.634413942,302.837124751,303.42286433,24348.0
2021-03-19 12:45:00,303.228594036,303.261785946,302.525706541,302.817600098,18737.0
2021-03-19 13:00:00,302.954272667,303.134778081,302.633092131,302.837124751,16669.0
2021-03-19 13:15:00,302.832243588,303.022608951,302.251385172,302.251385172,24505.0
2021-03-19 13:30:00,302.397820067,302.729739162,302.38805774,302.554017288,15330.0
2021-03-19 13:45:00,302.705333346,303.588823878,302.534492635,302.964034993,21011.0
2021-03-19 14:00:00,303.032371277,303.627873183,303.028954463,303.60834853,18987.0
2021-03-19 14:15:00,303.627873183,303.627873183,302.837124751,302.837124751,21873.0
2021-03-19 14:30:00,302.91815206,302.934748014,302.329483782,302.534590258,25754.0
2021-03-19 14:45:00,302.622353572,303.803595057,302.339246109,303.803595057,52383.0
2021-03-19 15:00:00,303.823119709,303.862169015,302.954272667,303.583942714,37747.0
2021-03-19 15:15:00,303.549774572,303.852406688,302.915223362,303.188568499,54923.0
2021-03-19 15:30:00,303.281310599,303.429990828,302.681025153,302.719976835,62873.0
2021-03-19 15:45:00,302.817600098,304.399096962,302.483338045,304.08670252,66143.0
2021-03-19 16:00:00,304.091583683,304.606546396,301.27515254,301.304439519,227897.0
2021-03-19 16:15:00,301.314201845,301.314201845,301.314201845,301.314201845,71936.0
2021-03-19 17:45:00,301.314201845,301.314201845,301.314201845,301.314201845,111.0
2021-03-22 07:00:00,301.314201845,301.314201845,301.314201845,301.314201845,100.0
2021-03-22 08:15:00,301.314201845,301.314201845,301.314201845,301.314201845,110.0
2021-03-22 08:45:00,302.632115898,302.632115898,302.632115898,302.632115898,631.0
2021-03-22 09:15:00,301.314201845,301.314201845,301.314201845,301.314201845,104675.0
2021-03-22 09:30:00,301.353251151,301.353251151,300.806560877,300.806560877,1018.0
2021-03-22 09:45:00,300.71869994,303.549774572,300.006050118,303.549774572,63906.0
2021-03-22 10:00:00,303.627873183,305.472952857,302.944510341,304.887213278,28511.0
2021-03-22 10:15:00,305.092222131,306.24788632,304.770162986,306.175840352,37413.0
2021-03-22 10:30:00,306.127028721,306.663956668,304.662777396,305.599863099,35325.0
2021-03-22 10:45:00,305.648674731,306.253938963,305.277706331,305.951306847,18485.0
2021-03-22 11:00:00,306.009880805,306.214889658,304.408859288,304.408859288,23938.0
2021-03-22 11:15:00,304.408859288,305.19960772,303.378933862,303.852406688,19784.0
2021-03-22 11:30:00,303.696209467,304.330760678,303.256904783,303.686447141,18394.0
2021-03-22 11:45:00,303.42286433,304.506482552,303.42286433,304.506482552,30445.0
2021-03-22 12:00:00,304.691966752,304.691966752,303.725496446,304.545141364,17392.0
2021-03-22 12:15:00,304.428383941,304.604105815,303.60834853,304.369809983,19298.0
2021-03-22 12:30:00,304.486957899,304.594343489,303.950029951,304.594343489,22607.0
2021-03-22 12:45:00,304.652917446,305.150796089,304.45767092,304.911619094,42402.0
2021-03-22 13:00:00,304.984836541,305.453428205,304.848163973,305.355804941,32158.0
2021-03-22 13:15:00,305.355804941,307.142310658,305.355804941,307.073974374,39615.0
2021-03-22 13:30:00,307.073974374,307.474229753,306.497997121,306.703005974,46486.0
2021-03-22 13:45:00,306.781104584,306.917777153,306.292988268,306.727411789,25281.0
2021-03-22 14:00:00,306.738150348,306.849440868,306.058692436,306.23441431,17646.0
2021-03-22 14:15:00,306.117266394,306.678600158,306.039167784,306.214889658,15343.0
2021-03-22 14:30:00,306.214889658,306.683481321,306.166566142,306.546808752,30060.0
2021-03-22 14:45:00,306.624907363,308.074612821,306.468710142,307.806148848,34066.0
2021-03-22 15:00:00,307.811030011,307.815911174,307.37660649,307.4547051,18706.0
2021-03-22 15:15:00,307.523041384,308.1966419,307.386368816,308.11854329,34065.0
2021-03-22 15:30:00,307.986751884,308.045325842,307.444942774,307.483992079,24634.0
2021-03-22 15:45:00,307.474229753,307.601139995,307.152072984,307.220409268,44287.0
2021-03-22 16:00:00,307.278983226,307.318032532,306.458947816,306.751817605,132824.0
2021-03-22 16:15:00,306.742055279,306.742055279,306.742055279,306.742055279,75157.0
2021-03-22 18:15:00,306.742055279,306.742055279,306.742055279,306.742055279,2560.0
2021-03-22 19:45:00,306.742055279,306.742055279,306.742055279,306.742055279,195.0
2021-03-23 07:15:00,305.560813794,305.560813794,305.560813794,305.560813794,100.0
2021-03-23 09:45:00,305.67796171,307.991633048,305.67796171,307.718287911,39868.0
2021-03-23 10:00:00,307.523041384,309.62125818,307.435180447,309.402289201,33339.0
2021-03-23 10:15:00,309.631703869,309.856237375,308.050207006,308.962984516,27476.0
2021-03-23 10:30:00,308.958103353,309.290022448,308.391888427,308.538323322,20934.0
2021-03-23 10:45:00,308.606659606,308.919054048,307.073974374,307.073974374,28390.0
2021-03-23 11:00:00,306.9909946,308.152711432,306.947064131,307.298507879,26702.0
2021-03-23 11:15:00,307.298507879,307.864722805,307.044687395,307.542566037,22671.0
2021-03-23 11:30:00,307.610902321,308.450462385,307.542566037,308.421175406,28708.0
2021-03-23 11:45:00,308.372363774,308.665233564,308.099018637,308.333314469,25775.0
2021-03-23 12:00:00,308.255215858,309.158231043,308.235691206,308.723807522,34226.0
2021-03-23 12:15:00,308.792143806,309.250973143,308.733569848,308.987390332,29635.0
2021-03-23 12:30:00,308.987390332,309.221686164,308.748213337,309.050845453,35400.0
2021-03-23 12:45:00,309.04596429,309.114300574,308.557847974,308.616421932,22773.0
2021-03-23 13:00:00,308.548085648,308.645318418,308.094137474,308.572491464,33803.0
2021-03-23 13:15:00,308.572491464,308.606659606,308.11854329,308.185219979,20825.0
2021-03-23 13:30:00,308.30402749,308.723807522,308.230810042,308.548085648,22060.0
2021-03-23 13:45:00,308.5676103,308.592016116,307.425418121,307.425418121,29545.0
2021-03-23 14:00:00,307.581615342,307.952583742,306.888490174,307.728050237,32931.0
2021-03-23 14:15:00,307.796386521,308.460224711,307.288745553,308.362601448,30145.0
2021-03-23 14:30:00,308.313789816,308.762856827,308.157592595,308.460224711,27930.0
2021-03-23 14:45:00,308.440700058,308.577372627,307.845198153,307.942821416,31611.0
2021-03-23 15:00:00,307.869603969,308.801906132,307.854960479,308.333314469,33993.0
2021-03-23 15:15:00,308.313789816,308.391888427,307.610902321,307.664595116,42045.0
2021-03-23 15:30:00,307.708525584,307.796386521,307.200884616,307.225290432,40745.0
2021-03-23 15:45:00,307.191122289,307.191122289,306.244176636,306.507759447,67534.0
2021-03-23 16:00:00,306.478472468,307.210646942,305.931782194,306.683481321,146626.0
2021-03-23 16:15:00,306.673718995,306.673718995,306.673718995,306.673718995,127381.0
2021-03-24 09:45:00,307.649951626,311.066765838,307.649951626,310.690916275,57433.0
2021-03-24 10:00:00,310.851994659,313.18909558,310.505432075,313.175428323,51886.0
2021-03-24 10:15:00,313.07780506,313.26328926,311.808702638,312.882558534,30759.0
2021-03-24 10:30:00,312.811098305,313.058280407,312.04299847,312.316343607,28624.0
2021-03-24 10:45:00,312.384679891,312.852197699,311.750128681,312.852197699,28022.0
2021-03-24 11:00:00,312.794697597,313.63425766,312.59945107,313.439011134,30360.0
2021-03-24 11:15:00,313.419486481,313.731880923,313.07780506,313.292576239,24608.0
2021-03-24 11:30:00,313.204715302,313.351150197,311.867276596,311.867276596,27609.0
2021-03-24 11:45:00,311.837989617,312.091810102,311.266893528,311.789177986,24696.0
2021-03-24 12:00:00,311.808702638,312.697074334,311.794059149,312.462778502,16695.0
2021-03-24 12:15:00,312.52135246,312.628738049,310.978904901,310.978904901,30648.0
2021-03-24 12:30:00,311.066765838,311.623218438,311.027716533,311.174151428,23178.0
2021-03-24 12:45:00,311.183913754,311.662267744,311.027716533,311.183913754,35460.0
2021-03-24 13:00:00,311.164389101,311.496308196,310.734846743,311.017954207,20319.0
2021-03-24 13:15:00,310.832470007,310.920330943,310.193037633,310.734846743,28800.0
2021-03-24 13:30:00,310.598174175,310.656748133,309.914811333,310.402927649,18319.0
2021-03-24 13:45:00,310.529837891,310.686035112,310.305304385,310.339472527,16604.0
2021-03-24 14:00:00,310.222324612,310.364171213,309.797663417,309.914811333,21992.0
2021-03-24 14:15:00,309.836712722,310.158869491,309.592654564,310.158869491,13639.0
2021-03-24 14:30:00,310.236968101,310.236968101,309.495031301,309.529199443,15954.0
2021-03-24 14:45:00,309.465744322,309.592654564,309.036201964,309.553605259,14558.0
2021-03-24 15:00:00,309.495031301,310.324829038,309.455981996,310.324829038,38181.0
2021-03-24 15:15:00,310.08077088,311.057003512,309.846475048,310.793420701,31034.0
2021-03-24 15:30:00,310.793420701,311.174151428,310.149107164,310.432312251,29995.0
2021-03-24 15:45:00,310.441976954,310.588411849,309.670753175,309.670753175,45965.0
2021-03-24 16:00:00,309.560731757,309.748851785,308.440700058,308.714045195,99632.0
2021-03-24 16:15:00,308.518798669,308.518798669,308.518798669,308.518798669,146463.0
2021-03-24 19:30:00,311.447496565,311.447496565,311.447496565,311.447496565,500.0
2021-03-24 20:00:00,310.217443448,310.217443448,310.217443448,310.217443448,242.0
2021-03-25 08:00:00,308.48951169,308.48951169,308.48951169,308.48951169,500.0
2021-03-25 08:15:00,308.001395374,308.001395374,308.001395374,308.001395374,696.0
2021-03-25 09:30:00,307.523041384,309.026439637,307.513279058,309.006914985,1241.0
2021-03-25 09:45:00,309.612179217,311.310823996,308.772619153,308.948341027,67607.0
2021-03-25 10:00:00,309.119181738,311.086290491,308.831193111,310.871519312,48365.0
2021-03-25 10:15:00,310.964261412,310.964261412,309.250973143,309.641466196,43448.0
2021-03-25 10:30:00,309.714683643,310.593293012,309.397408038,310.490788585,31194.0
2021-03-25 10:45:00,310.681153949,310.681153949,309.680515501,309.680515501,19618.0
2021-03-25 11:00:00,309.582892238,309.778138764,309.036201964,309.470625485,36449.0
2021-03-25 11:15:00,309.470625485,309.748851785,309.085013595,309.241210817,38647.0
2021-03-25 11:30:00,309.250973143,311.291299344,309.250973143,311.291299344,25240.0
2021-03-25 11:45:00,311.273727156,312.999706449,311.125339796,311.564644481,32486.0
2021-03-25 12:00:00,311.642743091,312.911845513,311.398684933,312.658025028,24981.0
2021-03-25 12:15:00,312.760529455,312.809341086,311.925850554,312.482303155,22854.0
2021-03-25 12:30:00,312.745885965,312.906964349,311.584169133,311.584169133,21754.0
2021-03-25 12:45:00,311.67203007,312.238147373,311.613456112,312.169908712,17007.0
2021-03-25 13:00:00,312.125978244,312.462778502,312.033236144,312.433491523,22689.0
2021-03-25 13:15:00,312.501827807,312.591836456,312.062523123,312.316343607,23538.0
2021-03-25 13:30:00,312.32122477,313.032507866,312.29369501,312.70683666,21917.0
2021-03-25 13:45:00,312.727142299,313.273051586,312.171763554,313.102210876,17997.0
2021-03-25 14:00:00,313.165177881,313.809979534,312.853271555,313.282813913,30833.0
2021-03-25 14:15:00,313.390199502,313.390199502,312.814222249,313.068042734,18302.0
2021-03-25 14:30:00,313.175428323,313.214477628,312.70683666,312.999706449,15453.0
2021-03-25 14:45:00,312.794697597,313.487822765,312.453016176,313.273051586,18311.0
2021-03-25 15:00:00,313.331625544,313.624495334,313.068042734,313.517109744,27331.0
2021-03-25 15:15:00,313.458535786,313.731880923,312.726361313,313.731880923,27926.0
2021-03-25 15:30:00,313.849028839,314.024750713,313.585446029,313.917365123,23745.0
2021-03-25 15:45:00,313.663544639,314.141898629,313.458535786,313.55615905,33368.0
2021-03-25 16:00:00,313.663544639,314.346907482,313.497585092,313.536634397,112175.0
2021-03-25 16:15:00,313.55615905,313.55615905,313.55615905,313.55615905,60886.0
2021-03-25 17:15:00,314.815499145,314.815499145,313.55615905,313.55615905,3109.0
2021-03-25 17:30:00,313.55615905,313.55615905,313.55615905,313.55615905,331.0
2021-03-25 17:45:00,314.66906425,314.66906425,314.66906425,314.66906425,176.0
2021-03-26 09:15:00,316.652183219,316.652183219,316.652183219,316.652183219,100.0
2021-03-26 09:45:00,313.653782313,315.508624314,313.502466255,314.073562345,87651.0
2021-03-26 10:00:00,314.185829097,315.176705219,313.644019987,314.346907482,36926.0
2021-03-26 10:15:00,314.835023797,314.835023797,312.941132492,313.175428323,33630.0
2021-03-26 10:30:00,313.146141344,313.433153738,312.111334754,312.111334754,25247.0
2021-03-26 10:45:00,312.374917565,312.52135246,310.676272785,310.803183028,25104.0
2021-03-26 11:00:00,310.74460907,311.310823996,310.027078085,310.734846743,33209.0
2021-03-26 11:15:00,310.690916275,311.598812623,310.022196922,310.031959248,26421.0
2021-03-26 11:30:00,309.992909943,310.393165322,308.899529395,309.290022448,40053.0
2021-03-26 11:45:00,309.729327132,309.934238362,308.167354921,308.743332174,27843.0
2021-03-26 12:00:00,308.821430785,309.061388766,308.362601448,308.391888427,20435.0
2021-03-26 12:15:00,308.78238148,309.748851785,308.191760737,308.333314469,33219.0
2021-03-26 12:30:00,308.528560995,308.840955437,308.235691206,308.606659606,16709.0
2021-03-26 12:45:00,308.694520543,309.748851785,308.538323322,309.748851785,22884.0
2021-03-26 13:00:00,309.748851785,310.363878343,309.514555953,309.514555953,22870.0
2021-03-26 13:15:00,309.573129911,309.739089459,309.143587553,309.182636859,19201.0
2021-03-26 13:30:00,309.065488943,309.548724096,308.958103353,309.23144849,17096.0
2021-03-26 13:45:00,309.33883408,309.504793627,309.036201964,309.114300574,17101.0
2021-03-26 14:00:00,309.465744322,310.705559764,309.348596406,310.627461154,18282.0
2021-03-26 14:15:00,310.603055338,310.700678601,309.968504127,310.178394143,26710.0
2021-03-26 14:30:00,310.178394143,310.510313238,309.651228522,310.276017406,29884.0
2021-03-26 14:45:00,310.285779733,310.285779733,309.582892238,309.807425743,27283.0
2021-03-26 15:00:00,309.817188069,310.383402996,309.358358732,310.295542059,29639.0
2021-03-26 15:15:00,310.285779733,310.334591364,309.299784774,309.309547101,31283.0
2021-03-26 15:30:00,309.387645711,309.851356211,309.387645711,309.719564806,26712.0
2021-03-26 15:45:00,309.719564806,311.00819188,309.719564806,310.749490233,75737.0
2021-03-26 16:00:00,310.754371396,311.886801249,309.660990848,311.437734238,118881.0
2021-03-26 16:15:00,311.437734238,311.437734238,311.437734238,311.437734238,7750.0
2021-03-26 16:45:00,311.437734238,311.437734238,311.437734238,311.437734238,1162.0
2021-03-26 17:30:00,312.15038406,312.15038406,312.15038406,312.15038406,313.0
2021-03-26 18:45:00,311.418209586,311.418209586,311.418209586,311.418209586,100.0
2021-03-26 19:30:00,311.418209586,311.418209586,311.418209586,311.418209586,154.0
2021-03-29 08:15:00,310.734846743,310.734846743,310.734846743,310.734846743,212.0
2021-03-29 08:30:00,310.441976954,310.441976954,310.441976954,310.441976954,104.0
2021-03-29 09:45:00,312.101572428,316.894874651,312.101572428,316.641054167,51698.0
2021-03-29 10:00:00,316.63129184,316.728915103,314.610490292,315.186467545,26281.0
2021-03-29 10:15:00,315.811256429,316.562955556,314.801343772,315.401238724,33834.0
2021-03-29 10:30:00,315.430525703,316.221274135,314.649539597,315.606247577,26255.0
2021-03-29 10:45:00,315.625772229,315.938166672,315.352427092,315.352427092,21167.0
2021-03-29 11:00:00,315.323140113,316.589020967,315.230398013,316.433604732,38144.0
2021-03-29 11:15:00,316.426282988,317.10906009,316.113888545,316.992497914,31600.0
2021-03-29 11:30:00,316.992497914,318.163977072,316.968092098,317.968730546,23186.0
2021-03-29 11:45:00,318.124927767,318.251838009,317.071572757,317.802770999,26398.0
2021-03-29 12:00:00,318.03706683,318.183501725,317.060834198,317.861344956,23853.0
2021-03-29 12:15:00,317.793008672,318.095640788,317.378109804,317.500138883,13497.0
2021-03-29 12:30:00,317.402515619,318.056591483,317.199166362,318.046829157,17649.0
2021-03-29 12:45:00,318.061472646,318.39456322,317.519663535,317.578237493,17645.0
2021-03-29 13:00:00,317.729553551,317.822295651,316.982735588,316.982735588,16745.0
2021-03-29 13:15:00,316.982735588,317.246318398,316.299372745,316.392114845,18056.0
2021-03-29 13:30:00,316.392114845,316.528787414,315.928404345,315.928404345,16648.0
2021-03-29 13:45:00,315.938166672,316.972875638,315.918642019,316.377471356,17686.0
2021-03-29 14:00:00,316.240798787,316.977854425,316.191987156,316.572717882,10788.0
2021-03-29 14:15:00,316.55319323,317.012022567,316.309135072,316.870468835,13934.0
2021-03-29 14:30:00,316.885112325,317.217031419,316.338422051,316.416520661,22994.0
2021-03-29 14:45:00,316.416520661,316.650816493,315.87471155,316.475094619,23675.0
2021-03-29 15:00:00,316.431164151,316.992497914,316.406758335,316.81677604,23530.0
2021-03-29 15:15:00,316.953448609,317.265843051,316.299372745,316.401877172,30121.0
2021-03-29 15:30:00,316.372590193,316.562955556,315.908879693,316.484856945,34013.0
2021-03-29 15:45:00,316.396996009,316.543430903,315.59648525,315.701723128,38915.0
2021-03-29 16:00:00,315.557435945,315.919715875,315.323140113,315.635534556,115243.0
2021-03-29 16:15:00,315.469575008,315.469575008,315.469575008,315.469575008,4123.0
2021-03-30 08:45:00,315.469575008,315.469575008,315.469575008,315.469575008,228.0
2021-03-30 09:45:00,315.381714071,316.982735588,315.381714071,315.78196945,49745.0
2021-03-30 10:00:00,315.98209714,316.299372745,314.493342376,315.772207124,49329.0
2021-03-30 10:15:00,315.772207124,316.763083246,315.176705219,315.495835666,60772.0
2021-03-30 10:30:00,315.33290244,315.803056075,314.800172293,315.508624314,18804.0
2021-03-30 10:45:00,315.41100105,315.952810161,314.561678661,314.630014945,27043.0
2021-03-30 11:00:00,314.630014945,315.498861987,314.503104703,314.986339855,21686.0
2021-03-30 11:15:00,314.932647061,315.59648525,314.740524479,315.171824055,22038.0
2021-03-30 11:30:00,315.176705219,315.284090808,314.063800018,314.063800018,20240.0
2021-03-30 11:45:00,314.083324671,315.713633166,314.083324671,315.625772229,23749.0
2021-03-30 12:00:00,315.625772229,316.172462503,315.127893587,315.157180566,31426.0
2021-03-30 12:15:00,315.347545929,315.928404345,315.342664766,315.830781082,13253.0
2021-03-30 12:30:00,315.879592714,315.879592714,315.342664766,315.342664766,14182.0
2021-03-30 12:45:00,315.342664766,315.664821535,315.088844282,315.586722924,15493.0
2021-03-30 13:00:00,315.508624314,315.977215977,315.079081955,315.908879693,24355.0
2021-03-30 13:15:00,316.055314587,316.172462503,315.567198271,315.747801308,19187.0
2021-03-30 13:30:00,315.835662245,316.055314587,315.440288029,315.498861987,15624.0
2021-03-30 13:45:00,315.469575008,316.240798787,315.450050356,316.221274135,15646.0
2021-03-30 14:00:00,316.221274135,316.558074393,315.840543408,316.338422051,18573.0
2021-03-30 14:15:00,316.338422051,316.484856945,316.026027608,316.484856945,18524.0
2021-03-30 14:30:00,316.436045314,316.787489061,316.338422051,316.714271614,18551.0
2021-03-30 14:45:00,316.675222309,316.680103472,316.07483924,316.318897398,23285.0
2021-03-30 15:00:00,316.338422051,316.44580764,315.884473877,316.406758335,17129.0
2021-03-30 15:15:00,316.436045314,316.846063019,316.348184377,316.406758335,20873.0
2021-03-30 15:30:00,316.299372745,316.455569966,315.977215977,316.035789935,15646.0
2021-03-30 15:45:00,315.869830387,315.938166672,315.098606608,315.152299403,29155.0
2021-03-30 16:00:00,315.186467545,315.215754524,313.917365123,315.010745671,92629.0
2021-03-30 16:15:00,315.010745671,315.010745671,315.010745671,315.010745671,96291.0
2021-03-30 16:45:00,315.010745671,315.010745671,315.010745671,315.010745671,109.0
2021-03-31 09:15:00,315.293853134,315.293853134,315.293853134,315.293853134,200.0
2021-03-31 09:45:00,313.975939081,315.625772229,312.658025028,313.761167902,41473.0
2021-03-31 10:00:00,313.761167902,314.063800018,312.745885965,313.468298113,25698.0
2021-03-31 10:15:00,313.37067485,314.259534661,313.224239955,313.517109744,33394.0
2021-03-31 10:30:00,313.253526934,313.912972077,312.974910141,313.761167902,22452.0
2021-03-31 10:45:00,313.761167902,313.761167902,313.087567386,313.702593944,18430.0
2021-03-31 11:00:00,313.507347418,315.118131261,313.507347418,314.825261471,18874.0
2021-03-31 11:15:00,315.000983345,315.264566156,314.268808871,314.659301924,20677.0
2021-03-31 11:30:00,314.503104703,315.196229871,314.395719113,314.600727966,25570.0
2021-03-31 11:45:00,314.66906425,315.303615461,314.421101162,315.293853134,30556.0
2021-03-31 12:00:00,315.313377787,315.586722924,314.66906425,314.864310776,22180.0
2021-03-31 12:15:00,314.756925187,315.293853134,314.630014945,315.215754524,19994.0
2021-03-31 12:30:00,315.191348708,315.313377787,314.598775501,314.795974492,15154.0
2021-03-31 12:45:00,314.708113555,315.205992198,314.708113555,314.913122408,17734.0
2021-03-31 13:00:00,314.942409387,315.088844282,314.444530745,314.600727966,17826.0
2021-03-31 13:15:00,314.66906425,315.166942892,314.581203313,315.127893587,17983.0
2021-03-31 13:30:00,315.035151487,315.059557303,314.532391682,314.835023797,16518.0
2021-03-31 13:45:00,314.864310776,315.264566156,314.698351229,315.055652372,18154.0
2021-03-31 14:00:00,314.942409387,315.118131261,314.835023797,315.098606608,15679.0
2021-03-31 14:15:00,315.030270324,315.70387084,315.030270324,315.625772229,31161.0
2021-03-31 14:30:00,315.508624314,316.026027608,315.401238724,315.606247577,25703.0
2021-03-31 14:45:00,315.664821535,315.928404345,315.313377787,315.313377787,23942.0
2021-03-31 15:00:00,315.33290244,315.742920145,315.04003265,315.625772229,25890.0
2021-03-31 15:15:00,315.459812682,315.752682471,315.04003265,315.284090808,64761.0
2021-03-31 15:30:00,315.245041503,315.630653393,314.893597755,315.630653393,26191.0
2021-03-31 15:45:00,315.645296882,315.684346187,315.288971971,315.41100105,43690.0
2021-03-31 16:00:00,315.381714071,316.611767188,315.308496624,315.947928998,145407.0
2021-03-31 16:15:00,315.947928998,315.947928998,315.947928998,315.947928998,30204.0
2021-04-01 09:00:00,315.947928998,315.947928998,315.947928998,315.947928998,1783.0
2021-04-01 09:45:00,315.362189419,316.299372745,314.288333524,314.983411158,51200.0
2021-04-01 10:00:00,315.713633166,315.938166672,314.644658434,315.352427092,28330.0
2021-04-01 10:15:00,315.210873361,316.318897398,314.093086997,314.122373976,22984.0
2021-04-01 10:30:00,314.122373976,315.489099661,313.817887018,315.440288029,23113.0
2021-04-01 10:45:00,315.313377787,316.289610419,315.313377787,315.616009903,22312.0
2021-04-01 11:00:00,315.728276656,316.221274135,315.606247577,315.860068061,23519.0
2021-04-01 11:15:00,315.742920145,316.704021171,315.742920145,316.279848093,22590.0
2021-04-01 11:30:00,316.279848093,316.889017255,316.240798787,316.73867743,21048.0
2021-04-01 11:45:00,316.73867743,316.953448609,315.792708009,316.338422051,20168.0
2021-04-01 12:00:00,316.265204603,316.309135072,315.59648525,315.928404345,22131.0
2021-04-01 12:15:00,316.211511809,316.748439756,315.850305735,316.504381598,31468.0
2021-04-01 12:30:00,316.587361372,317.353703988,316.299372745,317.138932809,30677.0
2021-04-01 12:45:00,317.090121177,317.265843051,316.728915103,316.728915103,25192.0
2021-04-01 13:00:00,316.719152777,316.963210935,316.543430903,316.641054167,42815.0
2021-04-01 13:15:00,316.63129184,316.650816493,316.062831579,316.318897398,15105.0
2021-04-01 13:30:00,316.433604732,316.533668577,315.742920145,315.830781082,24406.0
2021-04-01 13:45:00,315.908879693,316.377471356,315.59648525,315.610543,27005.0
2021-04-01 14:00:00,315.41100105,315.489099661,314.844786124,315.33290244,23325.0
2021-04-01 14:15:00,315.284090808,315.694108514,314.737400534,315.010745671,25622.0
2021-04-01 14:30:00,314.976577529,315.066879048,314.512867029,314.795974492,19816.0
2021-04-01 14:45:00,314.795974492,314.795974492,314.171185608,314.415243766,27074.0
2021-04-01 15:00:00,314.29809585,315.157180566,314.29809585,314.893597755,24962.0
2021-04-01 15:15:00,314.927765898,315.127893587,314.600727966,314.805736819,30588.0
2021-04-01 15:30:00,314.698351229,314.766687513,314.317620503,314.488461213,36263.0
2021-04-01 15:45:00,314.48358005,314.519993527,313.673306965,313.81974186,54672.0
2021-04-01 16:00:00,313.907602797,314.742281697,313.800217208,314.678826576,85416.0
2021-04-01 16:15:00,314.581203313,314.581203313,314.581203313,314.581203313,8143.0
2021-04-01 16:45:00,314.581203313,314.581203313,314.581203313,314.581203313,126.0
2021-04-01 18:15:00,314.581203313,314.581203313,314.581203313,314.581203313,100.0
2021-04-05 09:15:00,316.035789935,316.035789935,316.035789935,316.035789935,100.0
2021-04-05 09:45:00,315.22551685,319.296406925,315.22551685,318.842458752,54425.0
2021-04-05 10:00:00,318.427559883,319.716186957,316.953448609,319.423317168,21497.0
2021-04-05 10:15:00,319.423317168,320.404430963,318.896151546,320.321451189,31445.0
2021-04-05 10:30:00,320.443480268,321.351376616,320.336094678,321.239109863,36265.0
2021-04-05 10:45:00,321.239109863,321.932235032,320.741231221,321.531979653,35751.0
2021-04-05 11:00:00,321.556385468,321.974896398,321.375782431,321.670995179,33308.0
2021-04-05 11:15:00,321.707701526,322.293441105,321.561266631,321.736988505,38816.0
2021-04-05 11:30:00,321.600315937,321.815087116,320.877903789,321.3269708,24787.0
2021-04-05 11:45:00,321.297683821,322.020095968,320.965764726,322.020095968,18424.0
2021-04-05 12:00:00,322.088432253,322.488687632,321.971284337,322.488687632,18447.0
2021-04-05 12:15:00,322.400826695,322.801082074,322.059145274,322.205580169,17038.0
2021-04-05 12:30:00,322.171412026,322.459400653,321.990906613,322.26454462,16416.0
2021-04-05 12:45:00,322.376420879,323.133001169,322.244629474,323.074427211,22742.0
2021-04-05 13:00:00,323.054219195,323.054219195,321.932235032,322.166530863,16575.0
2021-04-05 13:15:00,322.117719232,322.215342495,321.483168021,321.629798162,14817.0
2021-04-05 13:30:00,321.483168021,321.483168021,320.545984694,320.545984694,14220.0
2021-04-05 13:45:00,320.66313261,321.0487445,320.135966989,320.194540947,18165.0
2021-04-05 14:00:00,320.409312126,320.760755873,320.135966989,320.633845631,17051.0
2021-04-05 14:15:00,320.626426263,320.626426263,320.194540947,320.419074452,16287.0
2021-04-05 14:30:00,320.565509347,321.414831737,320.555747021,321.385544758,35360.0
2021-04-05 14:45:00,321.424594063,322.186055516,321.424594063,321.8834234,25436.0
2021-04-05 15:00:00,321.951759684,321.975189267,321.307446147,321.385544758,26633.0
2021-04-05 15:15:00,321.385544758,321.893185726,321.268396842,321.824849442,25350.0
2021-04-05 15:30:00,321.776037811,322.195817842,321.463643368,321.922472705,29821.0
2021-04-05 15:45:00,321.912710379,322.376420879,321.610078263,321.834611768,62038.0
2021-04-05 16:00:00,321.893185726,323.10371419,321.707701526,322.967041621,132520.0
2021-04-05 16:15:00,322.791319748,322.791319748,322.791319748,322.791319748,9206.0
2021-04-06 09:45:00,320.18477862,322.147006211,319.325693904,319.833334873,54915.0
2021-04-06 10:00:00,319.833334873,321.248872189,319.530702757,320.253114905,45436.0
2021-04-06 10:15:00,320.467886084,321.517336163,320.419074452,320.9560024,28114.0
2021-04-06 10:30:00,321.170773579,322.927992316,321.170773579,321.824849442,36714.0
2021-04-06 10:45:00,321.756513158,322.234867148,321.531979653,321.619840589,23554.0
2021-04-06 11:00:00,321.80893685,322.571667406,321.346495452,322.464281816,24169.0
2021-04-06 11:15:00,322.283678779,322.859656032,322.059145274,322.371539716,18257.0
2021-04-06 11:30:00,322.36177739,322.849893706,322.088432253,322.849893706,16870.0
2021-04-06 11:45:00,322.849893706,323.318485369,322.644884853,322.752270442,24134.0
2021-04-06 12:00:00,322.820606727,323.20036122,322.683934158,322.879180685,16814.0
2021-04-06 12:15:00,322.91822999,323.250149085,322.469260602,323.093951864,25548.0
2021-04-06 12:30:00,323.10371419,323.39658398,322.976803948,322.986566274,22922.0
2021-04-06 12:45:00,323.025615579,323.079308374,322.517974611,322.644884853,24697.0
2021-04-06 13:00:00,322.801082074,323.172050474,322.742508116,322.849893706,21809.0
2021-04-06 13:15:00,322.927992316,324.070184496,322.91822999,323.640642137,18377.0
2021-04-06 13:30:00,323.640642137,324.411865917,323.640642137,324.343529632,15780.0
2021-04-06 13:45:00,324.284955675,324.284955675,323.533256548,323.76755238,14976.0
2021-04-06 14:00:00,323.816364011,323.894462622,323.220862106,323.250149085,17435.0
2021-04-06 14:15:00,323.240386758,323.47468259,322.635122527,323.318485369,24143.0
2021-04-06 14:30:00,323.1818128,323.499088406,322.91822999,323.494207243,15632.0
2021-04-06 14:45:00,323.47468259,324.03113519,323.425870958,323.699216095,16212.0
2021-04-06 15:00:00,323.835888664,324.226381717,323.669929116,324.001848211,16489.0
2021-04-06 15:15:00,323.611355159,323.757790053,323.054902558,323.689453769,15326.0
2021-04-06 15:30:00,323.708978422,323.865175643,323.172050474,323.484444916,16650.0
2021-04-06 15:45:00,323.513731895,323.576210784,322.874299521,323.191575127,26462.0
2021-04-06 16:00:00,323.079308374,323.874937969,323.035377906,323.1818128,70210.0
2021-04-06 16:15:00,323.28919839,323.28919839,323.28919839,323.28919839,10869.0
2021-04-06 17:00:00,323.532182692,323.532182692,323.532182692,323.532182692,660.0
2021-04-07 09:45:00,324.812121296,324.860932927,323.518613058,323.796839359,35461.0
2021-04-07 10:00:00,323.855413317,323.855413317,322.029858295,322.322728084,13188.0
2021-04-07 10:15:00,322.586310895,323.0890707,322.234867148,322.840131379,23452.0
2021-04-07 10:30:00,322.957279295,323.386821653,322.73274579,323.313604206,21328.0
2021-04-07 10:45:00,323.360560995,323.621117485,322.830369053,322.937754642,16605.0
2021-04-07 11:00:00,323.152525822,323.269673737,322.937754642,323.045140232,17925.0
2021-04-07 11:15:00,322.908467664,322.91822999,322.225104821,322.693696485,17882.0
2021-04-07 11:30:00,322.693696485,323.1818128,322.693696485,323.015853253,12471.0
2021-04-07 11:45:00,322.893824174,323.601983325,322.845012542,322.845012542,15790.0
2021-04-07 12:00:00,323.015853253,323.416108632,322.8108444,323.416108632,11225.0
2021-04-07 12:15:00,323.455157937,323.84565099,323.413668051,323.796839359,15997.0
2021-04-07 12:30:00,323.811482848,324.265431022,323.679691443,324.040897517,15859.0
2021-04-07 12:45:00,324.118996127,324.860932927,323.611355159,324.743785012,94420.0
2021-04-07 13:00:00,324.763309664,324.968318517,324.372816611,324.734022685,25294.0
2021-04-07 13:15:00,324.75091151,325.388098549,324.743785012,325.222139001,19643.0
2021-04-07 13:30:00,325.17332737,325.290475285,324.665686401,325.183089696,18865.0
2021-04-07 13:45:00,325.153802717,325.241663654,324.763309664,325.241663654,15293.0
2021-04-07 14:00:00,325.329524591,325.593107401,325.061060617,325.593107401,17342.0
2021-04-07 14:15:00,325.62239438,325.759066949,324.821883622,324.821883622,21449.0
2021-04-07 14:30:00,324.773071991,325.007367822,324.616874769,324.69497338,19719.0
2021-04-07 14:45:00,324.773071991,325.300237612,324.773071991,324.939031538,27982.0
2021-04-07 15:00:00,324.939031538,325.075704106,324.763309664,324.860932927,25234.0
2021-04-07 15:15:00,324.807240133,325.456434833,324.807240133,325.378336222,29661.0
2021-04-07 15:30:00,325.349049243,325.788353928,325.349049243,325.788353928,28392.0
2021-04-07 15:45:00,325.766388694,326.032412086,325.495484138,325.99336278,52924.0
2021-04-07 16:00:00,325.99336278,326.315519549,325.183089696,325.954313475,101491.0
2021-04-07 16:15:00,326.032412086,326.032412086,326.032412086,326.032412086,8557.0
2021-04-07 16:45:00,326.686487949,326.686487949,326.686487949,326.686487949,114.0
2021-04-07 17:00:00,326.032412086,326.032412086,326.032412086,326.032412086,3635.0
2021-04-07 17:15:00,326.793873539,326.84268517,326.793873539,326.84268517,275.0
2021-04-07 18:45:00,327.281989855,327.281989855,327.281989855,327.281989855,191.0
2021-04-07 19:00:00,327.994639676,327.994639676,327.994639676,327.994639676,250.0
2021-04-08 09:00:00,326.032412086,326.032412086,326.032412086,326.032412086,30001.0
2021-04-08 09:30:00,326.110510696,326.110510696,326.110510696,326.110510696,100.0
2021-04-08 09:45:00,325.056179454,326.461954444,325.056179454,325.690730665,50357.0
2021-04-08 10:00:00,325.925026496,327.203891244,325.925026496,326.530290728,43300.0
2021-04-08 10:15:00,326.65720097,328.580379255,326.65720097,328.380251566,42664.0
2021-04-08 10:30:00,328.375370402,329.332078382,328.375370402,328.629190887,45233.0
2021-04-08 10:45:00,328.614547397,329.156356508,328.194767365,328.795150434,97156.0
2021-04-08 11:00:00,328.775625781,328.975753471,327.526048013,327.623671276,60764.0
2021-04-08 11:15:00,327.711532213,328.43394436,327.652958255,328.043451307,37904.0
2021-04-08 11:30:00,328.043451307,328.307034118,327.623671276,327.755462681,25196.0
2021-04-08 11:45:00,327.760343844,328.360726913,327.574859644,327.740819192,16374.0
2021-04-08 12:00:00,327.740819192,327.848204781,327.184366591,327.350326139,15076.0
2021-04-08 12:15:00,327.350326139,327.770106171,327.272227528,327.69200756,15730.0
2021-04-08 12:30:00,327.672482907,328.931823003,327.672482907,328.931823003,22825.0
2021-04-08 12:45:00,328.922060676,328.922060676,328.102025265,328.189886202,18912.0
2021-04-08 13:00:00,328.297271792,328.668240192,327.721294539,327.721294539,13564.0
2021-04-08 13:15:00,327.643195928,328.082500613,327.643195928,327.809155476,19646.0
2021-04-08 13:30:00,327.955590371,328.06297596,327.340563813,327.897016413,16551.0
2021-04-08 13:45:00,327.818917802,328.082500613,327.594384297,328.082500613,19416.0
2021-04-08 14:00:00,328.092262939,328.258222487,327.667601744,327.936065718,16122.0
2021-04-08 14:15:00,327.789630823,327.916541065,327.711532213,327.774987334,14996.0
2021-04-08 14:30:00,327.867729434,328.287509465,327.74316215,328.287509465,20005.0
2021-04-08 14:45:00,328.307034118,328.61942856,328.165480386,328.54132995,14594.0
2021-04-08 15:00:00,328.54132995,328.902536024,328.443706687,328.629190887,25776.0
2021-04-08 15:15:00,328.599903908,328.599903908,328.06297596,328.180123876,32392.0
2021-04-08 15:30:00,328.092262939,328.492518318,327.809155476,328.365608076,34628.0
2021-04-08 15:45:00,328.326558771,328.638953213,328.199648529,328.48568469,46186.0
2021-04-08 16:00:00,328.477874829,328.658477866,327.867729434,328.131312244,102394.0
2021-04-08 16:15:00,328.131312244,328.131312244,328.131312244,328.131312244,6464.0
2021-04-08 16:45:00,328.131312244,328.131312244,328.131312244,328.131312244,1324.0
2021-04-08 17:15:00,328.131312244,328.570616929,328.131312244,328.570616929,558.0
2021-04-08 17:45:00,328.502280645,328.502280645,328.502280645,328.502280645,225.0
2021-04-08 20:00:00,328.512042971,328.512042971,328.512042971,328.512042971,200.0
2021-04-09 09:30:00,329.693284455,329.693284455,329.693284455,329.693284455,709.0
2021-04-09 09:45:00,328.726618903,331.762897635,328.580379255,331.304068298,64245.0
2021-04-09 10:00:00,331.35287993,332.456022804,330.903812919,332.006955793,41654.0
2021-04-09 10:15:00,332.00597956,332.553646067,330.767140351,330.801308493,29739.0
2021-04-09 10:30:00,330.708566393,330.708566393,330.020322387,330.593468565,24431.0
2021-04-09 10:45:00,330.523082193,331.157633403,329.878768656,329.898293308,27278.0
2021-04-09 11:00:00,330.054490529,330.435221256,329.512681419,330.435221256,16297.0
2021-04-09 11:15:00,330.366884971,330.591418477,329.478513276,329.624948171,17895.0
2021-04-09 11:30:00,329.722571434,329.722571434,328.765863455,329.122188366,20399.0
2021-04-09 11:45:00,329.122188366,329.244217445,328.834199739,328.892773697,21833.0
2021-04-09 12:00:00,328.951347655,329.009921613,328.373222691,328.922060676,19336.0
2021-04-09 12:15:00,328.99039696,329.127069529,328.697527171,328.980634634,16393.0
2021-04-09 12:30:00,328.853724392,329.517562582,328.853724392,329.060588087,14681.0
2021-04-09 12:45:00,329.039208592,329.634710498,328.863486718,329.605423519,16368.0
2021-04-09 13:00:00,329.595661192,329.634710498,329.048970918,329.166118834,15583.0
2021-04-09 13:15:00,329.088020224,329.088020224,328.717051824,328.941585329,14550.0
2021-04-09 13:30:00,328.970872308,329.39065234,328.502280645,329.39065234,16199.0
2021-04-09 13:45:00,329.478513276,329.956867266,329.361365361,329.859244003,23717.0
2021-04-09 14:00:00,329.878768656,330.215568914,329.351603034,330.074015182,23217.0
2021-04-09 14:15:00,330.013488759,330.415696603,329.673759803,330.39617195,22573.0
2021-04-09 14:30:00,330.415696603,330.586537314,330.191163098,330.571893824,23127.0
2021-04-09 14:45:00,330.591418477,330.78178384,330.054490529,330.288786361,24524.0
2021-04-09 15:00:00,330.200925424,330.472610966,330.064252856,330.083777508,23610.0
2021-04-09 15:15:00,330.093539835,330.435221256,330.054490529,330.239974729,19199.0
2021-04-09 15:30:00,330.288786361,330.903812919,330.220450077,330.786665003,21841.0
2021-04-09 15:45:00,330.669517087,331.079534793,330.669517087,330.806189656,33050.0
2021-04-09 16:00:00,330.825714308,332.172915341,330.776902677,331.72384833,138193.0
2021-04-09 16:15:00,331.870283225,332.895327488,330.708566393,332.895327488,14408.0
2021-04-09 16:30:00,331.870283225,331.870283225,331.870283225,331.870283225,100.0
2021-04-12 09:45:00,331.919094856,334.050308315,331.919094856,333.461542415,48910.0
2021-04-12 10:00:00,333.461542415,334.755050652,332.661031657,332.924614467,45173.0
2021-04-12 10:15:00,332.924614467,332.924614467,330.523082193,330.649992435,38285.0
2021-04-12 10:30:00,330.523082193,330.864763614,329.683522129,330.620705456,26391.0
2021-04-12 10:45:00,330.62861294,331.977668814,330.405934277,331.821471593,27757.0
2021-04-12 11:00:00,331.811709267,332.368161867,331.562086583,331.733610656,34483.0
2021-04-12 11:15:00,331.743372983,331.753135309,331.128346424,331.401691561,17530.0
2021-04-12 11:30:00,331.567651109,332.192439993,331.421216214,332.050886262,14672.0
2021-04-12 11:45:00,331.98743114,332.601871959,331.665274372,331.792184614,21721.0
2021-04-12 12:00:00,331.933738346,332.192439993,331.650630882,331.650630882,17698.0
2021-04-12 12:15:00,331.650630882,331.650630882,331.118584098,331.489552498,16222.0
2021-04-12 12:30:00,331.440740867,331.753135309,331.323592951,331.714086004,17513.0
2021-04-12 12:45:00,331.61646274,331.860520898,331.362642256,331.831233919,15311.0
2021-04-12 13:00:00,331.821471593,332.211964646,331.792184614,332.133866035,11682.0
2021-04-12 13:15:00,332.133866035,332.211964646,331.313830624,331.528601803,15263.0
2021-04-12 13:30:00,331.528601803,331.577413435,331.313830624,331.362642256,12307.0
2021-04-12 13:45:00,331.343117603,331.855639735,331.099059445,331.679917861,18784.0
2021-04-12 14:00:00,331.72384833,331.889807877,331.216207361,331.435957327,21756.0
2021-04-12 14:15:00,331.401691561,331.684799025,331.221088524,331.230850851,23121.0
2021-04-12 14:30:00,331.284543646,331.587175761,331.103940609,331.587175761,24507.0
2021-04-12 14:45:00,331.489552498,332.592695372,331.411453888,332.553646067,25436.0
2021-04-12 15:00:00,332.553646067,332.934376793,332.329112562,332.329112562,23756.0
2021-04-12 15:15:00,332.416973499,332.973426099,332.416973499,332.700080962,26208.0
2021-04-12 15:30:00,332.748892593,332.748892593,331.919094856,331.938619509,19764.0
2021-04-12 15:45:00,332.016718119,332.57317072,331.967906488,332.426735825,31272.0
2021-04-12 16:00:00,332.412092335,332.807466551,331.596938088,332.582933046,83494.0
2021-04-12 16:15:00,332.592695372,332.592695372,332.592695372,332.592695372,5574.0
2021-04-12 16:30:00,332.592695372,332.592695372,332.592695372,332.592695372,3571.0
2021-04-12 20:00:00,331.919094856,331.919094856,331.919094856,331.919094856,200.0
2021-04-13 09:30:00,331.343117603,331.343117603,331.099059445,331.099059445,689.0
2021-04-13 09:45:00,330.913575245,331.596938088,330.064252856,330.552369172,45704.0
2021-04-13 10:00:00,330.103302161,331.003388648,330.103302161,330.820833145,19180.0
2021-04-13 10:15:00,330.972149203,331.823716928,330.87452594,331.587175761,19577.0
2021-04-13 10:30:00,331.606700414,332.180529955,330.474270561,330.479151724,29892.0
2021-04-13 10:45:00,330.386409624,331.050247814,330.113064487,330.70368523,18877.0
2021-04-13 11:00:00,330.698804066,330.996555019,330.327835666,330.327835666,15748.0
2021-04-13 11:15:00,330.405934277,331.069772466,330.220450077,330.903812919,23852.0
2021-04-13 11:30:00,330.962386877,331.675036698,330.952624551,331.490528731,25942.0
2021-04-13 11:45:00,331.474909009,331.474909009,330.737853372,331.040485488,15170.0
2021-04-13 12:00:00,331.030723161,331.156657171,330.718328719,330.849339138,16583.0
2021-04-13 12:15:00,330.769092816,330.98191153,330.50355754,330.50355754,18153.0
2021-04-13 12:30:00,330.444983582,330.708566393,330.31807334,330.523082193,16186.0
2021-04-13 12:45:00,330.513319866,330.640230108,330.064252856,330.591418477,13875.0
2021-04-13 13:00:00,330.50355754,330.747615698,330.444983582,330.664635924,21310.0
2021-04-13 13:15:00,330.68904174,330.708566393,330.181400771,330.239974729,23864.0
2021-04-13 13:30:00,330.337597993,330.620705456,330.220450077,330.254618219,20596.0
2021-04-13 13:45:00,330.220450077,330.288786361,329.976391919,329.995916571,23340.0
2021-04-13 14:00:00,330.030084713,330.298548687,329.956867266,330.269261708,17967.0
2021-04-13 14:15:00,330.259499382,330.659754761,330.220450077,330.654873598,40719.0
2021-04-13 14:30:00,330.649992435,331.108821772,330.649992435,331.001436182,23329.0
2021-04-13 14:45:00,330.952624551,330.972149203,330.552369172,330.942862224,18910.0
2021-04-13 15:00:00,330.845238961,331.099059445,330.640230108,330.747615698,26401.0
2021-04-13 15:15:00,330.757378024,331.460265519,330.747615698,331.196682709,24842.0
2021-04-13 15:30:00,331.205468802,331.382166909,330.884288266,331.15275224,29689.0
2021-04-13 15:45:00,331.206445035,331.53836413,330.806189656,331.123465261,37571.0
2021-04-13 16:00:00,331.108821772,331.225969688,330.298548687,330.640230108,113106.0
2021-04-13 16:15:00,330.562131498,330.562131498,330.562131498,330.562131498,2843.0
2021-04-13 16:30:00,330.562131498,330.562131498,330.562131498,330.562131498,3547.0
2021-04-14 07:30:00,328.99039696,328.99039696,328.99039696,328.99039696,370.0
2021-04-14 09:15:00,330.659754761,330.659754761,330.659754761,330.659754761,210.0
2021-04-14 09:45:00,331.177158056,332.456022804,330.591418477,331.30650888,51026.0
2021-04-14 10:00:00,331.30650888,333.695838246,331.30650888,333.246771236,32553.0
2021-04-14 10:15:00,333.378562641,334.137583512,333.378562641,333.803223836,24702.0
2021-04-14 10:30:00,333.607977309,334.193716889,333.607977309,333.783699183,21493.0
2021-04-14 10:45:00,333.783699183,334.467062026,332.983188425,334.447537373,26635.0
2021-04-14 11:00:00,334.486586678,334.486586678,333.422493109,333.803223836,19780.0
2021-04-14 11:15:00,333.773936857,334.115618278,333.295582867,333.383443804,20322.0
2021-04-14 11:30:00,333.31510752,333.783699183,333.168672625,333.363919152,25117.0
2021-04-14 11:45:00,333.412730783,334.188835725,333.354156825,333.900847099,20941.0
2021-04-14 12:00:00,333.920371752,334.584209941,333.920371752,334.301102478,18904.0
2021-04-14 12:15:00,334.359676436,334.984465321,334.330389457,334.828268099,19438.0
2021-04-14 12:30:00,334.828268099,334.90636671,334.086331299,334.320627131,16991.0
2021-04-14 12:45:00,334.305007409,334.662308552,334.291340152,334.633021573,12134.0
2021-04-14 13:00:00,334.633021573,334.779456468,334.135142931,334.779456468,18324.0
2021-04-14 13:15:00,334.847792752,335.09185091,334.525635984,334.525635984,19470.0
2021-04-14 13:30:00,334.525635984,335.101613236,334.515873657,335.028395789,28168.0
2021-04-14 13:45:00,335.041477306,335.228523479,334.525635984,334.691595531,20011.0
2021-04-14 14:00:00,334.672070878,334.984465321,334.359676436,334.608615757,19791.0
2021-04-14 14:15:00,334.691595531,334.857555078,333.97894571,334.223003868,20891.0
2021-04-14 14:30:00,334.16442991,334.252290847,333.881322446,334.008232689,22125.0
2021-04-14 14:45:00,333.949658731,333.959421057,332.949020283,333.100336341,21148.0
2021-04-14 15:00:00,333.100336341,333.656788941,333.100336341,333.490829394,22373.0
2021-04-14 15:15:00,333.490829394,334.16442991,333.422493109,334.100974789,22713.0
2021-04-14 15:30:00,334.105855952,334.359676436,334.05704432,334.340151783,28727.0
2021-04-14 15:45:00,334.286458989,334.330389457,333.485948231,334.017995015,32719.0
2021-04-14 16:00:00,334.066806647,334.091212462,333.246771236,333.764174531,82735.0
2021-04-14 16:15:00,333.695838246,333.695838246,333.695838246,333.695838246,8202.0
2021-04-14 19:00:00,333.695838246,333.695838246,333.695838246,333.695838246,400.0
2021-04-14 20:00:00,334.16442991,334.16442991,334.16442991,334.16442991,130.0
2021-04-15 09:45:00,333.725125225,334.657427389,333.071049362,334.496349005,37733.0
2021-04-15 10:00:00,334.34991411,334.486586678,332.495072109,333.725125225,31224.0
2021-04-15 10:15:00,334.066806647,334.740407163,333.666551267,334.662308552,21326.0
2021-04-15 10:30:00,334.818505773,335.208998826,334.44265621,334.857555078,19568.0
2021-04-15 10:45:00,334.857555078,336.097370521,334.823386936,335.91754847,27351.0
2021-04-15 11:00:00,335.911886321,336.136419826,335.282216273,336.048558889,29160.0
2021-04-15 11:15:00,336.214518437,336.897881279,336.107132847,336.3121417,26133.0
2021-04-15 11:30:00,336.321904026,336.487863574,335.706877468,336.194993784,19505.0
2021-04-15 11:45:00,336.224280763,336.419527289,335.667828163,335.780094916,26621.0
2021-04-15 12:00:00,335.853312363,335.931410973,335.501868615,335.843550037,25544.0
2021-04-15 12:15:00,335.843550037,336.097370521,335.765451426,335.765451426,19378.0
2021-04-15 12:30:00,335.765451426,336.009509584,335.697115142,336.009509584,22000.0
2021-04-15 12:45:00,336.009509584,336.39024031,335.985103768,336.155944479,25062.0
2021-04-15 13:00:00,336.146182153,336.575724511,335.980222605,336.565962184,19024.0
2021-04-15 13:15:00,336.468338921,337.415284574,336.468338921,337.220038048,34700.0
2021-04-15 13:30:00,337.171226416,337.298136658,336.8685943,337.044316174,16492.0
2021-04-15 13:45:00,337.073603153,337.395759921,336.780733363,337.298136658,25458.0
2021-04-15 14:00:00,337.298136658,337.395759921,336.331666353,336.434170779,21584.0
2021-04-15 14:15:00,336.4976259,336.829544995,336.058321216,336.741684058,19275.0
2021-04-15 14:30:00,336.712397079,336.888118953,336.585486837,336.731921732,15441.0
2021-04-15 14:45:00,336.819782669,336.97597989,336.331666353,336.458576595,23879.0
2021-04-15 15:00:00,336.360953332,336.946692911,336.292617047,336.722159405,21670.0
2021-04-15 15:15:00,336.763649292,336.795376853,336.487863574,336.761208711,18754.0
2021-04-15 15:30:00,336.731921732,337.132177111,336.731921732,337.06872199,35657.0
2021-04-15 15:45:00,337.102890132,337.366472942,336.800258016,336.985742216,53716.0
2021-04-15 16:00:00,337.024791521,337.298136658,336.380477984,336.575724511,116675.0
2021-04-15 16:15:00,336.400002637,336.400002637,336.400002637,336.400002637,3664.0
2021-04-16 09:30:00,337.766728322,337.90340089,337.766728322,337.90340089,755.0
2021-04-16 09:45:00,338.342705574,338.342705574,337.259087353,337.659342732,103227.0
2021-04-16 10:00:00,337.659342732,337.659342732,336.226037982,336.888118953,22463.0
2021-04-16 10:15:00,336.888118953,337.112652458,336.243805416,337.065598045,27863.0
2021-04-16 10:30:00,337.234681537,337.278612006,336.556199858,336.878356626,23109.0
2021-04-16 10:45:00,336.839307321,338.127934395,336.810020342,338.040073458,20376.0
2021-04-16 11:00:00,338.049835785,338.75272328,337.766728322,338.586763732,22759.0
2021-04-16 11:15:00,338.557476753,339.553234038,338.557476753,338.611169548,32812.0
2021-04-16 11:30:00,338.528189774,338.860108869,337.964415429,338.079122764,17684.0
2021-04-16 11:45:00,337.922925543,338.001024153,336.856098522,336.897881279,22270.0
2021-04-16 12:00:00,336.956455237,337.713035527,336.956455237,337.349388871,16442.0
2021-04-16 12:15:00,337.34694829,337.678867385,337.083365479,337.506171832,16184.0
2021-04-16 12:30:00,337.488502021,337.6105311,337.063840827,337.102890132,16488.0
2021-04-16 12:45:00,337.102890132,337.210275721,336.839307321,336.956455237,13268.0
2021-04-16 13:00:00,336.987889928,336.987889928,336.009509584,336.585486837,23479.0
2021-04-16 13:15:00,336.448814268,336.458576595,336.136419826,336.146182153,17316.0
2021-04-16 13:30:00,336.087608195,336.302379374,335.706877468,335.811822476,22754.0
2021-04-16 13:45:00,335.827539821,336.097370521,335.64439858,335.921648647,21170.0
2021-04-16 14:00:00,335.921648647,336.01927191,335.501868615,335.960697952,28467.0
2021-04-16 14:15:00,335.950935626,336.741684058,335.892361668,336.702634753,23294.0
2021-04-16 14:30:00,336.800258016,337.415284574,336.761208711,337.151701763,15977.0
2021-04-16 14:45:00,337.0540785,337.698392037,337.0540785,337.649580406,19232.0
2021-04-16 15:00:00,337.551957142,338.206033006,337.503145511,338.093766253,26723.0
2021-04-16 15:15:00,338.059598111,338.215795332,337.4250469,337.581244121,25415.0
2021-04-16 15:30:00,337.581244121,338.049835785,337.434809227,337.99614299,29027.0
2021-04-16 15:45:00,338.059598111,338.528189774,337.90340089,338.352467901,56707.0
2021-04-16 16:00:00,338.293893943,338.596526059,337.190751069,338.186508353,209986.0
2021-04-16 16:15:00,338.19627068,338.19627068,338.19627068,338.19627068,461070.0
2021-04-19 09:30:00,338.840584217,338.840584217,338.840584217,338.840584217,275.0
2021-04-19 09:45:00,338.75272328,338.996781438,334.652546226,336.685355435,53953.0
2021-04-19 10:00:00,336.712397079,337.464096206,335.5702049,335.83378771,27660.0
2021-04-19 10:15:00,335.589729552,336.897881279,335.589729552,336.585486837,28190.0
2021-04-19 10:30:00,336.644060795,337.493383185,336.116895174,336.829544995,27275.0
2021-04-19 10:45:00,336.834426158,337.571481795,336.834426158,337.200513395,20633.0
2021-04-19 11:00:00,337.171226416,337.278612006,336.155944479,336.214518437,34653.0
2021-04-19 11:15:00,336.155944479,337.571481795,335.9411733,337.571481795,36456.0
2021-04-19 11:30:00,337.664223895,338.479378143,337.591006448,338.040073458,26479.0
2021-04-19 11:45:00,338.147459048,338.498902795,337.630055753,337.708154364,21952.0
2021-04-19 12:00:00,337.634936916,338.396398369,337.561719469,338.113290906,20522.0
2021-04-19 12:15:00,338.298775106,338.904039338,338.254844637,338.469615817,28459.0
2021-04-19 12:30:00,338.479378143,338.694149322,338.108507366,338.147459048,19260.0
2021-04-19 12:45:00,338.079122764,338.347586738,337.073603153,337.34694829,19530.0
2021-04-19 13:00:00,337.488892514,337.561719469,336.634298468,337.034553848,19988.0
2021-04-19 13:15:00,337.005266869,337.034553848,336.224280763,336.429289616,15667.0
2021-04-19 13:30:00,336.429289616,336.888118953,336.243805416,336.712397079,15158.0
2021-04-19 13:45:00,336.575724511,336.692872426,336.1266575,336.229161926,19827.0
2021-04-19 14:00:00,336.302379374,336.39024031,335.921648647,335.921648647,21589.0
2021-04-19 14:15:00,335.921648647,336.858831974,335.701996305,336.79049569,16668.0
2021-04-19 14:30:00,336.800258016,336.936930584,336.58558446,336.936930584,12831.0
2021-04-19 14:45:00,336.917405932,337.317661311,336.810020342,337.200513395,17925.0
2021-04-19 15:00:00,337.200513395,337.53243249,336.917405932,336.966217563,18295.0
2021-04-19 15:15:00,336.907643605,336.995504542,336.253567742,336.400002637,21278.0
2021-04-19 15:30:00,336.400002637,336.4976259,335.989984931,336.253567742,28035.0
2021-04-19 15:45:00,336.155944479,336.927168258,335.931410973,336.927168258,44867.0
2021-04-19 16:00:00,336.936930584,337.141939437,336.282854721,336.458576595,97280.0
2021-04-19 16:15:00,336.448814268,336.448814268,336.448814268,336.448814268,11646.0
2021-04-19 16:30:00,336.214518437,336.214518437,336.214518437,336.214518437,200.0
2021-04-19 18:45:00,336.429289616,336.429289616,336.419527289,336.429289616,725.0
2021-04-20 09:00:00,333.87156012,333.87156012,333.87156012,333.87156012,250.0
2021-04-20 09:15:00,334.847792752,334.847792752,334.847792752,334.847792752,100.0
2021-04-20 09:45:00,336.60501149,338.371992553,335.160187194,337.141939437,43083.0
2021-04-20 10:00:00,337.044316174,337.581244121,336.761208711,336.839307321,33982.0
2021-04-20 10:15:00,336.839307321,336.995504542,336.165706805,336.458576595,59719.0
2021-04-20 10:30:00,336.458576595,336.820173162,336.155944479,336.751446384,37311.0
2021-04-20 10:45:00,336.761208711,336.8685943,335.824025384,336.370715658,36773.0
2021-04-20 11:00:00,336.397464432,337.083365479,336.185231458,336.780733363,23836.0
2021-04-20 11:15:00,336.770971037,337.005266869,335.867955852,336.811972807,16490.0
2021-04-20 11:30:00,336.907643605,337.015029195,336.575724511,336.751446384,21186.0
2021-04-20 11:45:00,336.692872426,336.692872426,335.082088584,335.443294658,32144.0
2021-04-20 12:00:00,335.443294658,335.716639794,335.09185091,335.27733511,18211.0
2021-04-20 12:15:00,335.472581636,335.667828163,335.311503252,335.501868615,15490.0
2021-04-20 12:30:00,335.531155594,335.83378771,335.433532331,335.804500731,12459.0
2021-04-20 12:45:00,335.804500731,335.999747258,335.355433721,335.355433721,11484.0
2021-04-20 13:00:00,335.418791218,335.892361668,335.033276952,335.863074689,13853.0
2021-04-20 13:15:00,335.9411733,336.009509584,335.638541184,335.716639794,12527.0
2021-04-20 13:30:00,335.74104561,335.83378771,335.414007679,335.531155594,17886.0
2021-04-20 13:45:00,335.5702049,335.5702049,335.003989973,335.374958373,17490.0
2021-04-20 14:00:00,335.355433721,335.599491879,335.248048131,335.589729552,17942.0
2021-04-20 14:15:00,335.589729552,336.209637274,335.443294658,336.20475611,18485.0
2021-04-20 14:30:00,336.234043089,336.780733363,336.20475611,336.556199858,23488.0
2021-04-20 14:45:00,336.526912879,336.751446384,336.380477984,336.536675205,25924.0
2021-04-20 15:00:00,336.536675205,336.678228937,336.234043089,336.409764963,29006.0
2021-04-20 15:15:00,336.4976259,337.093127805,336.3121417,337.044316174,27226.0
2021-04-20 15:30:00,337.185869906,337.327423637,336.985742216,336.985742216,28623.0
2021-04-20 15:45:00,336.97597989,337.112652458,336.673347774,337.044316174,36608.0
2021-04-20 16:00:00,336.985742216,337.16146409,336.273092395,337.044316174,60635.0
2021-04-20 16:15:00,336.936930584,336.936930584,336.936930584,336.936930584,55132.0
2021-04-21 09:45:00,336.917405932,338.303656269,336.917405932,338.293893943,40053.0
2021-04-21 10:00:00,338.284131616,338.313418595,336.829544995,337.083365479,18087.0
2021-04-21 10:15:00,337.16146409,337.835064606,336.824468585,337.073603153,17250.0
2021-04-21 10:30:00,337.000385705,337.464096206,336.917405932,337.005266869,21111.0
2021-04-21 10:45:00,337.132177111,337.918044379,336.897881279,337.566600632,35360.0
2021-04-21 11:00:00,337.561719469,337.854589258,337.073603153,337.591006448,23380.0
2021-04-21 11:15:00,337.792891356,337.922925543,337.512907837,337.742322506,18251.0
2021-04-21 11:30:00,337.682577069,337.756965995,337.049197337,337.2395627,18239.0
2021-04-21 11:45:00,337.2395627,337.2395627,336.439051942,336.722159405,20522.0
2021-04-21 12:00:00,336.69775359,336.800258016,335.970460279,336.014390747,16432.0
2021-04-21 12:15:00,336.136419826,336.253567742,335.83378771,336.038796563,17789.0
2021-04-21 12:30:00,335.999747258,336.087608195,335.809381894,335.824025384,12429.0
2021-04-21 12:45:00,335.824025384,335.872837016,335.37007721,335.550680247,18297.0
2021-04-21 13:00:00,335.550680247,335.726402121,335.453056984,335.619016531,24568.0
2021-04-21 13:15:00,335.716639794,336.624536142,335.716639794,336.448814268,21228.0
2021-04-21 13:30:00,336.565962184,336.565962184,336.048558889,336.419527289,11055.0
2021-04-21 13:45:00,336.419527289,337.483620858,336.419527289,337.229800374,13839.0
2021-04-21 14:00:00,337.288374332,337.298136658,336.924727676,336.927168258,11606.0
2021-04-21 14:15:00,337.015029195,337.337185963,336.907643605,337.151701763,16117.0
2021-04-21 14:30:00,337.149261182,337.317661311,336.922287095,337.073603153,13935.0
2021-04-21 14:45:00,337.093127805,337.288374332,336.814901505,336.814901505,16227.0
2021-04-21 15:00:00,336.702634753,337.708154364,336.653823121,337.53243249,15599.0
2021-04-21 15:15:00,337.512907837,337.630055753,337.143306163,337.620293427,15095.0
2021-04-21 15:30:00,337.571481795,337.776490648,337.180988742,337.180988742,15778.0
2021-04-21 15:45:00,337.083365479,337.708154364,337.083365479,337.288374332,14901.0
2021-04-21 16:00:00,337.288374332,337.786350597,337.151701763,337.307898985,49230.0
2021-04-21 16:15:00,337.307898985,337.307898985,337.307898985,337.307898985,117134.0
2021-04-21 17:30:00,337.141939437,337.141939437,337.141939437,337.141939437,100.0
2021-04-22 09:45:00,335.950935626,336.790398066,333.656788941,335.536036758,48022.0
2021-04-22 10:00:00,335.989984931,336.234043089,335.3847207,335.628778858,44105.0
2021-04-22 10:15:00,335.628778858,336.4048838,335.521393268,335.999747258,45121.0
2021-04-22 10:30:00,336.077845868,336.121776337,335.062563931,335.216711064,24176.0
2021-04-22 10:45:00,335.248048131,336.01927191,335.228523478,335.579967226,20427.0
2021-04-22 11:00:00,335.628778858,335.701996305,335.082088584,335.609254205,13819.0
2021-04-22 11:15:00,335.697115142,336.273092395,335.697115142,335.824025384,53959.0
2021-04-22 11:30:00,335.916767484,336.79049569,335.804500731,336.458576595,30254.0
2021-04-22 11:45:00,336.551318695,336.985742216,336.419527289,336.663585447,22672.0
2021-04-22 12:00:00,336.663585447,336.702634753,336.282854721,336.341428679,11064.0
2021-04-22 12:15:00,336.4048838,336.429289616,336.165706805,336.273092395,9878.0
2021-04-22 12:30:00,336.341428679,336.517150553,336.194993784,336.194993784,9607.0
2021-04-22 12:45:00,336.214518437,336.800258016,336.097370521,336.624536142,20838.0
2021-04-22 13:00:00,336.561081021,336.702634753,336.409764963,336.490108909,10288.0
2021-04-22 13:15:00,336.4976259,336.663585447,334.886842057,335.335909068,19375.0
2021-04-22 13:30:00,335.248048131,335.721520958,335.062563931,335.721520958,15569.0
2021-04-22 13:45:00,335.716639794,336.263330068,335.1992365,335.1992365,13955.0
2021-04-22 14:00:00,335.218761152,335.301740926,334.359676436,334.769694141,17194.0
2021-04-22 14:15:00,334.486586678,335.243166968,334.447537373,335.033276952,18178.0
2021-04-22 14:30:00,335.189474173,335.531155594,335.013752299,335.2399454,17264.0
2021-04-22 14:45:00,335.257810457,335.858193526,335.257810457,335.858193526,20109.0
2021-04-22 15:00:00,335.765451426,336.331666353,335.443294658,335.472581636,20696.0
2021-04-22 15:15:00,335.414007679,335.453056984,334.828268099,334.862436242,29590.0
2021-04-22 15:30:00,334.847792752,335.331027905,334.515873657,335.306622089,26571.0
2021-04-22 15:45:00,335.472581636,335.804500731,335.394483026,335.482343963,32041.0
2021-04-22 16:00:00,335.482343963,335.83378771,335.09185091,335.09185091,57352.0
2021-04-22 16:15:00,335.267572784,335.267572784,335.238285805,335.238285805,13324.0
2021-04-23 08:15:00,335.267572784,335.267572784,335.267572784,335.267572784,1366.0
2021-04-23 09:45:00,334.808743447,335.628778858,333.451780088,334.769694141,29105.0
2021-04-23 10:00:00,334.681833205,335.365196047,334.291340152,334.574447615,14420.0
2021-04-23 10:15:00,334.711120184,334.711120184,332.914852141,332.914852141,27117.0
2021-04-23 10:30:00,332.939257957,333.264050553,332.631744678,332.83675353,35630.0
2021-04-23 10:45:00,333.119860994,334.066806647,332.992950751,333.773936857,20006.0
2021-04-23 11:00:00,333.695838246,334.525635984,333.266295888,334.525635984,24322.0
2021-04-23 11:15:00,334.379201089,334.476824352,333.939896404,334.305983641,17090.0
2021-04-23 11:30:00,334.310864804,334.486586678,333.188197278,333.490829394,17645.0
2021-04-23 11:45:00,333.539641025,334.037519668,332.695199799,333.30046403,53166.0
2021-04-23 12:00:00,333.280939378,333.295582867,332.661031657,332.797704225,26159.0
2021-04-23 12:15:00,332.724486778,332.734249104,332.026578069,332.085054404,22122.0
2021-04-23 12:30:00,332.192439993,332.787941899,332.128984872,332.664057978,25287.0
2021-04-23 12:45:00,332.661031657,333.20772193,332.563408393,332.631744678,29851.0
2021-04-23 13:00:00,332.714724451,333.041762383,332.582933046,332.582933046,17427.0
2021-04-23 13:15:00,332.563408393,333.051524709,332.153390688,333.051524709,25577.0
2021-04-23 13:30:00,333.061287036,333.422493109,332.825722102,333.422493109,14586.0
2021-04-23 13:45:00,333.568928004,333.988708036,333.568928004,333.881322446,13503.0
2021-04-23 14:00:00,333.832510815,333.832510815,333.354156825,333.578690331,12995.0
2021-04-23 14:15:00,333.578690331,334.301102478,333.529878699,334.154667583,19452.0
2021-04-23 14:30:00,334.213241541,334.213241541,333.754412204,333.87156012,11512.0
2021-04-23 14:45:00,333.87156012,334.232766194,333.70071941,334.096093625,18224.0
2021-04-23 15:00:00,334.144905257,334.16442991,333.402968457,333.510354046,23232.0
2021-04-23 15:15:00,333.432255436,333.812986162,333.324869846,333.725125225,67466.0
2021-04-23 15:30:00,333.676313594,334.61349692,333.520116373,334.42801272,43658.0
2021-04-23 15:45:00,334.476824352,334.735525999,334.115618278,334.301102478,42467.0
2021-04-23 16:00:00,334.345032947,334.40555937,333.666551267,333.920371752,85447.0
2021-04-23 16:15:00,333.910609425,333.910609425,333.910609425,333.910609425,180805.0
2021-04-23 18:15:00,333.305345194,333.305345194,333.305345194,333.305345194,176.0
2021-04-26 08:15:00,333.910609425,333.910609425,333.910609425,333.910609425,245.0
2021-04-26 08:30:00,333.910609425,333.910609425,333.910609425,333.910609425,100.0
2021-04-26 09:30:00,334.330389457,334.330389457,334.330389457,334.330389457,1010.0
2021-04-26 09:45:00,333.920371752,334.838030426,332.866040509,332.918464202,51425.0
2021-04-26 10:00:00,332.914852141,332.914852141,331.617829466,332.221726972,28731.0
2021-04-26 10:15:00,332.172915341,333.241890073,332.172915341,333.02223773,18468.0
2021-04-26 10:30:00,333.041762383,333.041762383,332.416973499,332.602457699,22258.0
2021-04-26 10:45:00,332.695199799,332.695199799,332.026480446,332.368161867,16288.0
2021-04-26 11:00:00,332.338874888,332.553646067,332.114341383,332.319350235,15723.0
2021-04-26 11:15:00,332.299825583,332.582933046,331.880045551,332.207083483,19464.0
2021-04-26 11:30:00,332.104579056,332.143628362,331.383924127,331.626225067,17311.0
2021-04-26 11:45:00,331.626225067,331.743372983,331.411453888,331.567651109,14386.0
2021-04-26 12:00:00,331.567651109,332.073046742,331.509077151,331.840996246,13378.0
2021-04-26 12:15:00,332.060648588,332.060648588,331.343117603,331.782422288,17811.0
2021-04-26 12:30:00,331.694561351,331.704323677,330.562131498,330.767140351,19753.0
2021-04-26 12:45:00,330.746248972,330.812535168,330.074015182,330.171638445,15798.0
2021-04-26 13:00:00,330.064252856,330.103302161,329.605423519,329.771383066,22816.0
2021-04-26 13:15:00,329.869006329,329.869006329,328.765863455,328.931823003,29953.0
2021-04-26 13:30:00,328.834199739,329.849481677,328.560854602,329.673759803,36232.0
2021-04-26 13:45:00,329.849481677,330.347360319,329.829957024,330.259499382,24322.0
2021-04-26 14:00:00,330.181400771,330.620705456,330.093539835,330.425458929,13910.0
2021-04-26 14:15:00,330.425458929,330.68904174,330.221231063,330.523082193,14049.0
2021-04-26 14:30:00,330.552369172,330.855001287,330.493795214,330.718328719,13981.0
2021-04-26 14:45:00,330.640230108,330.942862224,330.518201029,330.68904174,17722.0
2021-04-26 15:00:00,330.620705456,331.103940609,330.491842748,331.069772466,15498.0
2021-04-26 15:15:00,331.069772466,331.225969688,330.96726804,331.108821772,12183.0
2021-04-26 15:30:00,331.128346424,331.196682709,330.239974729,330.239974729,20663.0
2021-04-26 15:45:00,330.249737056,330.269261708,329.76162074,330.02520355,29931.0
2021-04-26 16:00:00,330.034965877,330.044728203,329.249098608,329.820194698,87402.0
2021-04-26 16:15:00,329.771383066,329.771383066,329.771383066,329.771383066,22487.0
2021-04-27 09:45:00,329.371127687,330.181400771,328.039058261,329.639591661,102420.0
2021-04-27 10:00:00,329.312553729,330.845238961,328.873249045,330.845238961,34398.0
2021-04-27 10:15:00,330.698804066,331.718967167,330.401053114,331.718967167,30871.0
2021-04-27 10:30:00,331.777541125,332.065529751,331.040485488,331.196682709,25348.0
2021-04-27 10:45:00,331.196682709,331.596938088,331.040485488,331.455774849,13162.0
2021-04-27 11:00:00,331.613729289,331.880045551,331.284543646,331.670155535,19302.0
2021-04-27 11:15:00,331.587175761,332.026382823,331.43097854,331.89468904,16886.0
2021-04-27 11:30:00,331.889807877,332.29494442,331.216207361,331.43097854,12955.0
2021-04-27 11:45:00,331.499314825,331.53836413,331.274781319,331.304068298,10443.0
2021-04-27 12:00:00,331.421216214,331.704323677,331.099059445,331.518839477,15904.0
2021-04-27 12:15:00,331.470027846,331.72384833,331.235732014,331.343117603,8443.0
2021-04-27 12:30:00,331.548126456,331.567651109,331.221088524,331.460265519,9792.0
2021-04-27 12:45:00,331.362642256,331.529773283,330.913575245,330.913575245,6437.0
2021-04-27 13:00:00,330.942862224,331.450503193,330.825714308,331.43097854,9393.0
2021-04-27 13:15:00,331.421216214,331.43097854,331.265018993,331.323592951,8503.0
2021-04-27 13:30:00,331.284543646,331.567651109,331.284543646,331.567651109,7832.0
2021-04-27 13:45:00,331.645749719,332.046005098,331.577413435,332.006955793,9118.0
2021-04-27 14:00:00,331.840996246,331.870283225,331.460265519,331.870283225,8155.0
2021-04-27 14:15:00,331.938619509,332.016718119,331.684799025,331.753135309,11305.0
2021-04-27 14:30:00,331.772659961,331.831233919,331.567651109,331.704323677,11993.0
2021-04-27 14:45:00,331.840996246,332.075292077,331.792184614,331.840996246,18558.0
2021-04-27 15:00:00,331.880045551,331.958144162,331.72384833,331.772659961,18079.0
2021-04-27 15:15:00,331.821471593,332.192439993,331.645749719,332.192439993,15060.0
2021-04-27 15:30:00,332.192439993,332.719605614,332.114341383,332.709843288,22302.0
2021-04-27 15:45:00,332.675675146,332.768417246,332.133866035,332.38768652,26144.0
2021-04-27 16:00:00,332.407211172,332.436498151,331.684799025,331.831233919,60810.0
2021-04-27 16:15:00,331.792184614,331.792184614,331.792184614,331.792184614,4909.0
2021-04-27 17:15:00,331.792184614,331.792184614,331.792184614,331.792184614,7783.0
2021-04-28 09:45:00,332.182677667,332.182677667,330.064252856,330.640230108,37358.0
2021-04-28 10:00:00,330.640230108,331.928857183,330.444983582,331.557888782,21489.0
2021-04-28 10:15:00,331.684799025,331.982549977,330.508438703,330.669517087,34594.0
2021-04-28 10:30:00,330.601180803,330.601180803,329.566374213,330.337597993,21992.0
2021-04-28 10:45:00,330.332716829,330.698804066,330.113064487,330.113064487,12694.0
2021-04-28 11:00:00,330.113064487,330.273459509,329.732333761,330.074015182,18417.0
2021-04-28 11:15:00,330.239974729,330.79642733,329.966629592,330.005678898,16743.0
2021-04-28 11:30:00,330.020322387,330.220450077,329.634710498,330.171638445,22142.0
2021-04-28 11:45:00,330.054490529,330.083777508,328.756101129,328.980634634,20658.0
2021-04-28 12:00:00,329.039208592,329.253979771,328.638953213,328.765863455,16665.0
2021-04-28 12:15:00,328.678002518,329.253979771,328.61942856,328.72681415,19340.0
2021-04-28 12:30:00,328.736576476,329.458988624,328.707289497,329.458988624,16106.0
2021-04-28 12:45:00,329.439463971,329.498037929,328.570616929,329.332078382,27184.0
2021-04-28 13:00:00,329.224692792,329.517562582,329.088020224,329.458988624,17764.0
2021-04-28 13:15:00,329.400414666,329.541968398,329.079038883,329.371127687,19144.0
2021-04-28 13:30:00,329.371127687,330.161876119,329.371127687,330.054490529,19235.0
2021-04-28 13:45:00,330.113064487,330.532844519,329.966629592,330.520153495,12890.0
2021-04-28 14:00:00,330.230212403,330.835476635,329.986154245,330.288786361,15219.0
2021-04-28 14:15:00,329.995916571,330.571893824,329.986154245,330.493795214,16322.0
2021-04-28 14:30:00,330.591418477,331.147871077,330.591418477,330.718328719,17477.0
2021-04-28 14:45:00,330.679279414,331.089297119,330.21068775,330.845238961,19985.0
2021-04-28 15:00:00,330.903812919,331.069772466,330.139520392,330.288786361,15857.0
2021-04-28 15:15:00,330.327835666,330.728091045,329.712809108,330.044728203,31547.0
2021-04-28 15:30:00,330.232164868,330.728091045,330.122826814,330.620705456,38914.0
2021-04-28 15:45:00,330.640230108,331.304068298,330.425458929,331.030723161,57558.0
2021-04-28 16:00:00,331.06001014,331.128346424,330.230212403,330.308311014,102579.0
2021-04-28 16:15:00,330.327835666,330.327835666,330.327835666,330.327835666,4346.0
2021-04-29 06:45:00,331.919094856,331.919094856,331.919094856,331.919094856,101.0
2021-04-29 07:30:00,331.919094856,331.919094856,331.919094856,331.919094856,599.0
2021-04-29 09:45:00,333.87156012,341.19330486,333.490829394,339.797292196,148646.0
2021-04-29 10:00:00,339.78752987,342.657653807,339.738718238,341.544748607,76593.0
2021-04-29 10:15:00,341.671658849,343.633886439,341.583797912,343.101839655,52149.0
2021-04-29 10:30:00,343.101839655,343.477689218,340.934603212,342.018221434,60498.0
2021-04-29 10:45:00,341.974290965,344.619881398,341.910835844,344.414872545,40007.0
2021-04-29 11:00:00,344.287962303,345.01037445,343.336135487,343.336135487,35838.0
2021-04-29 11:15:00,343.380065955,345.392374279,343.101839655,345.2942629,34261.0
2021-04-29 11:30:00,345.308125403,345.605876356,343.057909187,344.575950929,39536.0
2021-04-29 11:45:00,344.092715776,344.571069766,341.93524166,342.052389576,35754.0
2021-04-29 12:00:00,341.691183502,343.594837134,341.691183502,343.483937107,41625.0
2021-04-29 12:15:00,343.360541302,343.829132966,343.018859881,343.751034355,25135.0
2021-04-29 12:30:00,343.887706924,344.707742335,343.721747376,344.580832092,37608.0
2021-04-29 12:45:00,344.634524887,345.132403529,344.56130744,344.844414903,43171.0
2021-04-29 13:00:00,344.82489025,345.752311251,344.610119071,344.912751187,39096.0
2021-04-29 13:15:00,344.91763235,344.91763235,343.907231576,344.346536261,61531.0
2021-04-29 13:30:00,344.483208829,345.537540072,344.08295345,344.317249282,32553.0
2021-04-29 13:45:00,344.292843466,345.381342851,344.292843466,344.707742335,34630.0
2021-04-29 14:00:00,344.629643724,344.73214815,343.858517568,344.063428797,22246.0
2021-04-29 14:15:00,344.107359266,344.258675324,343.829132966,343.995092513,14812.0
2021-04-29 14:30:00,343.956043208,344.141527408,343.721747376,344.131765082,14014.0
2021-04-29 14:45:00,344.131765082,344.385585566,343.223868734,344.063428797,43114.0
2021-04-29 15:00:00,344.073191124,344.697980008,343.809608313,344.122002755,29866.0
2021-04-29 15:15:00,344.200101366,345.21050214,344.063428797,345.068948408,22053.0
2021-04-29 15:30:00,345.166571672,345.391105177,343.829132966,343.838895292,24204.0
2021-04-29 15:45:00,343.882825761,344.302605792,343.331254324,343.459921784,35121.0
2021-04-29 16:00:00,343.41911526,344.058547634,343.23363106,343.702222724,96846.0
2021-04-29 16:15:00,343.848657618,344.122002755,343.848657618,344.122002755,105839.0
2021-04-29 17:00:00,343.848657618,343.848657618,343.848657618,343.848657618,3000.0
2021-04-30 07:15:00,343.360541302,343.360541302,343.360541302,343.360541302,216.0
2021-04-30 09:45:00,345.420392156,347.226422525,343.858419945,347.060462977,66459.0
2021-04-30 10:00:00,347.119036935,347.431431378,345.303341863,347.255709504,41796.0
2021-04-30 10:15:00,347.255709504,348.397901683,345.762073577,345.986607082,68112.0
2021-04-30 10:30:00,346.289141575,346.953077388,345.184631975,346.543059683,70508.0
2021-04-30 10:45:00,346.660207598,347.0563628,345.752311251,346.299001525,45826.0
2021-04-30 11:00:00,346.318526177,347.382619746,346.318526177,346.953077388,30305.0
2021-04-30 11:15:00,346.757830862,347.040938325,345.957320103,346.025656388,31118.0
2021-04-30 11:30:00,345.918270798,346.982364367,345.820647535,346.640682946,22148.0
2021-04-30 11:45:00,346.552822009,347.441193704,346.33805083,347.343570441,31335.0
2021-04-30 12:00:00,347.392382072,347.671584605,346.425911767,346.611395967,31363.0
2021-04-30 12:15:00,346.504010377,347.138561588,346.269714546,346.660207598,52768.0
2021-04-30 12:30:00,346.640682946,347.469894943,346.60163364,347.441193704,43599.0
2021-04-30 12:45:00,347.441193704,347.538816967,346.89450343,346.89450343,20677.0
2021-04-30 13:00:00,346.806642493,346.806642493,345.869459167,346.289239198,17248.0
2021-04-30 13:15:00,346.172091282,346.377100135,345.908508472,345.908508472,18877.0
2021-04-30 13:30:00,345.928033124,346.884741104,345.840172188,346.669969925,21644.0
2021-04-30 13:45:00,346.669969925,346.738306209,346.333169667,346.396624788,28256.0
2021-04-30 14:00:00,346.499129214,346.499129214,346.054943367,346.259952219,17169.0
2021-04-30 14:15:00,346.218462332,346.41614944,345.381342851,345.508253093,25310.0
2021-04-30 14:30:00,345.576589377,346.054943367,345.478966114,345.779157648,29537.0
2021-04-30 14:45:00,345.732786598,346.069586856,345.576589377,346.006131735,15680.0
2021-04-30 15:00:00,345.96708243,346.220902914,345.547302398,346.133041977,17621.0
2021-04-30 15:15:00,346.377100135,346.630920619,345.635163335,345.947557777,24855.0
2021-04-30 15:30:00,346.006131735,346.367337809,345.713261945,346.347813156,26155.0
2021-04-30 15:45:00,346.347813156,346.679732251,345.635163335,345.762073577,40672.0
2021-04-30 16:00:00,345.693737293,346.328288504,345.029899103,346.113517325,179963.0
2021-04-30 16:15:00,342.999335229,346.015894061,342.999335229,346.015894061,11039.0
2021-05-03 09:30:00,344.307486955,344.307486955,343.009097555,343.282442692,1028.0
2021-05-03 09:45:00,343.672935745,347.421669051,343.672935745,347.353332767,71280.0
2021-05-03 10:00:00,347.363095093,348.417426336,347.314283462,347.812162104,21063.0
2021-05-03 10:15:00,347.812162104,347.900023041,346.328288504,346.689494577,39695.0
2021-05-03 10:30:00,346.757830862,348.319803073,346.757830862,348.192892831,28608.0
2021-05-03 10:45:00,348.00740863,349.491282231,347.734063494,349.217937094,32433.0
2021-05-03 11:00:00,349.130076157,349.969636221,348.925067304,349.769508531,22861.0
2021-05-03 11:15:00,349.764627368,350.213694379,349.217937094,350.203932052,20469.0
2021-05-03 11:30:00,350.096546463,350.3698916,349.745102715,350.26250601,20087.0
2021-05-03 11:45:00,350.467514863,351.014205137,350.3698916,350.662761389,21978.0
2021-05-03 12:00:00,350.701810695,351.970913116,350.687167205,351.892814506,28825.0
2021-05-03 12:15:00,351.892814506,352.000200095,351.551133084,351.922101485,18506.0
2021-05-03 12:30:00,351.931863811,352.112466848,351.121590726,351.746379611,22940.0
2021-05-03 12:45:00,351.970913116,352.956908074,351.970913116,352.947145748,21625.0
2021-05-03 13:00:00,353.044769011,353.269302517,352.820235506,353.249777864,17061.0
2021-05-03 13:15:00,353.308351822,353.35228229,352.537128043,353.103342969,18697.0
2021-05-03 13:30:00,353.200966232,353.698844875,353.025244359,353.562172306,16018.0
2021-05-03 13:45:00,353.464549043,354.128387233,353.415737411,353.786705811,19890.0
2021-05-03 14:00:00,353.63050859,354.206485843,353.454786717,353.518241838,23252.0
2021-05-03 14:15:00,353.581696959,353.581696959,352.864165974,353.123843854,17266.0
2021-05-03 14:30:00,353.044769011,353.200966232,352.722612243,353.103342969,17338.0
2021-05-03 14:45:00,353.298589496,353.757418833,353.298589496,353.571934632,20833.0
2021-05-03 15:00:00,353.620746264,353.752537669,352.712849916,352.712849916,16748.0
2021-05-03 15:15:00,352.70308759,352.732374569,352.273545232,352.337000353,15995.0
2021-05-03 15:30:00,352.361406169,352.673800611,351.931863811,352.644513632,32301.0
2021-05-03 15:45:00,352.693325264,352.800710853,352.107585685,352.351643843,43856.0
2021-05-03 16:00:00,352.4102178,352.722612243,351.951388463,352.624988979,99024.0
2021-05-03 16:15:00,352.419980127,352.419980127,350.984918158,352.370973249,247492.0
2021-05-03 17:45:00,352.634751306,352.634751306,352.634751306,352.634751306,100.0
2021-05-03 18:00:00,352.88857179,352.88857179,352.88857179,352.88857179,140.0
2021-05-04 07:45:00,351.453509821,351.453509821,351.453509821,351.453509821,192.0
2021-05-04 09:30:00,352.419980127,352.419980127,352.419980127,352.419980127,386.0
2021-05-04 09:45:00,354.021001643,355.758695728,352.908096443,355.73721861,54855.0
2021-05-04 10:00:00,355.827032012,356.949699539,355.368202675,356.715403707,33279.0
2021-05-04 10:15:00,356.793502318,356.959461865,355.924655275,356.783739992,38643.0
2021-05-04 10:30:00,357.115659086,357.115659086,354.910642441,355.133906844,44342.0
2021-05-04 10:45:00,355.104619865,356.315148328,354.57257308,355.739171075,48582.0
2021-05-04 11:00:00,355.695240607,355.797745033,354.977709622,355.133906844,25709.0
2021-05-04 11:15:00,355.114382191,355.70012177,354.719007975,354.860561707,28761.0
2021-05-04 11:30:00,354.884967522,355.602498507,354.66531518,355.480469428,33075.0
2021-05-04 11:45:00,355.534162223,356.568968812,355.534162223,356.54944416,46478.0
2021-05-04 12:00:00,356.559206486,356.62754277,355.70012177,355.70012177,28996.0
2021-05-04 12:15:00,355.827032012,356.315148328,355.456063612,355.705002933,28864.0
2021-05-04 12:30:00,355.719646423,357.252331655,355.719646423,357.252331655,22825.0
2021-05-04 12:45:00,357.242569329,357.535439118,356.686116728,356.744690686,23248.0
2021-05-04 13:00:00,356.759334176,357.057085128,356.41033101,356.656829749,23993.0
2021-05-04 13:15:00,356.676354402,357.018035823,356.152605595,356.705641381,52763.0
2021-05-04 13:30:00,356.81302697,358.004030781,356.754453013,357.730685644,27280.0
2021-05-04 13:45:00,357.701398666,357.906407518,357.47686516,357.574488423,22288.0
2021-05-04 14:00:00,357.633062381,358.736205255,357.598894239,358.609295013,31474.0
2021-05-04 14:15:00,358.501909424,359.165747613,358.482384771,358.543399311,42150.0
2021-05-04 14:30:00,358.414048487,358.414048487,357.525676792,358.052842413,25263.0
2021-05-04 14:45:00,358.14070335,358.580008034,357.921051008,358.521434076,24813.0
2021-05-04 15:00:00,358.52631524,358.902164803,358.238326613,358.872877824,27738.0
2021-05-04 15:15:00,358.809422703,359.243846224,358.443335466,359.243846224,38357.0
2021-05-04 15:30:00,359.243846224,359.673388582,359.104733074,359.566002993,49320.0
2021-05-04 15:45:00,359.614814624,359.751584816,359.25360855,359.468379729,62739.0
2021-05-04 16:00:00,359.487904382,359.73196254,359.097411329,359.380518792,147602.0
2021-05-04 16:15:00,359.370756466,359.370756466,359.370756466,359.370756466,4959.0
2021-05-04 17:00:00,358.482384771,358.482384771,358.482384771,358.482384771,13328.0
2021-05-04 20:00:00,360.229841182,360.229841182,360.229841182,360.229841182,100.0
2021-05-05 08:15:00,359.400043445,359.400043445,359.400043445,359.400043445,100.0
2021-05-05 09:45:00,359.702675561,360.65938354,357.759972623,358.694324875,84946.0
2021-05-05 10:00:00,358.540958729,360.805818435,358.540958729,359.873516272,53828.0
2021-05-05 10:15:00,359.91744674,360.796056109,359.204796919,360.181029551,46538.0
2021-05-05 10:30:00,360.181029551,360.386038403,359.058362024,359.675048178,32419.0
2021-05-05 10:45:00,359.790536498,360.181029551,359.448855077,359.722200214,38585.0
2021-05-05 11:00:00,359.849110456,361.625853846,359.839348129,361.625853846,34382.0
2021-05-05 11:15:00,361.572161051,363.226875362,361.489181277,362.709472067,50985.0
2021-05-05 11:30:00,362.855906962,363.397716073,362.768046025,363.324498625,23159.0
2021-05-05 11:45:00,363.480695847,363.85654541,362.82173882,363.28544932,48325.0
2021-05-05 12:00:00,363.282130129,363.753845737,362.650898109,363.329379789,41846.0
2021-05-05 12:15:00,363.412359562,364.370629514,363.158539078,363.714991678,22144.0
2021-05-05 12:30:00,363.700348189,364.173821015,363.617368415,363.778446799,58226.0
2021-05-05 12:45:00,363.739397494,364.13477171,363.402597236,364.095722405,23376.0
2021-05-05 13:00:00,364.085960078,364.193345668,363.768684473,364.051791936,19284.0
2021-05-05 13:15:00,364.022504957,364.193345668,363.773565636,364.037148447,22585.0
2021-05-05 13:30:00,364.046910773,364.056673099,363.402597236,363.553913294,37300.0
2021-05-05 13:45:00,363.498560904,363.861426573,363.353785604,363.729635168,30218.0
2021-05-05 14:00:00,363.783327962,364.242157299,363.714991678,364.071316589,33050.0
2021-05-05 14:15:00,364.071316589,364.212870321,363.617368415,364.105484731,20210.0
2021-05-05 14:30:00,364.242157299,364.251919626,363.984822378,364.212870321,18329.0
2021-05-05 14:45:00,364.251919626,364.290968931,363.714991678,363.993217978,25471.0
2021-05-05 15:00:00,364.037148447,364.339194823,363.646655394,364.125009384,21504.0
2021-05-05 15:15:00,364.193345668,364.222632647,363.822963007,363.959049836,26881.0
2021-05-05 15:30:00,364.242157299,364.242157299,363.768684473,364.105484731,26091.0
2021-05-05 15:45:00,364.143557804,364.143557804,363.500220499,363.797971452,53031.0
2021-05-05 16:00:00,363.797971452,364.281206605,363.012104183,364.164058689,249121.0
2021-05-05 16:15:00,364.125009384,364.125009384,364.125009384,364.125009384,151792.0
2021-05-05 17:00:00,361.791813393,364.125009384,361.791813393,361.791813393,3284.0
2021-05-06 09:45:00,365.120766668,366.995133322,363.851664247,364.271444278,65063.0
2021-05-06 10:00:00,364.281206605,365.491735068,363.666180047,365.081717363,64269.0
2021-05-06 10:15:00,364.82613966,364.82613966,363.900475878,363.900475878,28009.0
2021-05-06 10:30:00,363.920000531,363.920000531,362.785911082,363.588081436,48885.0
2021-05-06 10:45:00,363.574511802,364.603363373,363.256162341,363.509982826,43026.0
2021-05-06 11:00:00,363.373310257,364.792752504,362.777808352,364.6131257,38960.0
2021-05-06 11:15:00,364.6131257,365.472210416,364.6131257,365.43316111,23128.0
2021-05-06 11:30:00,365.335537847,365.413636458,364.085960078,364.125009384,29128.0
2021-05-06 11:45:00,364.110365894,364.515502436,363.812614941,364.40880021,33634.0
2021-05-06 12:00:00,364.278277907,364.769322921,363.84190192,363.939525184,32330.0
2021-05-06 12:15:00,364.007861468,364.115247057,362.494700888,362.494700888,23182.0
2021-05-06 12:30:00,362.631373457,362.685066252,360.893679372,361.245123119,30115.0
2021-05-06 12:45:00,361.254885446,361.372033362,360.454374688,360.893679372,23702.0
2021-05-06 13:00:00,361.040114267,361.362271035,360.161504898,360.161504898,18657.0
2021-05-06 13:15:00,360.005307677,361.13773753,360.005307677,360.454374688,22913.0
2021-05-06 13:30:00,360.527592135,360.649621214,360.229841182,360.293296303,14755.0
2021-05-06 13:45:00,360.366513751,361.630735009,360.337226772,361.606329193,23130.0
2021-05-06 14:00:00,361.625853846,361.664903151,360.503186319,360.805818435,29421.0
2021-05-06 14:15:00,360.698432846,361.293934751,360.171267224,361.201192651,31087.0
2021-05-06 14:30:00,361.250004283,362.43612693,361.250004283,362.328741341,41619.0
2021-05-06 14:45:00,362.445889257,362.54351252,361.743001762,362.162781793,22046.0
2021-05-06 15:00:00,362.113970162,362.211593425,360.76676913,360.908322861,22658.0
2021-05-06 15:15:00,360.913204025,360.913204025,359.985783024,360.122455593,32610.0
2021-05-06 15:30:00,360.122455593,360.888798209,359.54647834,360.869273556,37711.0
2021-05-06 15:45:00,361.03035194,361.938248288,361.020589614,361.489181277,54396.0
2021-05-06 16:00:00,361.445250809,361.918723635,361.079163572,361.264647772,153441.0
2021-05-06 16:15:00,361.254885446,361.254885446,361.254885446,361.254885446,9111.0
2021-05-06 16:45:00,361.206073814,361.206073814,361.206073814,361.206073814,300.0
2021-05-07 08:15:00,367.063469606,367.063469606,367.063469606,367.063469606,110.0
2021-05-07 09:15:00,361.079163572,361.079163572,361.079163572,361.079163572,208.0
2021-05-07 09:45:00,360.405563056,360.874154719,358.916808292,358.994906903,45169.0
2021-05-07 10:00:00,359.155985287,359.263370877,357.545201444,357.759972623,53328.0
2021-05-07 10:15:00,357.76973495,358.833828519,357.574488423,358.101654045,38702.0
2021-05-07 10:30:00,358.374999182,359.692913235,358.374999182,359.25360855,20466.0
2021-05-07 10:45:00,359.282895529,359.858872782,358.863115498,359.029075045,19800.0
2021-05-07 11:00:00,359.243846224,359.478142056,358.785016887,358.843590845,18363.0
2021-05-07 11:15:00,358.960738761,359.419568098,358.765492234,358.960836384,19782.0
2021-05-07 11:30:00,358.960738761,359.25360855,358.794779213,358.980263413,19508.0
2021-05-07 11:45:00,358.980263413,359.663626256,358.833828519,359.634339277,31184.0
2021-05-07 12:00:00,359.497666708,359.497666708,358.853353171,358.999788066,17909.0
2021-05-07 12:15:00,358.999788066,359.024193882,358.043080087,358.745967582,17828.0
2021-05-07 12:30:00,358.785016887,359.146222961,358.540958729,359.146222961,12682.0
2021-05-07 12:45:00,359.17550994,360.415325382,359.004669229,360.317702119,27776.0
2021-05-07 13:00:00,360.327464445,360.913204025,359.833490734,360.913204025,10416.0
2021-05-07 13:15:00,361.020589614,361.406201504,360.903441698,361.298815914,12617.0
2021-05-07 13:30:00,361.362271035,361.889436657,361.303697077,361.87967433,13946.0
2021-05-07 13:45:00,361.918723635,362.328741341,361.918723635,362.260405057,14499.0
2021-05-07 14:00:00,362.299454362,362.758283699,362.192068772,362.748521373,12459.0
2021-05-07 14:15:00,362.846144636,363.490458173,362.548393683,362.826619983,29251.0
2021-05-07 14:30:00,362.894956267,363.846783084,362.894956267,363.383072583,12617.0
2021-05-07 14:45:00,363.304973973,363.724754005,362.924243246,363.251281178,16106.0
2021-05-07 15:00:00,363.168301404,363.168301404,362.133494814,362.62161113,15541.0
2021-05-07 15:15:00,362.631373457,362.91448092,362.377552972,362.572799499,14179.0
2021-05-07 15:30:00,362.631373457,362.670422762,362.128613651,362.411721115,16851.0
2021-05-07 15:45:00,362.406839951,362.406839951,361.606329193,361.635616172,48459.0
2021-05-07 16:00:00,361.469656625,362.43612693,361.293934751,361.830862699,117658.0
2021-05-07 16:15:00,361.821100372,361.821100372,356.998511171,356.998511171,201547.0
2021-05-10 09:30:00,363.812614941,363.812614941,363.812614941,363.812614941,623.0
2021-05-10 09:45:00,364.4276415,367.200142174,364.4276415,366.302008153,43041.0
2021-05-10 10:00:00,366.311770479,367.657507162,366.311770479,367.629684532,18901.0
2021-05-10 10:15:00,367.375864048,367.663852674,366.448443048,366.448443048,18658.0
2021-05-10 10:30:00,366.585115616,366.956084016,365.880275656,366.829173774,19690.0
2021-05-10 10:45:00,366.995133322,366.995133322,365.686981595,365.872465795,14376.0
2021-05-10 11:00:00,365.882228121,367.219666827,365.794367184,367.092756585,16244.0
2021-05-10 11:15:00,367.268478458,368.547343206,367.229429153,368.503412738,16218.0
2021-05-10 11:30:00,368.644966469,369.611436775,368.488769248,369.523575838,24429.0
2021-05-10 11:45:00,369.455239554,369.516839833,368.640085306,368.72306508,19705.0
2021-05-10 12:00:00,368.557105533,368.957360912,368.410670638,368.762114385,15944.0
2021-05-10 12:15:00,368.72306508,368.72306508,367.756594774,368.020177585,11747.0
2021-05-10 12:30:00,368.034821075,369.27951768,367.893267343,368.581023232,20522.0
2021-05-10 12:45:00,368.547343206,369.133082785,368.283760396,368.459482269,14220.0
2021-05-10 13:00:00,368.391145985,368.391145985,367.717545469,367.79564408,17558.0
2021-05-10 13:15:00,367.766357101,367.942078974,367.239191479,367.766357101,23353.0
2021-05-10 13:30:00,367.87374269,368.283760396,367.61015988,368.283760396,12670.0
2021-05-10 13:45:00,368.264235743,368.264235743,366.898486291,367.375864048,26792.0
2021-05-10 14:00:00,367.575991738,368.400908311,367.434438006,367.834693385,18409.0
2021-05-10 14:15:00,368.195899459,368.234948764,367.668733838,367.912791996,12605.0
2021-05-10 14:30:00,367.815168732,367.844455711,367.063469606,367.834693385,14018.0
2021-05-10 14:45:00,367.668733838,367.668733838,366.526541658,366.672976553,10689.0
2021-05-10 15:00:00,366.514729243,366.858460753,366.238845902,366.858460753,14237.0
2021-05-10 15:15:00,366.87632581,367.043944953,366.009138363,366.184860237,10054.0
2021-05-10 15:30:00,366.262958848,366.350819784,365.657694616,365.9115151,21535.0
2021-05-10 15:45:00,365.965207895,366.11164279,365.638169963,366.028663016,24537.0
2021-05-10 16:00:00,366.023781853,366.214147216,364.554551742,364.749798268,63138.0
2021-05-10 16:15:00,364.915757815,364.915757815,364.915757815,364.915757815,24090.0
2021-05-10 17:00:00,364.749798268,364.749798268,364.749798268,364.749798268,228.0
2021-05-10 17:15:00,364.915757815,364.915757815,364.915757815,364.915757815,100.0
2021-05-10 18:45:00,361.772288741,361.772288741,361.772288741,361.772288741,100.0
2021-05-11 09:30:00,363.783327962,363.783327962,363.783327962,363.783327962,235.0
2021-05-11 09:45:00,363.187826057,365.189102952,361.923604799,362.836382309,62211.0
2021-05-11 10:00:00,362.504463215,362.758283699,360.229841182,360.386038403,30760.0
2021-05-11 10:15:00,360.757006803,363.217113036,360.742363314,361.772288741,28964.0
2021-05-11 10:30:00,361.743001762,361.772288741,359.282895529,360.112595643,30541.0
2021-05-11 10:45:00,360.181029551,360.268890488,357.730685644,357.730685644,30701.0
2021-05-11 11:00:00,357.652587034,358.892402476,357.374360734,358.21880196,45143.0
2021-05-11 11:15:00,358.199277308,358.765492234,357.281618634,357.554963771,25199.0
2021-05-11 11:30:00,357.554963771,359.536716014,357.281618634,359.536716014,29971.0
2021-05-11 11:45:00,359.536716014,360.805818435,359.473260892,360.28841514,46652.0
2021-05-11 12:00:00,360.239603509,360.434850035,359.62457695,359.819823477,20770.0
2021-05-11 12:15:00,359.614814624,359.614814624,358.580984267,358.580984267,39497.0
2021-05-11 12:30:00,358.853353171,359.278014366,358.61905734,359.029075045,13188.0
2021-05-11 12:45:00,358.902164803,358.960738761,358.228564287,358.228564287,14231.0
2021-05-11 13:00:00,358.257851266,358.257851266,357.808784255,358.121178697,15001.0
2021-05-11 13:15:00,358.160228003,358.51167175,358.004030781,358.51167175,16973.0
2021-05-11 13:30:00,358.560483382,358.941214108,358.472622445,358.754460806,17663.0
2021-05-11 13:45:00,358.931451782,359.634339277,358.731324092,359.575765319,19237.0
2021-05-11 14:00:00,359.614814624,360.044356982,359.195034592,360.044356982,20009.0
2021-05-11 14:15:00,360.015070003,360.132217919,359.614814624,359.644101603,14505.0
2021-05-11 14:30:00,359.617255206,359.653863929,359.199915756,359.614814624,14777.0
2021-05-11 14:45:00,359.448855077,359.448855077,358.209039634,358.404286161,24697.0
2021-05-11 15:00:00,358.379880345,358.775254561,358.379880345,358.775254561,21021.0
2021-05-11 15:15:00,358.833828519,358.970501087,358.658106645,358.667868971,16664.0
2021-05-11 15:30:00,358.589770361,359.62457695,358.477503608,359.17550994,19695.0
2021-05-11 15:45:00,359.185272266,359.185272266,357.925932171,358.384761508,31278.0
2021-05-11 16:00:00,358.306662897,359.722200214,358.287138245,359.556240666,107804.0
2021-05-11 16:15:00,359.54647834,359.54647834,359.54647834,359.54647834,4386.0
2021-05-12 09:30:00,359.25360855,359.25360855,359.25360855,359.25360855,123.0
2021-05-12 09:45:00,359.858872782,361.450131972,359.722200214,361.391558014,32755.0
2021-05-12 10:00:00,361.342746383,361.386676851,360.805818435,361.332984056,22050.0
2021-05-12 10:15:00,361.411082667,362.094445509,360.737482151,362.035871551,15383.0
2021-05-12 10:30:00,362.026109225,362.748521373,362.026109225,362.328741341,19052.0
2021-05-12 10:45:00,362.328741341,362.328741341,360.415325382,360.65938354,15881.0
2021-05-12 11:00:00,360.737482151,360.971777982,359.966258372,360.457205762,15881.0
2021-05-12 11:15:00,360.249365835,360.678908193,359.849110456,360.512948645,16049.0
2021-05-12 11:30:00,360.76676913,360.76676913,360.000426514,360.493423993,17912.0
2021-05-12 11:45:00,360.610571909,360.991302635,359.830562036,360.425087709,13075.0
2021-05-12 12:00:00,360.669145867,360.726157852,358.765492234,358.765492234,12438.0
2021-05-12 12:15:00,358.750946368,358.902164803,357.896645192,358.150465676,20812.0
2021-05-12 12:30:00,358.135822187,358.61905734,357.882001702,357.882001702,19332.0
2021-05-12 12:45:00,357.877120539,358.111416371,357.564726097,357.720923318,14898.0
2021-05-12 13:00:00,357.681874013,358.111416371,357.525676792,357.531534188,16858.0
2021-05-12 13:15:00,357.467102834,358.03331776,357.271856307,358.03331776,13404.0
2021-05-12 13:30:00,358.03331776,358.404286161,357.564726097,357.564726097,10342.0
2021-05-12 13:45:00,357.633062381,358.121178697,357.428053529,358.111416371,15936.0
2021-05-12 14:00:00,358.226709445,358.433573139,357.711160992,358.433573139,14409.0
2021-05-12 14:15:00,358.609295013,358.609295013,357.633062381,357.828308908,10982.0
2021-05-12 14:30:00,357.720923318,358.160228003,357.437815855,357.437815855,14317.0
2021-05-12 14:45:00,357.408528876,358.345712203,357.252331655,358.228564287,17808.0
2021-05-12 15:00:00,358.248088939,359.097411329,358.238326613,359.04030172,15512.0
2021-05-12 15:15:00,359.029075045,359.087649003,358.555602218,358.555602218,18643.0
2021-05-12 15:30:00,358.550721055,358.614176176,356.656829749,356.710522544,27956.0
2021-05-12 15:45:00,356.73492836,356.73492836,355.485350591,356.520157181,81932.0
2021-05-12 16:00:00,356.403009265,356.500632528,354.489593306,354.889848686,221848.0
2021-05-12 16:15:00,354.518880285,356.158951107,352.175921969,352.175921969,168386.0
2021-05-12 16:45:00,351.492559126,354.518880285,351.492559126,353.81599279,1873.0
2021-05-12 17:00:00,353.767181159,353.767181159,353.767181159,353.767181159,300.0
2021-05-12 19:45:00,354.518880285,354.518880285,354.518880285,354.518880285,250.0
2021-05-13 09:30:00,354.128387233,354.372445391,354.128387233,354.372445391,310.0
2021-05-13 09:45:00,354.206485843,357.701398666,353.92337838,357.408528876,54043.0
2021-05-13 10:00:00,357.447578181,358.69715595,356.100377149,356.578731139,37325.0
2021-05-13 10:15:00,356.852076276,357.401207131,356.285861349,357.281618634,31217.0
2021-05-13 10:30:00,357.423172365,359.243846224,357.423172365,358.706918276,33121.0
2021-05-13 10:45:00,358.833828519,359.029075045,358.32618755,358.472622445,21321.0
2021-05-13 11:00:00,358.501909424,359.91744674,358.257851266,359.91744674,31671.0
2021-05-13 11:15:00,359.91744674,360.405563056,359.302420182,359.302420182,21165.0
2021-05-13 11:30:00,359.302420182,359.71731905,358.794779213,359.009550392,18503.0
2021-05-13 11:45:00,358.950976434,360.610571909,358.785016887,360.073643961,28296.0
2021-05-13 12:00:00,360.068762798,361.04499543,359.968796576,360.688670519,16160.0
2021-05-13 12:15:00,360.554340909,361.020589614,360.522710972,360.791174946,13748.0
2021-05-13 12:30:00,360.747244477,360.874154719,360.47389934,360.517048823,11005.0
2021-05-13 12:45:00,360.454374688,360.93760984,360.112693266,360.722838661,12013.0
2021-05-13 13:00:00,360.717957498,361.054757756,360.366513751,360.84486774,11884.0
2021-05-13 13:15:00,360.883917046,361.235360793,360.512948645,361.157262183,13719.0
2021-05-13 13:30:00,361.420844993,361.547755235,360.747244477,361.069401246,13057.0
2021-05-13 13:45:00,361.13773753,361.69419013,360.591047256,361.279291262,36755.0
2021-05-13 14:00:00,361.186549162,361.762526414,361.186549162,361.743001762,20490.0
2021-05-13 14:15:00,361.791813393,362.289692036,361.606329193,361.606329193,13714.0
2021-05-13 14:30:00,361.401320341,362.074920857,361.401320341,361.830862699,11618.0
2021-05-13 14:45:00,362.19499747,362.91448092,362.113970162,362.426364604,13358.0
2021-05-13 15:00:00,362.426364604,363.654074762,362.367790646,363.490458173,22278.0
2021-05-13 15:15:00,363.500220499,363.900475878,363.09996512,363.226875362,15841.0
2021-05-13 15:30:00,363.414019158,363.414019158,363.041391162,363.182944894,14568.0
2021-05-13 15:45:00,363.051153489,363.304973973,362.206712262,362.445889257,35254.0
2021-05-13 16:00:00,362.455651583,362.465413909,361.157262183,361.186549162,76170.0
2021-05-13 16:15:00,361.264647772,361.264647772,361.264647772,361.264647772,10147.0
2021-05-13 16:30:00,361.264647772,361.264647772,361.264647772,361.264647772,516.0
2021-05-13 16:45:00,361.264647772,361.264647772,361.264647772,361.264647772,1133.0
2021-05-13 17:30:00,361.811338046,361.811338046,361.811338046,361.811338046,194.0
2021-05-13 19:30:00,359.956496045,359.995545351,359.380518792,359.995545351,750.0
2021-05-14 09:45:00,362.182306446,364.037148447,361.455013135,363.57831911,41138.0
2021-05-14 10:00:00,363.612487252,363.929762857,361.98705992,362.727239501,19890.0
2021-05-14 10:15:00,362.719234394,362.719234394,361.357389872,361.860149678,18179.0
2021-05-14 10:30:00,361.967535267,363.041391162,361.80157572,361.80157572,23134.0
2021-05-14 10:45:00,362.045633878,362.138375978,361.372033362,361.50870593,24987.0
2021-05-14 11:00:00,361.625853846,362.221355751,361.625853846,362.113970162,23363.0
2021-05-14 11:15:00,362.104207836,362.816857657,361.918723635,361.98705992,20547.0
2021-05-14 11:30:00,362.026109225,363.065796978,361.830862699,362.82173882,17049.0
2021-05-14 11:45:00,362.758283699,362.855906962,362.362909483,362.514225541,17634.0
2021-05-14 12:00:00,362.592324152,362.592324152,361.401320341,361.757645251,19005.0
2021-05-14 12:15:00,361.821100372,361.865030841,361.386676851,361.860149678,15850.0
2021-05-14 12:30:00,361.869912004,363.012104183,361.860149678,362.934005573,19231.0
2021-05-14 12:45:00,363.002341857,363.080440467,362.563037173,362.787570678,10126.0
2021-05-14 13:00:00,362.797333004,362.963292552,362.72899672,362.797333004,9126.0
2021-05-14 13:15:00,362.807095331,363.822377268,362.807095331,363.20735071,14067.0
2021-05-14 13:30:00,363.339142115,363.339142115,362.904718594,362.904718594,11289.0
2021-05-14 13:45:00,362.953530225,363.461171194,362.847120868,363.383072583,17530.0
2021-05-14 14:00:00,363.270805831,363.270805831,362.533750194,362.748521373,9344.0
2021-05-14 14:15:00,362.748521373,362.894956267,362.416602278,362.865669288,17367.0
2021-05-14 14:30:00,362.680185088,363.236637689,362.655779273,362.748521373,18637.0
2021-05-14 14:45:00,362.719234394,363.324498625,362.699709741,363.090202794,15893.0
2021-05-14 15:00:00,362.904718594,363.187826057,362.782689515,362.943767899,15754.0
2021-05-14 15:15:00,362.865669288,363.148776752,362.63625462,363.148776752,18374.0
2021-05-14 15:30:00,363.080440467,363.241518852,362.992579531,363.060915815,16913.0
2021-05-14 15:45:00,363.051153489,363.051153489,362.582561825,362.807095331,30832.0
2021-05-14 16:00:00,362.826619983,363.139014425,362.572799499,362.777808352,63848.0
2021-05-14 16:15:00,362.777808352,362.777808352,362.777808352,362.777808352,174980.0
2021-05-14 19:45:00,362.777808352,362.777808352,362.777808352,362.777808352,100.0
2021-05-17 09:30:00,363.94928751,364.476453131,363.94928751,364.476453131,822.0
2021-05-17 09:45:00,363.646655394,365.189102952,363.427003052,363.851664247,55459.0
2021-05-17 10:00:00,364.046910773,364.173821015,362.66349151,364.125009384,23453.0
2021-05-17 10:15:00,364.290968931,364.7986099,363.744278657,364.359305215,17303.0
2021-05-17 10:30:00,364.007861468,364.50574011,363.236637689,363.636893068,21673.0
2021-05-17 10:45:00,363.158539078,363.480695847,362.52886903,363.47093352,21700.0
2021-05-17 11:00:00,363.47093352,363.480695847,362.816857657,362.91448092,17273.0
2021-05-17 11:15:00,362.787570678,363.568556783,362.641135783,363.558794457,13543.0
2021-05-17 11:30:00,363.324498625,363.793090289,363.256162341,363.509982826,17364.0
2021-05-17 11:45:00,363.373310257,363.978574489,363.016985346,363.417240725,14251.0
2021-05-17 12:00:00,363.480695847,364.017623794,363.37819142,364.007861468,11329.0
2021-05-17 12:15:00,363.939525184,364.276325442,363.47093352,364.212870321,11627.0
2021-05-17 12:30:00,364.232394973,364.593601047,364.115247057,364.349542889,16633.0
2021-05-17 12:45:00,364.535027089,364.993856426,364.452047315,364.622888026,11579.0
2021-05-17 13:00:00,364.622888026,364.710748963,363.884758533,364.150879548,17191.0
2021-05-17 13:15:00,364.281206605,364.476453131,363.959049836,363.979550721,12434.0
2021-05-17 13:30:00,364.017623794,364.271444278,363.592962599,363.963930999,13377.0
2021-05-17 13:45:00,364.13477171,364.281206605,363.890713552,364.115247057,15201.0
2021-05-17 14:00:00,364.476453131,364.476453131,363.959049836,363.968812163,13544.0
2021-05-17 14:15:00,363.998099141,364.193345668,363.597843762,363.744278657,13223.0
2021-05-17 14:30:00,363.793090289,364.4276415,363.47093352,364.305612421,18250.0
2021-05-17 14:45:00,364.295850094,364.373948705,363.871188899,364.105484731,12735.0
2021-05-17 15:00:00,364.222632647,364.622888026,364.115247057,364.608244536,10185.0
2021-05-17 15:15:00,364.603363373,365.189102952,364.337339981,365.106123179,14269.0
2021-05-17 15:30:00,365.140291321,365.774842532,365.091479689,365.521022047,16715.0
2021-05-17 15:45:00,365.3550625,365.3550625,364.22751381,364.759560594,27714.0
2021-05-17 16:00:00,364.730273615,365.032905731,363.880951226,364.017623794,78465.0
2021-05-17 16:15:00,364.007861468,364.007861468,362.865669288,362.865669288,7756.0
2021-05-17 16:45:00,361.645378499,361.645378499,361.645378499,361.645378499,196.0
2021-05-18 09:45:00,363.031628836,364.827896879,363.031628836,364.369067542,42030.0
2021-05-18 10:00:00,364.452340185,364.603363373,363.187826057,363.187826057,23570.0
2021-05-18 10:15:00,363.422121889,363.549032131,362.397077625,362.494700888,27793.0
2021-05-18 10:30:00,362.611848804,363.422121889,362.548393683,363.236637689,22572.0
2021-05-18 10:45:00,363.275686994,363.714991678,363.129252099,363.197588383,31595.0
2021-05-18 11:00:00,363.187826057,363.797971452,363.109727446,363.427003052,22633.0
2021-05-18 11:15:00,363.422121889,363.57831911,362.875431615,362.973054878,23289.0
2021-05-18 11:30:00,362.885193941,362.953530225,362.240880404,362.641135783,23349.0
2021-05-18 11:45:00,362.553274846,362.577680662,361.596566867,361.596566867,15764.0
2021-05-18 12:00:00,361.547755235,362.074920857,361.464775462,362.026109225,16461.0
2021-05-18 12:15:00,361.98705992,362.738759046,361.98705992,362.646016946,18408.0
2021-05-18 12:30:00,362.670422762,363.002341857,362.62161113,362.650898109,14772.0
2021-05-18 12:45:00,362.650898109,363.246400015,362.576802053,362.816857657,21208.0
2021-05-18 13:00:00,362.943767899,363.231756525,362.905304333,363.036509999,10937.0
2021-05-18 13:15:00,363.031628836,363.812614941,362.953530225,363.812614941,20764.0
2021-05-18 13:30:00,363.705229352,363.939525184,363.588081436,363.636893068,16657.0
2021-05-18 13:45:00,363.607606089,363.832139594,363.558794457,363.661298883,16335.0
2021-05-18 14:00:00,363.675942373,363.695467026,363.109727446,363.109727446,16100.0
2021-05-18 14:15:00,363.012104183,363.012104183,362.406839951,362.45077042,14353.0
2021-05-18 14:30:00,362.445889257,362.445889257,361.762526414,361.87967433,14665.0
2021-05-18 14:45:00,361.977297593,362.221355751,361.21583614,361.225598467,18566.0
2021-05-18 15:00:00,361.225598467,362.182306446,361.225598467,362.123732488,18168.0
2021-05-18 15:15:00,362.123732488,362.123732488,361.703952456,361.703952456,11149.0
2021-05-18 15:30:00,361.625853846,362.045633878,361.372033362,361.674274984,14992.0
2021-05-18 15:45:00,361.459894298,362.104207836,361.396439177,361.97241643,35087.0
2021-05-18 16:00:00,361.967535267,361.967535267,359.761249519,359.790536498,74849.0
2021-05-18 16:15:00,359.858872782,359.858872782,359.858872782,359.858872782,68101.0
2021-05-18 16:45:00,359.858872782,359.858872782,359.858872782,359.858872782,201.0
2021-05-18 18:15:00,358.921689455,358.921689455,358.921689455,358.921689455,544.0
2021-05-19 09:00:00,351.443747495,351.443747495,351.443747495,351.443747495,100.0
2021-05-19 09:45:00,359.526953687,359.526953687,354.880086359,357.916169845,57912.0
2021-05-19 10:00:00,358.062604739,359.566002993,356.969224192,359.155985287,33403.0
2021-05-19 10:15:00,359.155985287,359.155985287,357.301143286,357.867358213,25348.0
2021-05-19 10:30:00,357.84783356,358.853353171,357.423172365,358.853353171,30313.0
2021-05-19 10:45:00,358.794779213,358.902164803,357.301143286,357.789259602,24632.0
2021-05-19 11:00:00,357.924565445,358.911927129,357.505371153,358.531196403,13160.0
2021-05-19 11:15:00,358.540958729,359.058362024,357.994268455,359.029075045,20942.0
2021-05-19 11:30:00,359.029075045,359.224321571,358.160228003,359.058362024,23516.0
2021-05-19 11:45:00,359.019312719,359.097411329,358.03331776,358.082129392,19382.0
2021-05-19 12:00:00,358.082129392,359.761249519,358.04796125,359.634339277,17269.0
2021-05-19 12:15:00,359.595289971,359.966258372,359.243846224,359.71731905,24363.0
2021-05-19 12:30:00,359.819823477,360.434850035,359.819823477,360.21031653,14596.0
2021-05-19 12:45:00,360.073643961,361.040114267,360.073643961,360.883917046,14362.0
2021-05-19 13:00:00,361.020589614,361.225598467,360.688670519,361.12309404,12128.0
2021-05-19 13:15:00,360.971777982,361.567279888,360.942491004,361.557517562,9984.0
2021-05-19 13:30:00,361.64781908,361.723477109,360.649621214,361.186549162,54872.0
2021-05-19 13:45:00,361.13773753,361.372033362,360.815580761,360.893679372,14559.0
2021-05-19 14:00:00,360.757006803,361.147499856,360.757006803,360.962015656,11765.0
2021-05-19 14:15:00,361.098688225,361.245123119,359.497666708,359.692913235,16384.0
2021-05-19 14:30:00,359.458617403,360.893679372,359.243846224,360.356751424,12077.0
2021-05-19 14:45:00,360.39580073,360.65938354,359.751487193,359.888159761,13853.0
2021-05-19 15:00:00,360.005307677,360.747244477,359.819823477,360.469018177,16058.0
2021-05-19 15:15:00,360.307939793,360.84486774,359.908660646,360.757006803,14616.0
2021-05-19 15:30:00,360.717957498,361.69419013,360.688670519,361.664903151,19474.0
2021-05-19 15:45:00,361.664903151,361.87967433,361.196311488,361.723477109,25398.0
2021-05-19 16:00:00,361.61609152,362.182306446,361.196311488,362.084683183,66837.0
2021-05-19 16:15:00,362.084683183,362.084683183,362.084683183,362.084683183,4034.0
2021-05-19 16:45:00,362.768046025,362.768046025,362.768046025,362.768046025,100.0
2021-05-20 09:45:00,362.348265994,364.632650352,362.348265994,362.63625462,35856.0
2021-05-20 10:00:00,362.631373457,363.929762857,362.572799499,362.675303925,20343.0
2021-05-20 10:15:00,362.660660436,363.119489773,362.660660436,362.748521373,13752.0
2021-05-20 10:30:00,362.836382309,362.934005573,362.289692036,362.816857657,27457.0
2021-05-20 10:45:00,362.894956267,364.037148447,362.894956267,363.187826057,30439.0
2021-05-20 11:00:00,363.334260952,364.037148447,363.246400015,363.549032131,18492.0
2021-05-20 11:15:00,363.65641772,363.900475878,363.324498625,363.744278657,18444.0
2021-05-20 11:30:00,363.744278657,364.173821015,363.646655394,364.13477171,25567.0
2021-05-20 11:45:00,364.203107994,364.622888026,364.115247057,364.427934369,14175.0
2021-05-20 12:00:00,364.525264763,365.276963889,364.203107994,364.398354521,22359.0
2021-05-20 12:15:00,364.232394973,364.4276415,363.880951226,364.41299801,20192.0
2021-05-20 12:30:00,364.417976796,364.671699658,363.832139594,363.915119368,15175.0
2021-05-20 12:45:00,363.915119368,364.281206605,363.427003052,363.509982826,14973.0
2021-05-20 13:00:00,363.529507478,364.69122431,363.519745152,364.50574011,15721.0
2021-05-20 13:15:00,364.486215457,364.69122431,364.046910773,364.689174222,12852.0
2021-05-20 13:30:00,364.69122431,364.69122431,364.349542889,364.603363373,9803.0
2021-05-20 13:45:00,364.50574011,364.730273615,364.20955113,364.603363373,15663.0
2021-05-20 14:00:00,364.593601047,364.788847573,364.242157299,364.681461984,12648.0
2021-05-20 14:15:00,364.837659205,365.003618752,364.378829868,364.378829868,19633.0
2021-05-20 14:30:00,364.574076394,364.642412679,364.290968931,364.378829868,13791.0
2021-05-20 14:45:00,364.417879173,365.1695783,364.281206605,365.071955037,37689.0
2021-05-20 15:00:00,365.032905731,365.130528995,364.574076394,364.652175005,16979.0
2021-05-20 15:15:00,364.632650352,365.111004342,364.261681952,365.013381079,53587.0
2021-05-20 15:30:00,365.081717363,365.403874131,364.954807121,365.047549221,40076.0
2021-05-20 15:45:00,365.06219271,365.403874131,363.871188899,364.046910773,43217.0
2021-05-20 16:00:00,364.02738612,364.095722405,362.934005573,363.168301404,108633.0
2021-05-20 16:15:00,363.119489773,363.119489773,363.119489773,363.119489773,19195.0
2021-05-21 09:45:00,363.685704699,368.05922689,363.685704699,366.782216984,64463.0
2021-05-21 10:00:00,366.780362142,367.082994258,364.583838721,364.583838721,27279.0
2021-05-21 10:15:00,364.583838721,364.583838721,362.768046025,363.509982826,28326.0
2021-05-21 10:30:00,363.675942373,364.388592194,362.523987867,362.616729967,27862.0
2021-05-21 10:45:00,362.62161113,363.353785604,361.952891778,361.952891778,24338.0
2021-05-21 11:00:00,362.009122777,363.168301404,361.908961309,362.377552972,38431.0
2021-05-21 11:15:00,362.445889257,362.445889257,361.772288741,362.260405057,18835.0
2021-05-21 11:30:00,362.504463215,363.178063731,362.45077042,362.943767899,13860.0
2021-05-21 11:45:00,363.012104183,363.197588383,362.445889257,362.54351252,23109.0
2021-05-21 12:00:00,362.523987867,362.572799499,362.026109225,362.084683183,12100.0
2021-05-21 12:15:00,362.084683183,362.465413909,361.32322173,361.762526414,19327.0
2021-05-21 12:30:00,361.762526414,361.762526414,360.717957498,361.178348807,17268.0
2021-05-21 12:45:00,361.167024509,361.782051067,361.147499856,361.782051067,11478.0
2021-05-21 13:00:00,361.537992909,361.537992909,360.466284726,360.466284726,9143.0
2021-05-21 13:15:00,360.493423993,361.459796675,360.483661667,360.984761877,10322.0
2021-05-21 13:30:00,361.059638919,361.469656625,360.796056109,361.362271035,9930.0
2021-05-21 13:45:00,361.479418951,361.98705992,361.479418951,361.695849726,11832.0
2021-05-21 14:00:00,361.625853846,361.669686691,361.254885446,361.489181277,11772.0
2021-05-21 14:15:00,361.459894298,361.684427804,361.12309404,361.537992909,18560.0
2021-05-21 14:30:00,361.586804541,361.645378499,361.372033362,361.606329193,12399.0
2021-05-21 14:45:00,361.703952456,361.811338046,361.010827288,361.079163572,16470.0
2021-05-21 15:00:00,361.196311488,361.713714783,361.196311488,361.606329193,13158.0
2021-05-21 15:15:00,361.586804541,362.182306446,361.401320341,362.133494814,11671.0
2021-05-21 15:30:00,362.196949936,362.558156009,362.074920857,362.162781793,17073.0
2021-05-21 15:45:00,362.162781793,362.162781793,361.830862699,361.840625025,24052.0
2021-05-21 16:00:00,361.840625025,362.201831099,361.313459404,361.762526414,51563.0
2021-05-21 16:15:00,361.655140825,362.182306446,360.454374688,362.182306446,10905.0
2021-05-24 07:15:00,366.057949995,366.057949995,366.057949995,366.057949995,822.0
2021-05-24 09:30:00,363.490458173,363.490458173,363.490458173,363.490458173,160.0
2021-05-24 09:45:00,363.84190192,365.08074113,362.367790646,362.563037173,34433.0
2021-05-24 10:00:00,362.641135783,362.875431615,361.372033362,362.689947415,16919.0
2021-05-24 10:15:00,362.855906962,364.095722405,362.719234394,363.158539078,19074.0
2021-05-24 10:30:00,363.119489773,363.265924668,362.279929709,362.885193941,12833.0
2021-05-24 10:45:00,362.768046025,363.090202794,362.240880404,362.240880404,14167.0
2021-05-24 11:00:00,362.34338483,362.514225541,361.938248288,362.318979015,18656.0
2021-05-24 11:15:00,362.192068772,362.699709741,361.811338046,361.996822246,16860.0
2021-05-24 11:30:00,361.860149678,362.348265994,361.860149678,362.240880404,15043.0
2021-05-24 11:45:00,362.240880404,362.616729967,362.182306446,362.616729967,14414.0
2021-05-24 12:00:00,362.62161113,362.847804231,362.270167383,362.416602278,12278.0
2021-05-24 12:15:00,362.416602278,362.670422762,362.06515853,362.45077042,11939.0
2021-05-24 12:30:00,362.655779273,362.738759046,359.800298824,362.564013405,19724.0
2021-05-24 12:45:00,362.660660436,362.689947415,361.811338046,362.094445509,22236.0
2021-05-24 13:00:00,362.162781793,362.231118078,361.996822246,362.143257141,5991.0
2021-05-24 13:15:00,362.182306446,362.192068772,361.850387351,361.918723635,12628.0
2021-05-24 13:30:00,361.918723635,362.15790063,361.684427804,362.153019467,6781.0
2021-05-24 13:45:00,362.299454362,362.348265994,361.830862699,362.06515853,9581.0
2021-05-24 14:00:00,362.074920857,362.187187609,361.87967433,362.182306446,7051.0
2021-05-24 14:15:00,362.192068772,362.289692036,361.943129451,362.25064273,35104.0
2021-05-24 14:30:00,362.221355751,363.29023286,362.182306446,363.168301404,37590.0
2021-05-24 14:45:00,363.431884215,363.617368415,362.544976869,363.617368415,14567.0
2021-05-24 15:00:00,363.480695847,363.549032131,362.416602278,362.846144636,11237.0
2021-05-24 15:15:00,362.748521373,363.412359562,362.611848804,363.412359562,9214.0
2021-05-24 15:30:00,363.383072583,363.461171194,363.080440467,363.080440467,11681.0
2021-05-24 15:45:00,363.080440467,363.39283491,362.934005573,363.373310257,22877.0
2021-05-24 16:00:00,363.373310257,363.451408868,362.836382309,363.060915815,48461.0
2021-05-24 16:15:00,363.334260952,363.334260952,363.334260952,363.334260952,4135.0
2021-05-25 09:45:00,363.675942373,365.481972742,362.260405057,363.197588383,35131.0
2021-05-25 10:00:00,362.865669288,363.090202794,361.791813393,362.768046025,17000.0
2021-05-25 10:15:00,362.875138745,363.675942373,362.523987867,363.314736299,35560.0
2021-05-25 10:30:00,363.412359562,363.558794457,361.869912004,361.869912004,14712.0
2021-05-25 10:45:00,361.908961309,362.153019467,361.577042214,361.80157572,12502.0
2021-05-25 11:00:00,361.938248288,362.211593425,361.752764088,361.957772941,12150.0
2021-05-25 11:15:00,361.713714783,362.279929709,361.577042214,362.143257141,12815.0
2021-05-25 11:30:00,362.143257141,362.582561825,361.918723635,362.045633878,12183.0
2021-05-25 11:45:00,362.06515853,362.123732488,361.791813393,362.104207836,11694.0
2021-05-25 12:00:00,362.231118078,362.465413909,361.791813393,362.221355751,9902.0
2021-05-25 12:15:00,362.289692036,362.904718594,362.289692036,362.899837431,8414.0
2021-05-25 12:30:00,362.904718594,363.168301404,362.855906962,363.046272325,6833.0
2021-05-25 12:45:00,363.085321631,363.085321631,362.738759046,363.02186651,9947.0
2021-05-25 13:00:00,363.02186651,363.051153489,362.865669288,362.992579531,6743.0
2021-05-25 13:15:00,362.894956267,362.91448092,362.397077625,362.484938562,7184.0
2021-05-25 13:30:00,362.514225541,362.563037173,362.162781793,362.563037173,9562.0
2021-05-25 13:45:00,362.54351252,362.563037173,361.928485962,361.928485962,10341.0
2021-05-25 14:00:00,361.869912004,361.948010614,361.450131972,361.69419013,11441.0
2021-05-25 14:15:00,361.733239435,362.240880404,361.450131972,361.938248288,23690.0
2021-05-25 14:30:00,361.948010614,361.948010614,361.655140825,361.664903151,7476.0
2021-05-25 14:45:00,361.586804541,361.928485962,361.586804541,361.660021988,10197.0
2021-05-25 15:00:00,361.645378499,361.752764088,361.489181277,361.606329193,13122.0
2021-05-25 15:15:00,361.596566867,361.596566867,360.991302635,361.141837707,14576.0
2021-05-25 15:30:00,361.157262183,361.50870593,361.059638919,361.21583614,14941.0
2021-05-25 15:45:00,361.186549162,361.50870593,361.127975204,361.293934751,25061.0
2021-05-25 16:00:00,361.396439177,361.50870593,360.551997951,361.342746383,80081.0
2021-05-25 16:15:00,361.196311488,361.196311488,361.196311488,361.196311488,16358.0
2021-05-26 09:45:00,360.551997951,361.542874072,359.380518792,359.390281119,29593.0
2021-05-26 10:00:00,359.36099414,360.122455593,358.345712203,358.580008034,28218.0
2021-05-26 10:15:00,358.80454154,358.80454154,357.037560476,358.082129392,32491.0
2021-05-26 10:30:00,358.106535208,358.736205255,357.828308908,357.828308908,23954.0
2021-05-26 10:45:00,358.013793108,358.199277308,357.49150865,358.111416371,20805.0
2021-05-26 11:00:00,358.121178697,358.404286161,357.086372107,357.84783356,22851.0
2021-05-26 11:15:00,357.984506129,358.638581992,357.691636339,357.789259602,17661.0
2021-05-26 11:30:00,357.738495506,358.32618755,357.242569329,358.277375918,18745.0
2021-05-26 11:45:00,358.277375918,358.316425224,357.320667939,357.418291202,15779.0
2021-05-26 12:00:00,357.486627487,357.896645192,357.486627487,357.603775402,12371.0
2021-05-26 12:15:00,357.515914465,358.052842413,357.359717244,357.877120539,12815.0
2021-05-26 12:30:00,357.916169845,358.160228003,357.554963771,357.750210297,13091.0
2021-05-26 12:45:00,357.681874013,358.072367066,357.594013076,358.072367066,15230.0
2021-05-26 13:00:00,357.984506129,358.209039634,357.950337987,358.091891718,11465.0
2021-05-26 13:15:00,358.072367066,358.091891718,357.535439118,357.833190071,15185.0
2021-05-26 13:30:00,357.76973495,358.004030781,357.389004223,357.441720785,12408.0
2021-05-26 13:45:00,357.47686516,357.945456824,356.988748844,357.008273497,17196.0
2021-05-26 14:00:00,356.988748844,357.506152139,356.715403707,357.115659086,22231.0
2021-05-26 14:15:00,357.164470718,357.735566808,357.057085128,357.637943544,20112.0
2021-05-26 14:30:00,357.603775402,357.935694497,357.242569329,357.833190071,21312.0
2021-05-26 14:45:00,357.828308908,357.828308908,357.203520023,357.203520023,16736.0
2021-05-26 15:00:00,357.320667939,357.535439118,356.998511171,357.018035823,19428.0
2021-05-26 15:15:00,356.954580702,357.730685644,356.954580702,357.681874013,31476.0
2021-05-26 15:30:00,357.618418892,357.886882866,357.252331655,357.271856307,32982.0
2021-05-26 15:45:00,357.325549102,358.160228003,357.164470718,357.66234936,33129.0
2021-05-26 16:00:00,357.779497276,358.160228003,357.369479571,358.130941024,103287.0
2021-05-26 16:15:00,358.004030781,358.004030781,358.004030781,358.004030781,9075.0
2021-05-26 16:45:00,358.004030781,358.004030781,358.004030781,358.004030781,1310.0
2021-05-26 18:00:00,358.004030781,358.004030781,358.004030781,358.004030781,400.0
2021-05-27 09:45:00,361.489181277,361.489181277,358.729664497,360.708195172,51572.0
2021-05-27 10:00:00,360.737482151,361.118212877,359.722200214,360.366513751,35682.0
2021-05-27 10:15:00,360.571522603,360.58128493,359.273133203,359.575765319,27146.0
2021-05-27 10:30:00,359.712437887,359.829585803,358.013793108,358.238326613,22342.0
2021-05-27 10:45:00,358.111416371,358.531196403,357.320667939,358.404286161,39263.0
2021-05-27 11:00:00,358.404286161,359.019312719,357.964981476,358.169990329,27646.0
2021-05-27 11:15:00,358.121178697,358.228564287,357.545201444,357.994268455,21339.0
2021-05-27 11:30:00,357.935694497,358.260194224,357.896645192,357.984506129,19087.0
2021-05-27 11:45:00,357.838071234,358.189514981,357.808784255,357.974743802,22912.0
2021-05-27 12:00:00,357.916169845,358.778768998,357.813665418,358.778768998,16798.0
2021-05-27 12:15:00,358.833828519,359.087649003,358.726442929,358.863115498,15744.0
2021-05-27 12:30:00,358.902164803,359.234083898,358.863115498,359.004669229,17965.0
2021-05-27 12:45:00,359.126698308,359.516215128,359.048599698,359.282895529,21474.0
2021-05-27 13:00:00,359.292657856,359.297539019,358.379880345,358.433573139,15029.0
2021-05-27 13:15:00,358.443335466,358.501909424,358.14070335,358.306662897,14100.0
2021-05-27 13:30:00,358.306662897,358.540958729,357.994268455,358.262732429,44399.0
2021-05-27 13:45:00,358.32618755,359.088137119,358.179752655,359.009550392,25114.0
2021-05-27 14:00:00,358.970501087,359.73196254,358.970501087,359.73196254,13053.0
2021-05-27 14:15:00,359.644101603,360.971777982,359.448855077,360.542235624,26945.0
2021-05-27 14:30:00,360.65938354,360.708195172,360.200554203,360.47389934,16317.0
2021-05-27 14:45:00,360.620334235,360.727719825,360.073643961,360.181029551,19036.0
2021-05-27 15:00:00,360.21031653,360.688670519,360.21031653,360.688670519,20914.0
2021-05-27 15:15:00,360.727719825,361.020589614,360.561760277,360.84486774,23077.0
2021-05-27 15:30:00,360.913204025,361.489181277,360.825343088,361.32322173,23486.0
2021-05-27 15:45:00,361.254885446,361.830862699,361.186549162,361.352508709,34813.0
2021-05-27 16:00:00,361.352508709,362.416602278,361.235360793,361.655140825,107958.0
2021-05-27 16:15:00,361.655140825,361.655140825,361.655140825,361.655140825,35080.0
2021-05-28 09:45:00,362.040352344,363.207054267,360.819727222,361.084441104,41971.0
2021-05-28 10:00:00,361.263073953,362.138394522,361.244642023,361.599162541,14193.0
2021-05-28 10:15:00,361.354057094,362.481542147,360.432460617,360.883454638,16379.0
2021-05-28 10:30:00,360.834433549,361.01090947,360.305005785,360.51089436,11075.0
2021-05-28 10:45:00,360.363831092,360.579523885,359.648123189,359.706948497,13081.0
2021-05-28 11:00:00,359.893228636,360.265788914,359.393213526,360.265788914,15558.0
2021-05-28 11:15:00,360.223630777,360.618740756,359.569689447,360.265788914,19991.0
2021-05-28 11:30:00,360.300103676,360.412852181,359.942249725,359.956956052,22034.0
2021-05-28 11:45:00,359.863815982,359.932445507,359.363800872,359.37360509,16774.0
2021-05-28 12:00:00,359.344192436,359.344192436,359.001044812,359.157912297,21097.0
2021-05-28 12:15:00,359.23634604,359.697144279,359.148108079,359.697144279,10365.0
2021-05-28 12:30:00,359.854011764,359.854011764,359.452038833,359.491255704,7633.0
2021-05-28 12:45:00,359.412821961,359.608906318,359.118695426,359.118695426,9475.0
2021-05-28 13:00:00,359.059870119,359.270660802,358.648092969,358.746135148,11955.0
2021-05-28 13:15:00,358.755939366,358.952023723,358.432400177,358.432400177,6891.0
2021-05-28 13:30:00,358.765743583,358.765743583,358.32455378,358.697114059,12170.0
2021-05-28 13:45:00,358.755939366,359.216737604,358.383379088,359.074576446,12172.0
2021-05-28 14:00:00,359.069674337,359.207913808,358.652995078,359.040261683,8023.0
2021-05-28 14:15:00,359.025555356,359.23634604,358.765743583,358.932415287,8975.0
2021-05-28 14:30:00,358.912806851,358.942219505,358.540246573,358.677505623,12032.0
2021-05-28 14:45:00,358.706918276,358.903002633,358.608876098,358.893198415,10364.0
2021-05-28 15:00:00,358.824568891,359.09908699,358.726526712,358.863785762,10344.0
2021-05-28 15:15:00,358.971632158,358.971632158,358.486323375,358.486323375,10984.0
2021-05-28 15:30:00,358.520638137,358.746135148,358.520638137,358.52073618,12843.0
2021-05-28 15:45:00,358.481421266,359.285367129,358.402987523,358.834373108,37917.0
2021-05-28 16:00:00,358.893198415,359.015751139,358.412791741,358.716722494,95142.0
2021-05-28 16:15:00,358.706918276,358.706918276,358.706918276,358.706918276,9101.0
2021-06-01 08:15:00,359.422626179,359.422626179,359.422626179,359.422626179,100.0
2021-06-01 09:30:00,361.118755866,362.354087315,361.118755866,362.354087315,1516.0
2021-06-01 09:45:00,361.991331254,362.805081335,360.814825113,360.937377836,52353.0
2021-06-01 10:00:00,360.805020895,362.314870443,360.702076608,362.079569215,16423.0
2021-06-01 10:15:00,361.697204719,362.403108404,361.079538995,361.746225808,17012.0
2021-06-01 10:30:00,361.78544268,361.78544268,360.481481706,361.599162541,53678.0
2021-06-01 10:45:00,361.461903491,361.628575194,360.579523885,361.079538995,18322.0
2021-06-01 11:00:00,361.197189609,361.197189609,360.108921428,360.741293479,25670.0
2021-06-01 11:15:00,360.687370281,360.687370281,360.295201567,360.432460617,13076.0
2021-06-01 11:30:00,360.471677488,360.559915449,360.221669933,360.387067088,12813.0
2021-06-01 11:45:00,360.432460617,360.550111231,360.295201567,360.447166944,9105.0
2021-06-01 12:00:00,360.466971464,360.530502795,360.23637626,360.23637626,9088.0
2021-06-01 12:15:00,359.952053943,360.265788914,359.942249725,360.265788914,8336.0
2021-06-01 12:30:00,360.1481383,360.187355171,359.883424418,359.912837071,5440.0
2021-06-01 12:45:00,359.952053943,360.540307013,359.8736202,360.1481383,13046.0
2021-06-01 13:00:00,360.1481383,360.246180478,359.858913873,359.981466596,10277.0
2021-06-01 13:15:00,359.952053943,360.1481383,359.795186457,359.795186457,11208.0
2021-06-01 13:30:00,359.706948497,359.775578021,359.045163792,359.059870119,14789.0
2021-06-01 13:45:00,359.050065901,359.118695426,358.814764673,358.883394198,11875.0
2021-06-01 14:00:00,358.981436376,359.339290327,358.697114059,359.314779783,13836.0
2021-06-01 14:15:00,359.314779783,359.46184305,359.040261683,359.187324951,27098.0
2021-06-01 14:30:00,359.128499644,359.751067477,359.089282772,359.751067477,15139.0
2021-06-01 14:45:00,359.687340061,359.755969586,359.442234615,359.442234615,14705.0
2021-06-01 15:00:00,359.324584001,359.706948497,359.23634604,359.559885229,16797.0
2021-06-01 15:15:00,359.540276793,359.657927407,359.079478555,359.108891208,34816.0
2021-06-01 15:30:00,359.177520733,359.353996654,359.01084903,359.069674337,22874.0
2021-06-01 15:45:00,359.040261683,359.148108079,358.59907188,358.608876098,33603.0
2021-06-01 16:00:00,358.677505623,358.932415287,358.079448334,358.206903166,93284.0
2021-06-01 16:15:00,358.46181283,358.46181283,358.46181283,358.46181283,60302.0
2021-06-01 16:45:00,358.09905677,358.09905677,358.09905677,358.09905677,230.0
2021-06-02 09:15:00,361.194346386,361.194346386,361.194346386,361.194346386,100.0
2021-06-02 09:30:00,358.46181283,358.46181283,358.46181283,358.46181283,2495.0
2021-06-02 09:45:00,358.46181283,359.51086414,357.594139551,358.726526712,26911.0
2021-06-02 10:00:00,358.679956677,359.863815982,358.679956677,359.079478555,12793.0
2021-06-02 10:15:00,359.079478555,360.550111231,359.069674337,360.255984696,19324.0
2021-06-02 10:30:00,360.187355171,360.785412459,360.162844626,360.618740756,12493.0
2021-06-02 10:45:00,360.608936538,360.653055519,359.569689447,359.599788396,9701.0
2021-06-02 11:00:00,359.672633734,360.089312992,359.334388218,360.035389794,8709.0
2021-06-02 11:15:00,360.118725646,361.14816852,360.02078151,361.095912039,15155.0
2021-06-02 11:30:00,361.172679064,361.206993827,360.87365042,361.118755866,11274.0
2021-06-02 11:45:00,361.138364302,361.138364302,360.437362726,360.437362726,11942.0
2021-06-02 12:00:00,360.334418439,360.491285924,359.765773804,359.893228636,12969.0
2021-06-02 12:15:00,359.85156071,360.255984696,359.363800872,359.432430397,9748.0
2021-06-02 12:30:00,359.432430397,359.971662378,359.167716515,359.903032853,15663.0
2021-06-02 12:45:00,359.854011764,360.020683468,359.559885229,359.82950122,11132.0
2021-06-02 13:00:00,359.888326527,360.118725646,359.706948497,359.991270814,10710.0
2021-06-02 13:15:00,360.108921428,360.501090142,359.991270814,360.442264835,12162.0
2021-06-02 13:30:00,360.545209122,361.089343213,360.515796469,361.040322123,11019.0
2021-06-02 13:45:00,361.09914743,361.481511926,360.971692598,361.334448659,10621.0
2021-06-02 14:00:00,361.393273966,361.903093294,361.37366553,361.903093294,11427.0
2021-06-02 14:15:00,361.844267987,362.452129493,361.37366553,361.64818363,12157.0
2021-06-02 14:30:00,361.707008937,361.805051115,361.113853757,361.113853757,14255.0
2021-06-02 14:45:00,361.226602262,361.265819134,360.618740756,360.741293479,15705.0
2021-06-02 15:00:00,360.520698578,360.589328103,359.82950122,360.133431973,15181.0
2021-06-02 15:15:00,359.961858161,360.501090142,359.893228636,359.981466596,19469.0
2021-06-02 15:30:00,360.069704557,360.069704557,359.677535843,359.765773804,17047.0
2021-06-02 15:45:00,359.706948497,359.706948497,359.206933386,359.530472575,29317.0
2021-06-02 16:00:00,359.422626179,360.520698578,359.422626179,360.020683468,60122.0
2021-06-02 16:15:00,360.020683468,361.775638462,360.020683468,361.775638462,7029.0
2021-06-03 09:30:00,357.716692274,357.716692274,357.716692274,357.716692274,193.0
2021-06-03 09:45:00,359.824599111,359.824599111,357.353936214,358.569659227,37681.0
2021-06-03 10:00:00,358.545148682,359.01084903,358.069644117,358.73633093,11887.0
2021-06-03 10:15:00,358.618680316,359.216737604,358.496127593,358.87358998,14964.0
2021-06-03 10:30:00,358.981436376,359.893228636,358.932415287,358.971632158,9489.0
2021-06-03 10:45:00,358.971632158,359.255954476,358.824568891,358.853981544,9081.0
2021-06-03 11:00:00,358.795156237,359.903032853,358.770645692,359.903032853,13676.0
2021-06-03 11:15:00,359.608906318,359.981466596,359.569689447,359.569689447,11350.0
2021-06-03 11:30:00,359.638318972,360.187355171,359.628514754,359.82950122,43039.0
2021-06-03 11:45:00,359.834403329,359.922641289,359.383409308,359.73636115,24456.0
2021-06-03 12:00:00,359.755969586,359.814794893,359.285367129,359.334388218,10088.0
2021-06-03 12:15:00,359.383409308,359.393213526,358.898100524,358.898100524,11272.0
2021-06-03 12:30:00,358.880943143,358.906630194,358.559855009,358.618680316,12175.0
2021-06-03 12:45:00,358.652995078,358.785352019,358.589267662,358.648092969,12930.0
2021-06-03 13:00:00,358.706918276,358.96182794,358.344162216,358.550050791,12263.0
2021-06-03 13:15:00,358.569659227,358.765743583,358.265728473,358.295141127,14309.0
2021-06-03 13:30:00,358.275532691,358.442204395,358.050035681,358.358868543,16127.0
2021-06-03 13:45:00,358.285336909,358.412693699,358.138273641,358.363770652,16105.0
2021-06-03 14:00:00,358.37357487,358.59907188,358.255924256,358.295141127,17467.0
2021-06-03 14:15:00,358.334357998,358.922611069,358.334357998,358.501029702,16781.0
2021-06-03 14:30:00,358.51083392,359.001044812,358.491225484,358.87358998,18859.0
2021-06-03 14:45:00,358.844177326,358.981436376,358.51083392,358.893198415,16871.0
2021-06-03 15:00:00,358.680250804,359.148108079,358.680250804,359.020653247,12534.0
2021-06-03 15:15:00,358.942219505,359.045163792,358.46181283,358.687309841,16428.0
2021-06-03 15:30:00,358.795156237,358.853981544,358.412791741,358.550050791,19731.0
2021-06-03 15:45:00,358.579463444,359.177520733,358.471617048,358.73633093,28600.0
2021-06-03 16:00:00,358.746135148,359.393213526,358.491225484,359.334388218,83981.0
2021-06-03 16:15:00,359.334388218,359.334388218,359.334388218,359.334388218,59514.0
2021-06-03 16:45:00,358.51083392,359.334388218,358.51083392,358.51083392,5579.0
2021-06-04 07:15:00,363.756090466,363.756090466,363.756090466,363.756090466,308.0
2021-06-04 08:15:00,363.756090466,363.775698902,363.756090466,363.775698902,434.0
2021-06-04 09:00:00,363.656577655,363.656577655,363.656577655,363.656577655,100.0
2021-06-04 09:30:00,364.658078508,364.658078508,364.658078508,364.658078508,230.0
2021-06-04 09:45:00,366.511075681,369.432732598,365.64830451,367.932687268,100862.0
2021-06-04 10:00:00,367.736602911,369.226844024,367.726798693,368.339562309,36398.0
2021-06-04 10:15:00,368.452310814,369.648425391,368.128771625,369.569991648,27044.0
2021-06-04 10:30:00,369.628816955,369.775880223,368.226813803,368.295443328,33027.0
2021-06-04 10:45:00,368.256226457,369.937649817,368.246422239,369.236648241,30327.0
2021-06-04 11:00:00,369.33469042,370.570021868,369.246452459,370.104321521,98739.0
2021-06-04 11:15:00,370.177853154,370.913169493,369.888628728,370.913169493,35152.0
2021-06-04 11:30:00,370.922973711,370.922973711,369.717054916,369.717054916,36466.0
2021-06-04 11:45:00,369.6533275,370.521000779,369.246452459,369.658229609,42070.0
2021-06-04 12:00:00,369.726859134,370.883756839,369.354298856,370.717085136,79240.0
2021-06-04 12:15:00,370.638651393,370.976700824,369.864118183,370.177853154,51309.0
2021-06-04 12:30:00,370.119027847,370.824441321,369.717054916,370.815127314,28129.0
2021-06-04 12:45:00,370.793165866,371.609170918,370.717085136,370.941209556,65284.0
2021-06-04 13:00:00,370.937680037,370.991603236,370.33472064,370.408252274,27770.0
2021-06-04 13:15:00,370.511196561,370.780812552,370.442567036,370.599434522,28156.0
2021-06-04 13:30:00,370.658259829,370.962190582,370.501392343,370.922973711,20906.0
2021-06-04 13:45:00,370.854344186,371.021015889,370.521000779,370.913169493,22104.0
2021-06-04 14:00:00,370.908267384,370.986701127,370.040594105,370.42786071,25498.0
2021-06-04 14:15:00,370.344524858,370.903365275,370.344524858,370.628847175,21136.0
2021-06-04 14:30:00,370.623945066,370.687672482,370.373937511,370.491588125,20821.0
2021-06-04 14:45:00,370.481783908,370.491588125,370.236678462,370.403350165,22703.0
2021-06-04 15:00:00,370.369035402,370.422958601,369.83470553,369.97196458,21459.0
2021-06-04 15:15:00,370.06020254,370.06020254,369.569991648,369.638621173,23465.0
2021-06-04 15:30:00,369.668033827,369.952356144,369.496460014,369.951375722,24538.0
2021-06-04 15:45:00,369.932747708,370.324916422,369.932747708,370.10922363,36064.0
2021-06-04 16:00:00,370.055300431,371.089645414,369.844509748,370.119027847,151640.0
2021-06-04 16:15:00,370.119027847,370.119027847,370.119027847,370.119027847,9227.0
2021-06-07 09:45:00,369.030759667,370.599434522,368.251324348,369.128801845,58786.0
2021-06-07 10:00:00,369.246354417,369.246354417,367.861508647,368.079750536,21464.0
2021-06-07 10:15:00,368.0601421,368.501331903,366.14831962,366.236557581,27334.0
2021-06-07 10:30:00,366.212047036,366.716964255,365.736542471,366.216949145,39022.0
2021-06-07 10:45:00,366.079690095,366.079690095,364.569840547,364.599253201,25425.0
2021-06-07 11:00:00,364.633567963,364.917890281,363.863936863,364.667882726,29300.0
2021-06-07 11:15:00,364.574742656,365.810074105,363.991391695,364.133552853,30832.0
2021-06-07 11:30:00,364.133552853,364.795337558,364.040412784,364.246301359,30079.0
2021-06-07 11:45:00,364.344343537,364.697295379,363.87374108,363.903153734,19748.0
2021-06-07 12:00:00,363.981587477,364.687491162,363.020774128,364.574742656,28444.0
2021-06-07 12:15:00,364.569840547,364.569840547,363.540397674,364.412973062,24795.0
2021-06-07 12:30:00,364.412973062,364.976715588,364.06002122,364.976715588,23585.0
2021-06-07 12:45:00,364.976715588,365.388492737,364.452189933,364.638470072,20583.0
2021-06-07 13:00:00,364.56003633,365.540458114,364.344343537,365.540458114,20320.0
2021-06-07 13:15:00,365.4228075,365.530653896,364.873771301,365.045345113,35967.0
2021-06-07 13:30:00,364.971813479,365.128680965,364.300224557,364.697295379,17025.0
2021-06-07 13:45:00,364.814945994,365.099268311,364.207084487,364.403168844,23194.0
2021-06-07 14:00:00,364.461994151,364.726708033,363.952174823,364.236497141,15156.0
2021-06-07 14:15:00,364.366501069,364.481602587,364.109042309,364.305126666,14038.0
2021-06-07 14:30:00,364.334539319,364.687491162,364.265909794,364.668372937,15667.0
2021-06-07 14:45:00,364.653176399,364.883575518,364.187476051,364.427679389,23946.0
2021-06-07 15:00:00,364.412973062,364.863967083,364.28551823,364.667882726,15788.0
2021-06-07 15:15:00,364.814945994,365.118876747,364.246301359,364.411796556,27301.0
2021-06-07 15:30:00,364.324735101,364.56003633,363.854132645,364.020804348,28181.0
2021-06-07 15:45:00,364.030608566,364.912988172,363.981587477,364.805141776,43365.0
2021-06-07 16:00:00,364.780631231,365.4228075,364.14825918,364.775729122,131719.0
2021-06-07 16:15:00,364.56003633,364.56003633,364.56003633,364.56003633,39836.0
2021-06-07 16:45:00,364.56003633,364.56003633,364.56003633,364.56003633,118.0
2021-06-07 19:15:00,364.716903815,364.716903815,364.716903815,364.716903815,300.0
2021-06-08 09:30:00,364.207084487,364.207084487,364.207084487,364.207084487,235.0
2021-06-08 09:45:00,364.756120686,365.573498328,363.118816306,363.34627416,25387.0
2021-06-08 10:00:00,363.530593456,363.805111556,363.138424742,363.177641614,13433.0
2021-06-08 10:15:00,363.403138624,363.697265159,363.309998554,363.520789238,15735.0
2021-06-08 10:30:00,363.471768149,363.569810327,362.986459366,363.334509099,18598.0
2021-06-08 10:45:00,363.040382564,363.764914262,363.040382564,363.51098502,21662.0
2021-06-08 11:00:00,363.452159713,363.677656724,363.256075356,363.560006109,15804.0
2021-06-08 11:15:00,363.658048288,363.932566388,363.216858485,363.246271138,9232.0
2021-06-08 11:30:00,363.069795217,363.10410998,360.922671509,361.432490837,48433.0
2021-06-08 11:45:00,361.324644441,362.638409632,361.167776955,362.638409632,17979.0
2021-06-08 12:00:00,362.756060246,363.045284673,362.446541089,362.496248473,17419.0
2021-06-08 12:15:00,362.57801565,363.118816306,362.569780107,362.708019579,12231.0
2021-06-08 12:30:00,362.814885553,363.412942842,362.520759018,363.118816306,19786.0
2021-06-08 12:45:00,363.069795217,363.14822896,362.334478879,362.599192761,15528.0
2021-06-08 13:00:00,362.569780107,362.630370173,361.707008937,361.952114383,15822.0
2021-06-08 13:15:00,361.834463769,362.030548126,361.726617373,361.863876422,13325.0
2021-06-08 13:30:00,362.2364367,362.256045136,361.844267987,362.01093969,14503.0
2021-06-08 13:45:00,361.981527036,362.55507378,361.981527036,362.256045136,12483.0
2021-06-08 14:00:00,362.177611393,362.256045136,361.854072205,361.981527036,14624.0
2021-06-08 14:15:00,362.079569215,362.2364367,361.922701729,362.143296631,12154.0
2021-06-08 14:30:00,362.177611393,362.731549702,362.030548126,362.599192761,12907.0
2021-06-08 14:45:00,362.618801196,362.618801196,362.334478879,362.550171671,13990.0
2021-06-08 15:00:00,362.540367454,362.589388543,362.37369575,362.403108404,17791.0
2021-06-08 15:15:00,362.422716839,362.618801196,362.37369575,362.608996979,20332.0
2021-06-08 15:30:00,362.630762342,363.64824407,362.618801196,363.64824407,18928.0
2021-06-08 15:45:00,363.569810327,363.638439852,363.28548801,363.579614545,31918.0
2021-06-08 16:00:00,363.540397674,363.981587477,363.481572367,363.844328427,80149.0
2021-06-08 16:15:00,363.844328427,363.844328427,363.844328427,363.844328427,6498.0
2021-06-08 17:00:00,363.844328427,363.844328427,363.844328427,363.844328427,275.0
2021-06-09 09:45:00,363.844328427,364.432581498,361.78544268,362.432521057,24726.0
2021-06-09 10:00:00,362.275653572,362.324674661,361.422686619,361.461903491,13787.0
2021-06-09 10:15:00,361.432490837,363.824719991,361.432490837,363.824719991,17327.0
2021-06-09 10:30:00,363.814915773,364.153161289,363.765894684,364.069825437,20565.0
2021-06-09 10:45:00,364.275714012,364.609057419,363.81658249,363.81658249,8644.0
2021-06-09 11:00:00,364.01100013,365.501241243,364.01100013,365.501241243,19180.0
2021-06-09 11:15:00,365.442415936,365.569870768,364.907007599,365.265940014,15130.0
2021-06-09 11:30:00,365.1482894,365.1482894,363.814915773,364.091884928,30575.0
2021-06-09 11:45:00,364.030608566,364.118846527,363.908055843,363.908055843,8147.0
2021-06-09 12:00:00,363.971783259,364.020804348,363.363921753,363.416864529,10293.0
2021-06-09 12:15:00,363.442355495,363.805111556,363.236466921,363.344313317,10394.0
2021-06-09 12:30:00,363.334509099,364.109042309,363.334509099,364.06002122,8015.0
2021-06-09 12:45:00,364.01100013,364.069825437,363.697265159,363.952174823,11180.0
2021-06-09 13:00:00,363.942370605,364.069825437,363.765894684,363.765894684,10872.0
2021-06-09 13:15:00,363.653146179,363.92276217,363.653146179,363.854132645,12841.0
2021-06-09 13:30:00,363.854132645,363.952174823,363.295292228,363.540397674,13167.0
2021-06-09 13:45:00,363.531868004,363.618831417,363.314900663,363.392844195,10735.0
2021-06-09 14:00:00,363.412942842,363.619811838,363.363921753,363.520789238,9419.0
2021-06-09 14:15:00,363.452159713,363.628635634,363.256075356,363.589418763,14299.0
2021-06-09 14:30:00,363.643341961,364.015902239,363.471768149,364.001195912,13251.0
2021-06-09 14:45:00,363.912957952,364.540427894,363.814915773,364.403168844,15909.0
2021-06-09 15:00:00,364.540427894,364.736512251,364.256105576,364.736512251,20858.0
2021-06-09 15:15:00,364.64827429,365.074757766,364.373756191,364.756120686,26625.0
2021-06-09 15:30:00,364.731610142,365.207114707,364.716903815,364.912988172,35343.0
2021-06-09 15:45:00,364.824750211,365.471828589,364.626705011,365.393394846,54775.0
2021-06-09 16:00:00,365.295352668,365.667912946,364.92279239,365.314961104,110205.0
2021-06-09 16:15:00,365.305156886,365.305156886,365.305156886,365.305156886,33506.0
2021-06-10 09:45:00,367.658169168,368.305247546,366.726768473,366.726768473,34771.0
2021-06-10 10:00:00,366.716964255,367.148251798,365.354177975,365.462024371,25435.0
2021-06-10 10:15:00,365.555164441,366.491467245,364.736512251,364.844358647,20875.0
2021-06-10 10:30:00,364.87867341,365.594381312,364.64827429,365.015932459,27619.0
2021-06-10 10:45:00,365.06005144,365.413003282,364.540427894,364.746316469,22222.0
2021-06-10 11:00:00,364.623763746,364.736512251,363.638439852,364.19237816,20352.0
2021-06-10 11:15:00,364.226692923,364.756120686,363.903153734,363.92276217,21103.0
2021-06-10 11:30:00,363.952174823,364.677686944,363.810013664,364.550232112,14210.0
2021-06-10 11:45:00,364.555134221,364.854162865,364.359049864,364.501211023,16086.0
2021-06-10 12:00:00,364.550232112,364.947302934,364.501211023,364.638470072,11737.0
2021-06-10 12:15:00,364.658078508,364.912988172,364.069825437,364.069825437,14231.0
2021-06-10 12:30:00,364.025706457,364.398266735,364.025706457,364.14825918,10244.0
2021-06-10 12:45:00,364.305126666,364.859064974,364.270811903,364.697295379,12744.0
2021-06-10 13:00:00,364.599253201,365.177702054,364.535525785,365.177702054,10239.0
2021-06-10 13:15:00,365.158093618,365.295352668,364.859064974,365.047796167,12831.0
2021-06-10 13:30:00,365.079659875,365.192408381,364.471798369,364.471798369,9645.0
2021-06-10 13:45:00,364.579644765,364.672784835,364.368854082,364.579644765,14042.0
2021-06-10 14:00:00,364.628665854,364.658078508,364.393364626,364.550232112,10707.0
2021-06-10 14:15:00,364.589448983,364.677686944,363.775698902,363.942370605,29621.0
2021-06-10 14:30:00,363.878643189,364.143357071,363.756090466,364.118846527,20774.0
2021-06-10 14:45:00,364.118846527,364.589448983,364.074727546,364.481602587,21962.0
2021-06-10 15:00:00,364.403168844,365.099268311,364.344343537,365.035540895,18983.0
2021-06-10 15:15:00,365.040443004,365.432611718,364.996324024,365.359080084,21139.0
2021-06-10 15:30:00,365.37868852,365.903214174,365.37868852,365.824780432,26991.0
2021-06-10 15:45:00,365.805171996,366.099298531,364.932596608,365.006128242,39215.0
2021-06-10 16:00:00,364.947302934,365.707129817,364.912988172,365.236527361,114524.0
2021-06-10 16:15:00,365.216918925,365.216918925,365.216918925,365.216918925,20256.0
2021-06-11 09:45:00,366.56009677,366.56009677,364.962009261,365.834584649,20516.0
2021-06-11 10:00:00,365.373786411,365.373786411,364.716903815,365.089464093,9997.0
2021-06-11 10:15:00,365.167897836,365.207114707,364.050217002,364.324735101,12446.0
2021-06-11 10:30:00,364.295322448,364.344343537,363.040382564,363.236466921,12268.0
2021-06-11 10:45:00,363.207054267,363.42274706,362.952144603,363.172739505,13160.0
2021-06-11 11:00:00,363.275683792,363.991391695,363.256075356,363.491376585,15266.0
2021-06-11 11:15:00,363.37372597,364.702197488,363.37372597,364.702197488,14409.0
2021-06-11 11:30:00,364.780631231,365.819878323,364.780631231,365.819878323,21473.0
2021-06-11 11:45:00,365.863997303,366.118906967,365.628696075,365.834584649,15417.0
2021-06-11 12:00:00,365.947333155,366.011060571,365.579674985,365.584577094,14864.0
2021-06-11 12:15:00,365.398296955,365.707129817,364.962009261,365.368884302,8738.0
2021-06-11 12:30:00,365.373786411,365.810074105,365.373786411,365.628696075,13023.0
2021-06-11 12:45:00,365.658108728,366.118906967,365.363982193,366.089494313,20152.0
2021-06-11 13:00:00,366.236557581,366.765985345,366.216949145,366.491467245,18915.0
2021-06-11 13:15:00,366.462054591,366.795397998,366.314991324,366.550292552,17726.0
2021-06-11 13:30:00,366.37871874,367.109132969,366.368914522,366.609117859,17620.0
2021-06-11 13:45:00,366.462054591,366.883635959,366.109102749,366.765985345,19290.0
2021-06-11 14:00:00,366.765985345,367.266000455,366.7414748,366.839516978,16975.0
2021-06-11 14:15:00,366.971873919,367.481693247,366.864027523,367.216979365,23579.0
2021-06-11 14:30:00,367.050307662,367.266000455,366.69735582,367.079720316,22150.0
2021-06-11 14:45:00,367.020895009,367.383651069,366.844419087,367.079720316,21741.0
2021-06-11 15:00:00,366.996384464,367.177762494,366.78559378,367.020895009,18909.0
2021-06-11 15:15:00,366.971873919,367.42286794,366.932657048,367.275804673,23149.0
2021-06-11 15:30:00,367.315021544,367.579735426,366.765985345,367.099328751,25686.0
2021-06-11 15:45:00,367.094426642,367.540518554,366.913048612,367.383651069,34177.0
2021-06-11 16:00:00,367.393455287,368.19740115,367.295413108,367.736602911,103286.0
2021-06-11 16:15:00,367.716994476,367.716994476,367.716994476,367.716994476,25477.0
2021-06-11 16:45:00,367.716994476,367.716994476,367.716994476,367.716994476,432.0
2021-06-14 08:15:00,369.226844024,369.226844024,369.226844024,369.226844024,101.0
2021-06-14 08:45:00,368.148380061,368.148380061,368.148380061,368.148380061,100.0
2021-06-14 09:45:00,365.158093618,365.78556356,363.01096991,364.481602587,63220.0
2021-06-14 10:00:00,364.256105576,364.256105576,363.040382564,363.207054267,27823.0
2021-06-14 10:15:00,363.354117535,363.942370605,362.481542147,362.481542147,22384.0
2021-06-14 10:30:00,362.481542147,363.341274009,362.177611393,362.324674661,22770.0
2021-06-14 10:45:00,362.471737929,363.172739505,362.265849354,363.086952598,21105.0
2021-06-14 11:00:00,363.216858485,363.334509099,362.756060246,362.957046712,19969.0
2021-06-14 11:15:00,362.942340385,364.187476051,362.942340385,363.697265159,21352.0
2021-06-14 11:30:00,363.609027199,363.609027199,362.883515078,363.025676237,20765.0
2021-06-14 11:45:00,363.030578346,363.613929308,362.7854729,363.020774128,32474.0
2021-06-14 12:00:00,363.089403653,363.442355495,362.863906642,363.265879574,11172.0
2021-06-14 12:15:00,363.231564812,363.687460941,362.903123514,363.51098502,19422.0
2021-06-14 12:30:00,363.540397674,363.579614545,362.765864464,362.863906642,14441.0
2021-06-14 12:45:00,362.863906642,363.28548801,362.608996979,363.262840267,19226.0
2021-06-14 13:00:00,363.270781683,363.344313317,362.834493989,363.050186782,16733.0
2021-06-14 13:15:00,363.059990999,363.226662703,362.87371086,362.961948821,10846.0
2021-06-14 13:30:00,362.971753039,363.324704881,362.854102425,363.324704881,14793.0
2021-06-14 13:45:00,363.344313317,363.412942842,363.226662703,363.354117535,18266.0
2021-06-14 14:00:00,363.403138624,363.461963931,363.187445831,363.461963931,14562.0
2021-06-14 14:15:00,363.344313317,363.461963931,362.849200316,362.854102425,28080.0
2021-06-14 14:30:00,362.775668682,363.903153734,362.559975889,363.903153734,30720.0
2021-06-14 14:45:00,363.863936863,363.92276217,363.246271138,363.256075356,20600.0
2021-06-14 15:00:00,363.354117535,364.236497141,363.332058045,364.069825437,19452.0
2021-06-14 15:15:00,364.1041402,364.236497141,363.790405229,364.128650744,19686.0
2021-06-14 15:30:00,364.14825918,364.14825918,363.667852506,363.932566388,20044.0
2021-06-14 15:45:00,363.932566388,364.883575518,363.92276217,364.412973062,35591.0
2021-06-14 16:00:00,364.412973062,365.040443004,364.158063398,364.952205043,83114.0
2021-06-14 16:15:00,364.942400826,364.942400826,364.942400826,364.942400826,80413.0
2021-06-15 09:30:00,364.942400826,367.687581822,364.942400826,367.089524533,1765.0
2021-06-15 09:45:00,368.050337882,368.913109053,366.898342285,367.079720316,55139.0
2021-06-15 10:00:00,367.339532088,367.540518554,366.452250374,367.427770049,18799.0
2021-06-15 10:15:00,367.638560733,368.128771625,367.393455287,367.795428218,18984.0
2021-06-15 10:30:00,367.83464509,369.579795866,367.83464509,369.579795866,27387.0
2021-06-15 10:45:00,369.619012737,369.619012737,367.413063722,367.481693247,23973.0
2021-06-15 11:00:00,367.246392019,367.246392019,366.550292552,367.050307662,16053.0
2021-06-15 11:15:00,367.165605264,367.707190258,367.006188682,367.540518554,13439.0
2021-06-15 11:30:00,367.628756515,367.795428218,367.393455287,367.462084812,12027.0
2021-06-15 11:45:00,367.182664603,367.873861961,366.839516978,367.746407129,12402.0
2021-06-15 12:00:00,367.726798693,367.815036654,367.177762494,367.815036654,17022.0
2021-06-15 12:15:00,367.913078832,368.658199389,367.726798693,368.569961428,15052.0
2021-06-15 12:30:00,368.574275284,368.883696399,368.47191925,368.618982517,14753.0
2021-06-15 12:45:00,368.736633131,368.736633131,368.28563911,368.540548774,9788.0
2021-06-15 13:00:00,368.658199389,368.707220478,368.329758091,368.540548774,11301.0
2021-06-15 13:15:00,368.491527685,368.628786735,368.256226457,368.486625576,15359.0
2021-06-15 13:30:00,368.452310814,368.579765646,368.28563911,368.47191925,13485.0
2021-06-15 13:45:00,368.501331903,368.56015721,368.315051764,368.56015721,15576.0
2021-06-15 14:00:00,368.47191925,368.898402726,368.383779331,368.584667755,14971.0
2021-06-15 14:15:00,368.785654221,369.236648241,368.726828913,369.148410281,13167.0
2021-06-15 14:30:00,369.148410281,369.236648241,368.903304835,369.187627152,19562.0
2021-06-15 14:45:00,369.217039806,369.217039806,368.903304835,369.06017232,15980.0
2021-06-15 15:00:00,369.069976538,369.981768798,368.937619597,369.770978114,20916.0
2021-06-15 15:15:00,369.751369678,369.83470553,369.109193409,369.163116608,27943.0
2021-06-15 15:30:00,369.207235588,369.47194947,368.795458438,368.844479528,25193.0
2021-06-15 15:45:00,368.805262656,368.814968832,367.942491486,368.15328217,38987.0
2021-06-15 16:00:00,368.158184279,368.315051764,367.545420663,367.658169168,108573.0
2021-06-15 16:15:00,367.658169168,367.658169168,367.658169168,367.658169168,9345.0
2021-06-16 09:45:00,370.775910443,370.775910443,368.001316793,369.275865113,76195.0
2021-06-16 10:00:00,369.275865113,369.579795866,368.19740115,369.236648241,23465.0
2021-06-16 10:15:00,369.373907291,370.305307986,368.996444904,369.148410281,32440.0
2021-06-16 10:30:00,369.207235588,369.864118183,368.413093942,369.726859134,22766.0
2021-06-16 10:45:00,369.726859134,370.19746159,369.42292838,370.128832065,20833.0
2021-06-16 11:00:00,370.187657372,370.508941591,369.736663351,370.508941591,24322.0
2021-06-16 11:15:00,370.511196561,370.511196561,369.364103073,369.408222054,20445.0
2021-06-16 11:30:00,368.883696399,369.256256677,367.69738604,368.520940339,15754.0
2021-06-16 11:45:00,368.589569864,368.952325924,368.118967407,368.163086387,16967.0
2021-06-16 12:00:00,367.962099922,368.746437349,367.775819783,368.501331903,18205.0
2021-06-16 12:15:00,368.413093942,368.491527685,367.962099922,368.19740115,20696.0
2021-06-16 12:30:00,368.148380061,368.324855982,367.707190258,367.854253525,16448.0
2021-06-16 12:45:00,367.766015565,367.962099922,367.599343861,367.599343861,15495.0
2021-06-16 13:00:00,367.550322772,367.618952297,366.756181127,367.130702248,13063.0
2021-06-16 13:15:00,367.138545623,367.324825762,366.716964255,366.991482355,11779.0
2021-06-16 13:30:00,367.094426642,367.094426642,366.275872495,366.413033502,14442.0
2021-06-16 13:45:00,366.334599759,366.942461266,366.275774452,366.305481232,18661.0
2021-06-16 14:00:00,366.305187106,367.207175148,366.079690095,366.937559157,17296.0
2021-06-16 14:15:00,366.83461487,366.83461487,364.618861637,365.756150907,30205.0
2021-06-16 14:30:00,365.530653896,365.530653896,364.373756191,364.991421915,29580.0
2021-06-16 14:45:00,364.863967083,365.981647917,364.697295379,365.118876747,24587.0
2021-06-16 15:00:00,365.020834568,365.962039481,364.92279239,365.64830451,27915.0
2021-06-16 15:15:00,365.471828589,365.540458114,365.069855657,365.246331579,28408.0
2021-06-16 15:30:00,365.256135797,365.5011432,364.569840547,364.643372181,34297.0
2021-06-16 15:45:00,364.736512251,365.883605739,364.716903815,365.628696075,56602.0
2021-06-16 16:00:00,365.609087639,365.609087639,364.393364626,364.92279239,91472.0
2021-06-16 16:15:00,364.92279239,364.92279239,364.92279239,364.92279239,6533.0
2021-06-16 16:45:00,364.92279239,364.92279239,364.92279239,364.92279239,151.0
2021-06-17 08:45:00,364.716903815,364.716903815,364.716903815,364.716903815,370.0
2021-06-17 09:45:00,365.932626828,366.569900988,364.471798369,364.609057419,26929.0
2021-06-17 10:00:00,364.584546874,364.707099597,362.746256028,363.275683792,25427.0
2021-06-17 10:15:00,363.072344314,363.961979041,363.072344314,363.339411208,22143.0
2021-06-17 10:30:00,363.099207871,363.849230536,362.491346364,362.491346364,23648.0
2021-06-17 10:45:00,362.530563236,364.378658299,362.481542147,363.324704881,25762.0
2021-06-17 11:00:00,363.491376585,363.550201892,361.952114383,362.275653572,18568.0
2021-06-17 11:15:00,362.030548126,362.473894857,361.157972738,361.157972738,24133.0
2021-06-17 11:30:00,361.363861312,361.87368064,361.256014916,361.814855333,16410.0
2021-06-17 11:45:00,361.805051115,362.069764997,361.09914743,361.305036005,18189.0
2021-06-17 12:00:00,361.28542757,361.569749887,360.452069053,360.854041984,20072.0
2021-06-17 12:15:00,360.755999806,360.785412459,360.206963607,360.765804024,20957.0
2021-06-17 12:30:00,360.589328103,360.618740756,359.128499644,359.456940942,22966.0
2021-06-17 12:45:00,359.265758694,359.755969586,359.030457465,359.589297882,27510.0
2021-06-17 13:00:00,359.667731625,360.157942517,359.187324951,360.157942517,27072.0
2021-06-17 13:15:00,360.275593132,360.883454638,360.23637626,360.437362726,16248.0
2021-06-17 13:30:00,360.295201567,361.030517906,360.206963607,361.015811579,16233.0
2021-06-17 13:45:00,361.01090947,361.412882402,360.893258856,360.893258856,15033.0
2021-06-17 14:00:00,360.834433549,360.883454638,360.177550953,360.59913232,17437.0
2021-06-17 14:15:00,360.608936538,360.932475727,360.305005785,360.657957627,18699.0
2021-06-17 14:30:00,360.638349192,360.775608242,360.069704557,360.653055519,17208.0
2021-06-17 14:45:00,360.59913232,361.403078184,360.584425994,361.030517906,23397.0
2021-06-17 15:00:00,360.883454638,361.138364302,360.491285924,361.089343213,14609.0
2021-06-17 15:15:00,361.177581173,362.041136681,361.177581173,362.041136681,14722.0
2021-06-17 15:30:00,362.020743908,362.481542147,361.893289076,362.138394522,20574.0
2021-06-17 15:45:00,362.187415611,363.128620524,362.14819874,362.834493989,31007.0
2021-06-17 16:00:00,362.790375009,362.903123514,361.344252877,361.589358323,92257.0
2021-06-17 16:15:00,361.481511926,361.481511926,361.481511926,361.481511926,9182.0
2021-06-18 09:45:00,358.755939366,360.530502795,358.089252552,360.197159389,210492.0
2021-06-18 10:00:00,360.314810003,360.726587152,359.471647268,360.51089436,25500.0
2021-06-18 10:15:00,360.354026874,361.069734777,358.853981544,360.432460617,29200.0
2021-06-18 10:30:00,360.452069053,360.495207611,359.628514754,360.01087925,18405.0
2021-06-18 10:45:00,359.942249725,360.579523885,359.265758694,360.295201567,24221.0
2021-06-18 11:00:00,360.295201567,360.363831092,359.961858161,360.040291903,21091.0
2021-06-18 11:15:00,360.035389794,360.59913232,359.46184305,360.37363531,23673.0
2021-06-18 11:30:00,360.358928983,360.628544974,359.971662378,360.206963607,23748.0
2021-06-18 11:45:00,360.461873271,361.863876422,360.432460617,361.596711486,33174.0
2021-06-18 12:00:00,361.623673085,362.177611393,361.314840223,361.314840223,27860.0
2021-06-18 12:15:00,361.275623352,361.726617373,360.814825113,361.226602262,19626.0
2021-06-18 12:30:00,361.216798045,361.942310165,361.187385391,361.584456214,22541.0
2021-06-18 12:45:00,361.579554105,361.613868867,360.657957627,360.814825113,26290.0
2021-06-18 13:00:00,360.716782935,361.020713688,360.226572042,360.354026874,21931.0
2021-06-18 13:15:00,360.37363531,361.001105252,360.138334082,361.001105252,17004.0
2021-06-18 13:30:00,361.118755866,361.177581173,360.246180478,360.706978717,24370.0
2021-06-18 13:45:00,360.863846202,361.432490837,360.849139875,360.87365042,25661.0
2021-06-18 14:00:00,360.795216677,361.559945669,360.295201567,361.23640648,29110.0
2021-06-18 14:15:00,361.09914743,361.628575194,360.863846202,361.363861312,22655.0
2021-06-18 14:30:00,361.393273966,362.059960779,361.138364302,361.812404279,18582.0
2021-06-18 14:45:00,361.638379412,362.01093969,361.393273966,361.78544268,18428.0
2021-06-18 15:00:00,361.795246897,362.197219829,361.569749887,362.108981868,31011.0
2021-06-18 15:15:00,362.118786086,362.697234939,361.795246897,362.697234939,28625.0
2021-06-18 15:30:00,362.633507523,362.991361474,361.765834244,361.942310165,52836.0
2021-06-18 15:45:00,361.893289076,362.334478879,360.961888381,361.138364302,68623.0
2021-06-18 16:00:00,361.059930559,362.432521057,359.922641289,360.001075032,209432.0
2021-06-18 16:15:00,360.001075032,360.001075032,360.001075032,360.001075032,184095.0
2021-06-18 16:45:00,360.001075032,360.001075032,360.001075032,360.001075032,1988.0
2021-06-18 17:00:00,360.775608242,360.775608242,360.775608242,360.775608242,100.0
2021-06-21 07:15:00,360.020683468,360.020683468,360.020683468,360.020683468,100.0
2021-06-21 09:15:00,359.814794893,359.814794893,359.804990675,359.804990675,650.0
2021-06-21 09:45:00,362.559975889,365.628696075,361.187385391,365.001226133,36553.0
2021-06-21 10:00:00,364.844358647,367.128741405,364.766022946,365.584577094,28154.0
2021-06-21 10:15:00,365.756150907,366.815006434,365.756150907,366.795397998,18211.0
2021-06-21 10:30:00,366.721866364,367.246392019,366.42283772,366.92285283,19432.0
2021-06-21 10:45:00,367.138545623,367.167958276,366.265970235,366.511075681,21783.0
2021-06-21 11:00:00,366.4669567,367.001286573,366.4669567,366.815006434,14271.0
2021-06-21 11:15:00,366.968344401,366.968344401,365.1131903,365.344373757,28658.0
2021-06-21 11:30:00,365.413003282,366.254009089,365.334569539,365.844388867,26120.0
2021-06-21 11:45:00,365.942431046,366.270872343,365.623793966,366.270872343,18792.0
2021-06-21 12:00:00,366.354208195,366.692453711,365.903214174,365.991452135,15215.0
2021-06-21 12:15:00,365.971843699,366.015962679,365.398296955,365.868899412,36930.0
2021-06-21 12:30:00,365.814976214,365.969686771,364.687491162,364.795337558,45655.0
2021-06-21 12:45:00,364.883575518,365.040443004,364.69239327,364.814945994,16160.0
2021-06-21 13:00:00,364.814945994,365.275744232,364.756120686,364.854162865,14979.0
2021-06-21 13:15:00,364.952205043,365.28554845,364.883575518,365.275744232,12534.0
2021-06-21 13:30:00,365.324765321,365.324765321,364.716903815,364.962009261,11068.0
2021-06-21 13:45:00,365.020834568,366.020864788,364.932596608,365.981647917,18090.0
2021-06-21 14:00:00,366.084592204,366.256166017,365.158093618,365.158093618,14982.0
2021-06-21 14:15:00,365.079659875,365.765955124,364.716903815,365.099268311,17365.0
2021-06-21 14:30:00,365.1482894,365.28554845,364.621802902,364.834554429,13234.0
2021-06-21 14:45:00,365.089464093,365.109072529,364.599253201,364.981617697,11396.0
2021-06-21 15:00:00,365.020834568,365.167897836,364.805141776,364.92279239,12587.0
2021-06-21 15:15:00,365.069855657,365.481632807,365.050247222,365.133583073,11530.0
2021-06-21 15:30:00,365.089464093,366.14831962,365.089464093,365.962039481,18283.0
2021-06-21 15:45:00,365.873801521,366.137142812,365.501241243,365.609087639,24873.0
2021-06-21 16:00:00,365.638500292,366.167928056,365.56006655,366.011060571,68415.0
2021-06-21 16:15:00,365.981647917,365.981647917,365.981647917,365.981647917,6475.0
2021-06-21 16:45:00,365.981647917,365.981647917,365.981647917,365.981647917,778.0
2021-06-21 19:45:00,365.991452135,365.991452135,365.991452135,365.991452135,157.0
2021-06-21 20:00:00,365.981647917,365.981647917,365.981647917,365.981647917,100.0
2021-06-22 09:45:00,367.050307662,367.050307662,365.020834568,365.584577094,17319.0
2021-06-22 10:00:00,365.354177975,365.452220153,363.819817882,364.113944418,10196.0
2021-06-22 10:15:00,364.393364626,365.118876747,363.805111556,364.883575518,12199.0
2021-06-22 10:30:00,365.01103035,365.256135797,364.363951973,364.363951973,15559.0
2021-06-22 10:45:00,364.461994151,364.74141436,364.167867616,364.471798369,15231.0
2021-06-22 11:00:00,364.618861637,365.413003282,364.432581498,365.413003282,15961.0
2021-06-22 11:15:00,365.501241243,365.981647917,364.96691137,365.68742334,18060.0
2021-06-22 11:30:00,365.672815055,366.187536492,365.305156886,365.672815055,18619.0
2021-06-22 11:45:00,365.759288256,366.187536492,365.464083257,365.599283421,10749.0
2021-06-22 12:00:00,365.628696075,365.677717164,365.10417042,365.10417042,5936.0
2021-06-22 12:15:00,365.040443004,365.187506272,364.814945994,364.893379736,8485.0
2021-06-22 12:30:00,364.903183954,365.1482894,364.74141436,364.854162865,10572.0
2021-06-22 12:45:00,364.736512251,364.736512251,364.363951973,364.363951973,10282.0
2021-06-22 13:00:00,364.42277728,364.805141776,364.324735101,364.677686944,15116.0
2021-06-22 13:15:00,364.667882726,365.413003282,364.564938439,365.275744232,12172.0
2021-06-22 13:30:00,365.216918925,365.344373757,365.1482894,365.314961104,8968.0
2021-06-22 13:45:00,365.236527361,365.532320613,365.167897836,365.383590629,11478.0
2021-06-22 14:00:00,365.28554845,365.464475426,365.099268311,365.363982193,7317.0
2021-06-22 14:15:00,365.314961104,365.324765321,364.907105641,365.128680965,7063.0
2021-06-22 14:30:00,365.030638786,365.305156886,364.609057419,364.94171453,11246.0
2021-06-22 14:45:00,364.903183954,365.37868852,364.756120686,365.37868852,15991.0
2021-06-22 15:00:00,365.39084575,365.725071536,365.267508689,365.599381463,7889.0
2021-06-22 15:15:00,365.599283421,366.368914522,365.599283421,366.359110304,9608.0
2021-06-22 15:30:00,366.295382888,366.491467245,365.756150907,366.457152482,6775.0
2021-06-22 15:45:00,366.457152482,366.56009677,365.775759342,365.791446091,14284.0
2021-06-22 16:00:00,365.805171996,366.011060571,365.06005144,365.128680965,47040.0
2021-06-22 16:15:00,365.275744232,365.275744232,365.275744232,365.275744232,12160.0
2021-06-23 09:45:00,365.295352668,365.295352668,362.883515078,363.363921753,31474.0
2021-06-23 10:00:00,363.501180802,363.501180802,361.697204719,361.697204719,22230.0
2021-06-23 10:15:00,361.775638462,361.981527036,361.481511926,361.550141451,13646.0
2021-06-23 10:30:00,361.707008937,362.275653572,361.520728798,361.520728798,15818.0
2021-06-23 10:45:00,361.599162541,362.658018068,360.903063074,362.393304186,21609.0
2021-06-23 11:00:00,362.550171671,362.814885553,362.2364367,362.559975889,18106.0
2021-06-23 11:15:00,362.608996979,363.295292228,362.354087315,362.716843375,19473.0
2021-06-23 11:30:00,362.736451811,363.658048288,362.667822286,363.579614545,14470.0
2021-06-23 11:45:00,363.486474476,363.634714249,362.854102425,362.863906642,18359.0
2021-06-23 12:00:00,362.780570791,363.525691347,362.697234939,363.305096445,25352.0
2021-06-23 12:15:00,363.158033178,363.240388608,362.64821385,363.216858485,27051.0
2021-06-23 12:30:00,363.236466921,363.236466921,362.726647593,362.942340385,11892.0
2021-06-23 12:45:00,362.92273195,363.020774128,362.60409487,362.756060246,11939.0
2021-06-23 13:00:00,362.746256028,362.824689771,362.297713062,362.667822286,25597.0
2021-06-23 13:15:00,362.765864464,363.040382564,362.506052691,363.040382564,12090.0
2021-06-23 13:30:00,363.099207871,363.295292228,363.001165692,363.256075356,13048.0
2021-06-23 13:45:00,363.265879574,363.305096445,362.971753039,363.167837396,13116.0
2021-06-23 14:00:00,363.226662703,363.579614545,363.197250049,363.520789238,9729.0
2021-06-23 14:15:00,363.412942842,363.628635634,363.226662703,363.618831417,11519.0
2021-06-23 14:30:00,363.618831417,363.957076932,363.334509099,363.957076932,17883.0
2021-06-23 14:45:00,363.952174823,364.084531764,363.658048288,363.854132645,15360.0
2021-06-23 15:00:00,363.87374108,364.015902239,363.697265159,364.015902239,16714.0
2021-06-23 15:15:00,364.001195912,364.24139925,363.942370605,364.207084487,18977.0
2021-06-23 15:30:00,364.158063398,364.216888705,363.638439852,364.216888705,27161.0
2021-06-23 15:45:00,364.197280269,364.501211023,364.118846527,364.491406805,31366.0
2021-06-23 16:00:00,364.363951973,364.432581498,362.87371086,363.059990999,97841.0
2021-06-23 16:15:00,363.030578346,363.030578346,363.030578346,363.030578346,8815.0
2021-06-24 09:45:00,364.775729122,364.775729122,361.28542757,361.599162541,37014.0
2021-06-24 10:00:00,361.863876422,363.001165692,361.775638462,361.981527036,24159.0
2021-06-24 10:15:00,361.589358323,361.633477303,360.893258856,361.246210698,20073.0
2021-06-24 10:30:00,361.334448659,362.814885553,361.28542757,362.481542147,31887.0
2021-06-24 10:45:00,362.569780107,362.997342047,362.287222549,362.824689771,15934.0
2021-06-24 11:00:00,362.746256028,362.795277118,361.432490837,361.432490837,47595.0
2021-06-24 11:15:00,361.638379412,361.87368064,361.246210698,361.256014916,22311.0
2021-06-24 11:30:00,361.040322123,361.14816852,360.344222656,360.471677488,16961.0
2021-06-24 11:45:00,360.416773868,361.118755866,360.416773868,361.118755866,11888.0
2021-06-24 12:00:00,361.139148639,362.363891532,361.139148639,361.37366553,30634.0
2021-06-24 12:15:00,361.393273966,361.412882402,360.785412459,360.854041984,17590.0
2021-06-24 12:30:00,360.559915449,361.197189609,360.559915449,360.981496816,9152.0
2021-06-24 12:45:00,360.976594707,361.87368064,360.834433549,361.854072205,10708.0
2021-06-24 13:00:00,361.922701729,362.834493989,361.922701729,362.775668682,9249.0
2021-06-24 13:15:00,362.687430721,363.030578346,362.599192761,363.030578346,7369.0
2021-06-24 13:30:00,363.020774128,363.677656724,362.981557257,363.172739505,21937.0
2021-06-24 13:45:00,363.153131069,363.550201892,363.115482872,363.550201892,8280.0
2021-06-24 14:00:00,363.530593456,364.020804348,363.356666631,363.901683101,14908.0
2021-06-24 14:15:00,363.971783259,363.971783259,363.118816306,363.118816306,15515.0
2021-06-24 14:30:00,363.069795217,363.207054267,363.01096991,363.079599435,9442.0
2021-06-24 14:45:00,363.118816306,363.187445831,362.780570791,362.971753039,16666.0
2021-06-24 15:00:00,363.187445831,363.187445831,362.7854729,362.849200316,12698.0
2021-06-24 15:15:00,362.824689771,363.079599435,361.687400501,361.687400501,17166.0
2021-06-24 15:30:00,361.765834244,362.197219829,361.579554105,361.932505947,30944.0
2021-06-24 15:45:00,361.991331254,362.618801196,361.991331254,362.177611393,21071.0
2021-06-24 16:00:00,362.177611393,362.476640038,361.805051115,362.442325275,65991.0
2021-06-24 16:15:00,362.442325275,362.442325275,362.442325275,362.442325275,7820.0
2021-06-25 09:00:00,361.775638462,361.775638462,361.775638462,361.775638462,458.0
2021-06-25 09:45:00,361.775638462,362.403108404,360.854041984,362.020743908,38287.0
2021-06-25 10:00:00,362.020743908,364.452189933,361.844267987,363.51098502,11889.0
2021-06-25 10:15:00,363.633537743,365.300254777,363.007930603,365.030638786,20782.0
2021-06-25 10:30:00,365.040443004,365.491437025,364.770827013,365.158093618,16366.0
2021-06-25 10:45:00,365.089464093,365.246331579,364.528172622,364.673961341,22650.0
2021-06-25 11:00:00,364.746316469,365.417905391,364.638470072,365.06005144,15393.0
2021-06-25 11:15:00,365.128680965,365.589479203,364.775729122,364.824750211,15967.0
2021-06-25 11:30:00,364.952205043,365.020834568,364.667882726,364.765924904,11501.0
2021-06-25 11:45:00,364.765924904,364.824750211,364.236497141,364.344343537,12341.0
2021-06-25 12:00:00,364.310028775,364.805141776,364.305126666,364.736512251,9730.0
2021-06-25 12:15:00,364.761022795,364.969950678,364.569840547,364.932596608,10106.0
2021-06-25 12:30:00,364.976715588,365.555164441,364.893379736,365.324765321,11725.0
2021-06-25 12:45:00,365.388492737,365.413003282,364.893379736,365.055149331,11449.0
2021-06-25 13:00:00,365.099268311,365.398296955,365.087013039,365.398296955,8661.0
2021-06-25 13:15:00,365.324765321,365.447318045,365.079659875,365.079659875,8191.0
2021-06-25 13:30:00,364.893379736,365.324765321,364.893379736,365.165446781,12406.0
2021-06-25 13:45:00,365.110543162,365.40525795,365.110543162,365.226723143,9233.0
2021-06-25 14:00:00,365.408101173,365.413003282,364.962009261,365.001226133,11328.0
2021-06-25 14:15:00,364.795337558,364.962009261,364.461994151,364.550232112,10910.0
2021-06-25 14:30:00,364.584546874,364.893379736,364.520819458,364.82965232,10639.0
2021-06-25 14:45:00,364.814945994,365.109072529,364.589448983,365.109072529,18793.0
2021-06-25 15:00:00,365.074757766,365.265940014,364.805141776,365.064953549,13976.0
2021-06-25 15:15:00,365.064953549,365.60418553,364.962009261,365.314961104,19445.0
2021-06-25 15:30:00,365.261037905,365.638500292,365.204663653,365.373786411,22829.0
2021-06-25 15:45:00,365.339471648,365.589479203,365.089464093,365.481632807,36158.0
2021-06-25 16:00:00,365.457122262,368.0601421,365.256135797,365.883605739,307556.0
2021-06-25 16:15:00,366.001256353,366.001256353,366.001256353,366.001256353,670731.0
2021-06-25 16:45:00,366.001256353,366.001256353,366.001256353,366.001256353,241562.0
2021-06-25 20:00:00,364.716903815,366.001256353,364.716903815,366.001256353,266.0
2021-06-28 09:45:00,366.079690095,366.079690095,363.579614545,363.844328427,24744.0
2021-06-28 10:00:00,363.991391695,365.197310489,363.520789238,364.363951973,25156.0
2021-06-28 10:15:00,364.138454962,364.628665854,363.236466921,363.293037258,15224.0
2021-06-28 10:30:00,363.158033178,363.461963931,362.334478879,362.334478879,16344.0
2021-06-28 10:45:00,362.143296631,362.608996979,362.020743908,362.280555681,17022.0
2021-06-28 11:00:00,362.177611393,362.383499968,361.55504356,362.207024047,23418.0
2021-06-28 11:15:00,362.256045136,362.256045136,361.623673085,361.73642159,12832.0
2021-06-28 11:30:00,361.78544268,361.942310165,361.530533016,361.775638462,16467.0
2021-06-28 11:45:00,361.716813155,361.947212274,361.461119153,361.668772487,12408.0
2021-06-28 12:00:00,361.667792065,362.354087315,361.589358323,362.324674661,15878.0
2021-06-28 12:15:00,362.37369575,362.903123514,362.344283097,362.493797419,14010.0
2021-06-28 12:30:00,362.7854729,362.893319296,361.540337233,361.545239342,9239.0
2021-06-28 12:45:00,361.569749887,361.618770976,361.28542757,361.383469748,14017.0
2021-06-28 13:00:00,361.256014916,361.64818363,361.138364302,361.197189609,9699.0
2021-06-28 13:15:00,361.256014916,361.64818363,361.226602262,361.407980293,11788.0
2021-06-28 13:30:00,361.216798045,361.687400501,361.216798045,361.638379412,8313.0
2021-06-28 13:45:00,361.638379412,361.952114383,361.36376327,361.78544268,7552.0
2021-06-28 14:00:00,361.746225808,362.177611393,361.667792065,362.118786086,9945.0
2021-06-28 14:15:00,362.138394522,362.756060246,362.138394522,362.25624122,15669.0
2021-06-28 14:30:00,362.256045136,362.412912622,362.118786086,362.226632483,10321.0
2021-06-28 14:45:00,362.128590304,362.589388543,362.030548126,362.314870443,11944.0
2021-06-28 15:00:00,362.177611393,362.265849354,361.638379412,361.677596283,9469.0
2021-06-28 15:15:00,361.824659551,362.094275542,361.618770976,361.971722819,10045.0
2021-06-28 15:30:00,362.138394522,362.344773308,362.040352344,362.108981868,13590.0
2021-06-28 15:45:00,362.167807176,362.824689771,362.167807176,362.452129493,20550.0
2021-06-28 16:00:00,362.461933711,362.991361474,362.354087315,362.961948821,81217.0
2021-06-28 16:15:00,362.961948821,362.961948821,362.961948821,362.961948821,25317.0
2021-06-28 17:00:00,362.961948821,362.961948821,362.961948821,362.961948821,186.0
2021-06-29 09:45:00,362.569780107,363.969332204,362.403108404,362.7854729,27007.0
2021-06-29 10:00:00,362.775668682,363.246271138,362.241338809,362.942340385,16093.0
2021-06-29 10:15:00,362.903123514,363.570790749,362.746256028,363.452159713,13288.0
2021-06-29 10:30:00,363.609027199,363.618831417,362.981557257,363.256075356,8111.0
2021-06-29 10:45:00,363.452159713,363.562163037,362.756060246,362.854102425,7613.0
2021-06-29 11:00:00,362.854102425,363.001165692,362.589388543,362.677626503,16340.0
2021-06-29 11:15:00,362.559975889,362.559975889,361.814855333,362.040352344,12086.0
2021-06-29 11:30:00,361.883484858,362.275653572,361.442295055,361.442295055,11038.0
2021-06-29 11:45:00,361.530533016,361.64818363,360.716782935,360.716782935,16483.0
2021-06-29 12:00:00,360.824629331,361.024635375,359.942249725,360.187355171,31305.0
2021-06-29 12:15:00,360.187355171,360.657957627,360.172648844,360.177550953,19460.0
2021-06-29 12:30:00,360.157942517,360.157942517,358.265728473,358.304945345,41079.0
2021-06-29 12:45:00,358.246120038,359.01084903,358.001014592,358.106900144,29367.0
2021-06-29 13:00:00,358.059839899,358.59907188,358.040231463,358.157882077,23481.0
2021-06-29 13:15:00,358.182392622,358.182392622,357.000984371,357.079418114,28934.0
2021-06-29 13:30:00,357.108830768,357.167656075,356.540186133,356.672543074,31228.0
2021-06-29 13:45:00,356.618619876,356.648032529,356.049975241,356.422535519,30254.0
2021-06-29 14:00:00,356.471556608,356.540186133,356.123506874,356.246059597,25722.0
2021-06-29 14:15:00,356.373514429,357.520607917,356.373514429,357.128439203,21382.0
2021-06-29 14:30:00,357.020592807,357.020592807,356.363710212,356.402927083,24901.0
2021-06-29 14:45:00,356.402927083,356.402927083,354.363649771,354.481300385,44134.0
2021-06-29 15:00:00,354.491104603,355.059749238,354.138152761,354.677384742,49893.0
2021-06-29 15:15:00,354.579342564,354.760622552,353.667550304,353.765592483,34324.0
2021-06-29 15:30:00,353.677354522,354.650423143,353.304794244,354.608755217,37711.0
2021-06-29 15:45:00,354.608755217,354.618559435,353.608724997,353.638137651,51380.0
2021-06-29 16:00:00,353.667550304,354.035208474,352.951842402,353.108709887,152765.0
2021-06-29 16:15:00,353.255773155,353.255773155,353.255773155,353.255773155,86098.0
2021-06-29 19:30:00,353.922459968,353.922459968,353.834222008,353.834222008,205.0
2021-06-30 08:15:00,352.804779134,352.804779134,352.804779134,352.804779134,342.0
2021-06-30 09:15:00,352.91262553,352.91262553,352.91262553,352.91262553,140.0
2021-06-30 09:45:00,354.226390721,356.108800548,354.226390721,354.85503717,27198.0
2021-06-30 10:00:00,354.491104603,355.177399852,354.265607593,354.540125693,14022.0
2021-06-30 10:15:00,354.873469099,356.353905994,354.598951,356.202038659,16461.0
2021-06-30 10:30:00,356.344101776,356.510773479,355.795065577,356.275472251,16635.0
2021-06-30 10:45:00,356.559794568,357.46178261,356.491165044,356.942159064,16814.0
2021-06-30 11:00:00,356.834312668,357.402957303,356.295080687,356.726466272,14290.0
2021-06-30 11:15:00,356.6872494,356.989611479,356.32449334,356.32449334,9452.0
2021-06-30 11:30:00,356.299982796,357.073241457,356.040171023,356.932354847,11754.0
2021-06-30 11:45:00,356.883333757,357.481391046,356.863725322,357.138243421,15605.0
2021-06-30 12:00:00,357.177460293,357.177460293,356.6872494,356.814704232,9791.0
2021-06-30 12:15:00,356.746074708,357.079418114,356.667640965,356.82450845,7931.0
2021-06-30 12:30:00,356.872843244,357.407173117,356.706857836,357.304915125,7488.0
2021-06-30 12:45:00,357.393153085,357.765713363,357.37354465,357.481391046,7408.0
2021-06-30 13:00:00,357.550020571,357.579433224,357.157851857,357.246089818,8097.0
2021-06-30 13:15:00,357.255894035,357.37354465,356.795095797,356.922550629,6704.0
2021-06-30 13:30:00,356.893137975,357.079418114,356.706857836,356.991180154,7445.0
2021-06-30 13:45:00,357.020592807,357.020592807,356.47841956,356.64313042,9832.0
2021-06-30 14:00:00,356.638228311,356.765683143,356.363710212,356.765683143,9863.0
2021-06-30 14:15:00,356.726466272,356.912746411,356.564696677,356.912746411,12955.0
2021-06-30 14:30:00,356.912746411,356.937256955,356.628424093,356.657836747,14822.0
2021-06-30 14:45:00,356.697053618,356.697053618,356.197038508,356.197038508,11957.0
2021-06-30 15:00:00,356.18723429,356.605874392,356.14174272,356.442143954,9524.0
2021-06-30 15:15:00,356.486262935,356.627443672,356.285276469,356.451948172,11669.0
2021-06-30 15:30:00,356.530381915,356.754996546,355.922520409,356.177430073,17310.0
2021-06-30 15:45:00,356.069583676,356.363710212,355.618589655,356.363710212,26927.0
2021-06-30 16:00:00,356.32449334,357.108830768,355.991149933,356.265668033,90247.0
2021-06-30 16:15:00,356.314689122,356.314689122,356.314689122,356.314689122,47531.0
2021-06-30 16:45:00,356.314689122,356.314689122,356.314689122,356.314689122,1025.0
2021-07-01 09:45:00,357.393153085,357.922580849,356.275472251,357.530412135,24757.0
2021-07-01 10:00:00,357.608845878,357.971601938,357.030397025,357.393153085,19213.0
2021-07-01 10:15:00,357.275502471,357.667671185,356.87352954,357.09902655,25659.0
2021-07-01 10:30:00,357.09902655,358.834373108,357.09902655,358.148077859,20830.0
2021-07-01 10:45:00,358.108860988,358.893198415,357.82453867,358.746135148,8419.0
2021-07-01 11:00:00,358.579463444,358.834373108,358.432400177,358.765743583,9497.0
2021-07-01 11:15:00,358.883394198,359.618710536,358.829470999,359.618710536,12575.0
2021-07-01 11:30:00,359.692536296,359.893228636,359.128499644,359.854011764,16151.0
2021-07-01 11:45:00,359.854011764,360.107450796,359.344192436,359.407919852,14558.0
2021-07-01 12:00:00,359.51086414,359.614788849,359.295171347,359.295171347,6985.0
2021-07-01 12:15:00,359.363800872,359.814794893,359.363800872,359.432430397,6097.0
2021-07-01 12:30:00,359.46184305,359.470176636,359.05496801,359.118695426,4671.0
2021-07-01 12:45:00,359.09908699,359.648123189,358.952023723,359.569689447,7537.0
2021-07-01 13:00:00,359.520668358,359.775578021,359.393213526,359.393213526,6060.0
2021-07-01 13:15:00,359.37360509,359.628514754,359.275562911,359.628514754,4955.0
2021-07-01 13:30:00,360.040291903,360.157942517,359.697144279,360.015781359,10272.0
2021-07-01 13:45:00,359.971662378,360.37363531,359.778029076,360.059900339,10462.0
2021-07-01 14:00:00,360.050096121,360.461873271,360.050096121,360.285397349,7835.0
2021-07-01 14:15:00,360.324614221,360.324614221,359.795186457,359.961858161,7518.0
2021-07-01 14:30:00,359.922641289,360.20353213,359.559885229,360.20353213,10385.0
2021-07-01 14:45:00,360.197159389,360.197159389,359.855090228,360.1481383,10348.0
2021-07-01 15:00:00,360.275593132,360.412852181,360.216767824,360.305005785,10286.0
2021-07-01 15:15:00,360.23637626,360.530502795,360.069704557,360.481481706,11672.0
2021-07-01 15:30:00,360.550111231,360.755999806,360.407950072,360.407950072,12199.0
2021-07-01 15:45:00,360.461873271,360.569719667,360.187355171,360.432460617,19024.0
2021-07-01 16:00:00,360.432460617,360.755999806,360.19225728,360.550111231,70917.0
2021-07-01 16:15:00,360.422656399,360.422656399,360.422656399,360.422656399,6412.0
2021-07-01 16:45:00,360.422656399,362.961948821,360.422656399,362.961948821,1142.0
2021-07-02 09:45:00,360.716782935,361.667792065,358.157391866,358.746135148,21373.0
2021-07-02 10:00:00,359.363800872,361.128560084,359.363800872,360.947182054,5861.0
2021-07-02 10:15:00,361.28542757,361.530533016,360.687370281,360.795216677,10048.0
2021-07-02 10:30:00,360.903063074,361.994664688,360.903063074,361.540337233,12959.0
2021-07-02 10:45:00,361.785344637,362.37369575,361.746225808,362.265849354,6843.0
2021-07-02 11:00:00,362.290359899,362.677626503,362.2364367,362.501150582,13443.0
2021-07-02 11:15:00,362.549877545,362.569780107,361.863876422,362.344283097,6207.0
2021-07-02 11:30:00,362.275653572,362.756060246,361.912897512,362.716843375,8745.0
2021-07-02 11:45:00,362.716843375,362.736451811,362.344283097,362.451149071,7665.0
2021-07-02 12:00:00,362.452129493,363.295292228,362.452129493,363.059990999,8454.0
2021-07-02 12:15:00,362.92273195,363.344313317,362.893319296,362.952144603,7309.0
2021-07-02 12:30:00,363.079599435,363.133522633,362.863906642,363.020774128,7857.0
2021-07-02 12:45:00,362.814885553,363.51098502,362.795277118,363.51098502,8092.0
2021-07-02 13:00:00,363.570496623,363.795307338,363.383530188,363.383530188,7528.0
2021-07-02 13:15:00,363.383530188,363.535495565,363.118816306,363.295292228,6541.0
2021-07-02 13:30:00,363.481572367,363.530593456,363.344313317,363.530593456,4534.0
2021-07-02 13:45:00,363.403138624,363.412942842,362.923418245,363.354117535,10307.0
2021-07-02 14:00:00,363.128620524,363.128620524,362.721745484,362.932536167,7392.0
2021-07-02 14:15:00,362.883515078,363.305096445,362.883515078,363.069795217,6061.0
2021-07-02 14:30:00,363.069795217,363.363921753,363.030480304,363.207054267,5990.0
2021-07-02 14:45:00,363.128620524,363.403138624,363.128620524,363.256075356,6699.0
2021-07-02 15:00:00,363.177641614,363.177641614,362.756060246,362.756060246,4684.0
2021-07-02 15:15:00,362.731549702,363.003126536,362.731549702,362.775668682,5065.0
2021-07-02 15:30:00,362.765864464,362.765864464,362.251143027,362.314870443,4074.0
2021-07-02 15:45:00,362.417814731,362.501150582,362.040352344,362.197219829,11024.0
2021-07-02 16:00:00,362.216828265,362.618801196,361.677596283,361.981527036,43152.0
2021-07-02 16:15:00,361.971722819,361.971722819,361.971722819,361.971722819,4215.0
2021-07-06 09:30:00,361.981527036,361.981527036,360.403047964,360.403047964,512.0
2021-07-06 09:45:00,360.824629331,360.824629331,358.834373108,358.834373108,20956.0
2021-07-06 10:00:00,358.834373108,359.37360509,358.59907188,359.37360509,11343.0
2021-07-06 10:15:00,359.118695426,359.275562911,356.795095797,356.795095797,21554.0
2021-07-06 10:30:00,356.559794568,356.6872494,355.648002309,356.270570142,17390.0
2021-07-06 10:45:00,356.069583676,357.2362856,356.035268914,356.398024974,15168.0
2021-07-06 11:00:00,356.549990351,356.82450845,356.157821637,356.579403004,23416.0
2021-07-06 11:15:00,356.481360826,356.804900015,355.893107755,356.804900015,17597.0
2021-07-06 11:30:00,356.760781034,357.272169037,356.510773479,356.569598786,10262.0
2021-07-06 11:45:00,356.922550629,357.618650096,356.922550629,357.618650096,8983.0
2021-07-06 12:00:00,357.819636561,358.667701405,357.677475403,358.589267662,12780.0
2021-07-06 12:15:00,358.363770652,359.020653247,358.030427245,359.020653247,10597.0
2021-07-06 12:30:00,359.128499644,359.834403329,359.05496801,359.687340061,14012.0
2021-07-06 12:45:00,359.452038833,359.46184305,358.87358998,358.893198415,8194.0
2021-07-06 13:00:00,359.020653247,359.246150258,358.589267662,359.246150258,7284.0
2021-07-06 13:15:00,359.304975565,359.755969586,359.197129169,359.589297882,7883.0
2021-07-06 13:30:00,359.550081011,359.677535843,359.143205971,359.422626179,15574.0
2021-07-06 13:45:00,359.363800872,360.079508775,359.363800872,359.716752714,10549.0
2021-07-06 14:00:00,359.638318972,360.206963607,359.545178902,360.015781359,4543.0
2021-07-06 14:15:00,360.09911721,360.412852181,360.030487685,360.030487685,8961.0
2021-07-06 14:30:00,360.001075032,360.354026874,360.001075032,360.246180478,10251.0
2021-07-06 14:45:00,360.37363531,360.565209727,360.285397349,360.305005785,4695.0
2021-07-06 15:00:00,360.324614221,360.775608242,360.305005785,360.471677488,14328.0
2021-07-06 15:15:00,360.432460617,361.118755866,360.305005785,361.040322123,10653.0
2021-07-06 15:30:00,360.961888381,361.015811579,360.51089436,360.893258856,10856.0
2021-07-06 15:45:00,360.976594707,361.022674531,360.755999806,360.971692598,14251.0
2021-07-06 16:00:00,361.015811579,361.228661148,360.422656399,360.452069053,48003.0
2021-07-06 16:15:00,360.452069053,360.452069053,360.452069053,360.452069053,14994.0
2021-07-07 09:15:00,362.501640793,362.756060246,362.501640793,362.756060246,201.0
2021-07-07 09:45:00,360.1481383,361.961918601,359.559885229,359.559885229,17074.0
2021-07-07 10:00:00,359.804990675,360.608936538,358.638288752,359.403017743,17360.0
2021-07-07 10:15:00,359.481451486,360.1481383,359.403017743,359.932445507,15795.0
2021-07-07 10:30:00,360.050096121,360.2615731,359.844207546,360.23637626,13900.0
2021-07-07 10:45:00,360.162844626,361.059930559,359.854011764,361.059930559,8678.0
2021-07-07 11:00:00,361.608966758,362.491346364,361.608966758,362.491346364,17068.0
2021-07-07 11:15:00,362.432521057,363.579614545,362.334478879,363.403138624,20935.0
2021-07-07 11:30:00,363.314900663,364.294342026,363.305096445,364.265909794,29778.0
2021-07-07 11:45:00,364.520819458,364.775729122,364.079629655,364.187476051,17986.0
2021-07-07 12:00:00,364.128650744,364.28551823,362.845278629,363.113914198,32583.0
2021-07-07 12:15:00,363.079599435,364.167867616,363.05508889,364.167867616,13539.0
2021-07-07 12:30:00,364.265909794,364.481602587,363.87374108,363.87374108,16276.0
2021-07-07 12:45:00,363.961979041,364.376991582,363.569810327,363.569810327,17707.0
2021-07-07 13:00:00,363.442355495,363.854132645,363.069795217,363.383530188,10149.0
2021-07-07 13:15:00,363.401569949,364.039040193,363.37372597,363.814915773,12026.0
2021-07-07 13:30:00,363.667852506,363.834524209,363.46686604,363.726677813,6919.0
2021-07-07 13:45:00,363.765894684,364.040412784,363.716873595,363.814915773,3307.0
2021-07-07 14:00:00,363.912957952,364.403168844,363.324704881,363.324704881,12237.0
2021-07-07 14:15:00,363.64824407,364.216888705,363.51098502,364.14825918,7487.0
2021-07-07 14:30:00,364.06002122,364.06002122,363.359019644,363.775698902,10744.0
2021-07-07 14:45:00,363.716873595,364.138454962,363.677656724,364.040412784,18752.0
2021-07-07 15:00:00,363.971783259,364.246301359,363.658048288,363.87374108,17423.0
2021-07-07 15:15:00,363.780601011,364.040412784,363.324704881,364.035510675,17700.0
2021-07-07 15:30:00,363.981587477,364.084531764,363.751188357,363.981587477,13140.0
2021-07-07 15:45:00,363.903153734,364.501211023,363.726677813,364.359049864,26765.0
2021-07-07 16:00:00,364.442385715,364.667882726,363.863936863,364.118846527,66229.0
2021-07-07 16:15:00,363.991391695,363.991391695,363.991391695,363.991391695,4086.0
2021-07-07 17:45:00,365.687521382,365.687521382,365.687521382,365.687521382,400.0
2021-07-07 18:00:00,364.06002122,364.06002122,364.06002122,364.06002122,147.0
2021-07-08 09:45:00,361.677596283,363.736482031,361.089343213,363.46686604,30095.0
2021-07-08 10:00:00,363.403138624,364.707099597,363.403138624,364.197280269,17883.0
2021-07-08 10:15:00,364.06002122,364.06002122,362.069764997,362.138394522,10610.0
2021-07-08 10:30:00,361.912897512,361.932505947,360.73639137,361.432490837,16871.0
2021-07-08 10:45:00,361.579554105,362.069764997,361.059930559,361.991331254,11481.0
2021-07-08 11:00:00,362.37369575,362.435952534,361.407980293,361.579554105,8228.0
2021-07-08 11:15:00,361.657987848,362.893319296,361.525630907,362.550171671,10783.0
2021-07-08 11:30:00,362.324674661,363.658048288,362.275653572,363.560006109,10756.0
2021-07-08 11:45:00,363.334509099,363.736482031,363.089403653,363.51098502,9827.0
2021-07-08 12:00:00,363.393334406,363.931585966,363.030578346,363.216858485,8232.0
2021-07-08 12:15:00,363.207054267,363.589418763,363.099207871,363.251173247,6595.0
2021-07-08 12:30:00,363.248918277,363.834524209,363.211956376,363.383530188,7400.0
2021-07-08 12:45:00,363.339411208,363.834524209,363.339411208,363.805111556,4845.0
2021-07-08 13:00:00,363.795307338,364.471798369,363.795307338,364.314930883,9831.0
2021-07-08 13:15:00,364.236497141,364.236497141,362.726647593,363.001165692,9672.0
2021-07-08 13:30:00,362.952144603,363.584516654,362.677724546,363.040382564,8578.0
2021-07-08 13:45:00,363.040382564,363.167837396,362.559975889,362.667822286,9188.0
2021-07-08 14:00:00,362.550171671,362.550171671,361.545239342,361.638379412,9062.0
2021-07-08 14:15:00,361.608966758,361.677596283,361.177581173,361.393273966,9449.0
2021-07-08 14:30:00,361.525630907,361.697204719,361.020713688,361.040322123,9093.0
2021-07-08 14:45:00,361.020713688,361.23640648,360.876493643,361.079538995,7039.0
2021-07-08 15:00:00,361.09914743,361.726617373,360.863846202,361.608966758,8458.0
2021-07-08 15:15:00,361.540337233,361.618770976,361.187385391,361.305036005,7125.0
2021-07-08 15:30:00,361.23640648,361.608966758,361.059930559,361.37366553,8906.0
2021-07-08 15:45:00,361.922701729,362.912927732,361.87368064,362.167807176,20940.0
2021-07-08 16:00:00,362.01093969,362.942340385,361.716813155,362.942340385,53649.0
2021-07-08 16:15:00,362.697234939,362.697234939,362.697234939,362.697234939,3397.0
2021-07-08 16:30:00,362.697234939,362.697234939,362.697234939,362.697234939,160.0
2021-07-09 08:45:00,363.795307338,363.795307338,363.795307338,363.795307338,100.0
2021-07-09 09:45:00,365.187506272,365.775759342,364.653176399,365.301823452,30880.0
2021-07-09 10:00:00,364.942400826,366.125181666,364.393364626,365.903214174,18979.0
2021-07-09 10:15:00,365.756150907,366.19734071,365.413003282,365.765955124,7366.0
2021-07-09 10:30:00,365.658108728,366.050277442,364.564938439,365.055149331,15244.0
2021-07-09 10:45:00,365.344373757,365.344373757,363.87374108,363.87374108,6642.0
2021-07-09 11:00:00,363.991391695,364.158063398,362.912927732,363.064893108,8201.0
2021-07-09 11:15:00,363.069795217,363.305096445,362.942340385,363.265879574,7436.0
2021-07-09 11:30:00,363.118816306,363.824621949,363.118816306,363.760992575,12485.0
2021-07-09 11:45:00,363.839426318,364.452189933,363.814915773,364.452189933,11240.0
2021-07-09 12:00:00,364.834554429,365.01103035,363.795307338,363.824719991,11588.0
2021-07-09 12:15:00,363.78550312,364.371403178,362.569780107,362.569780107,22369.0
2021-07-09 12:30:00,362.574682216,362.942340385,362.14819874,362.501150582,15285.0
2021-07-09 12:45:00,362.520759018,363.069795217,362.5109548,362.834493989,6687.0
2021-07-09 13:00:00,363.00106765,363.118816306,362.550171671,362.550171671,8399.0
2021-07-09 13:15:00,362.579584325,362.814885553,362.324674661,362.687430721,8212.0
2021-07-09 13:30:00,362.559975889,362.765864464,362.308105533,362.64821385,6557.0
2021-07-09 13:45:00,362.721745484,363.207054267,362.618801196,363.207054267,5448.0
2021-07-09 14:00:00,363.109012089,363.501180802,363.109012089,363.393334406,6633.0
2021-07-09 14:15:00,363.354117535,363.530593456,363.246271138,363.393334406,6411.0
2021-07-09 14:30:00,363.529613034,364.050217002,363.486278391,363.942370605,8354.0
2021-07-09 14:45:00,363.824719991,364.14825918,363.667852506,363.78550312,6215.0
2021-07-09 15:00:00,363.643341961,364.207084487,363.594320872,364.050217002,4197.0
2021-07-09 15:15:00,364.109042309,364.109042309,363.795307338,364.109042309,5827.0
2021-07-09 15:30:00,364.167867616,364.383560408,364.001195912,364.383560408,7611.0
2021-07-09 15:45:00,364.373756191,364.538957261,363.879231442,364.128650744,9524.0
2021-07-09 16:00:00,364.043648176,364.707099597,363.918154187,364.618861637,39257.0
2021-07-09 16:15:00,364.540427894,364.540427894,364.540427894,364.540427894,5433.0
2021-07-09 17:30:00,364.540427894,364.540427894,364.540427894,364.540427894,1000.0
2021-07-12 09:45:00,362.912927732,363.295292228,361.405529238,362.5109548,20984.0
2021-07-12 10:00:00,362.28545779,363.279115268,362.099177651,363.279115268,8178.0
2021-07-12 10:15:00,363.14822896,364.118846527,362.854102425,363.37372597,10865.0
2021-07-12 10:30:00,363.638439852,365.158093618,363.638439852,364.805141776,10301.0
2021-07-12 10:45:00,364.873771301,365.06005144,363.932566388,364.32963721,4885.0
2021-07-12 11:00:00,364.295322448,364.305126666,363.530593456,363.87374108,11198.0
2021-07-12 11:15:00,363.726677813,363.726677813,363.050186782,363.228035293,6918.0
2021-07-12 11:30:00,363.359019644,363.726677813,362.608996979,362.707039157,13082.0
2021-07-12 11:45:00,362.746256028,362.746256028,362.040352344,362.2364367,10925.0
2021-07-12 12:00:00,362.305066225,362.314870443,362.01093969,362.01093969,6579.0
2021-07-12 12:15:00,362.153100849,362.662920177,362.14819874,362.207024047,5036.0
2021-07-12 12:30:00,362.265849354,362.550171671,361.70132249,361.957016492,8943.0
2021-07-12 12:45:00,361.778089516,362.099177651,361.775638462,361.91779962,10547.0
2021-07-12 13:00:00,361.971722819,361.971722819,361.074636886,361.157972738,8040.0
2021-07-12 13:15:00,361.187385391,361.452099273,361.187385391,361.280525461,3230.0
2021-07-12 13:30:00,361.377979386,361.756030026,361.314840223,361.746225808,7890.0
2021-07-12 13:45:00,361.64818363,361.824659551,361.612790403,361.814855333,4733.0
2021-07-12 14:00:00,361.805051115,362.265849354,361.805051115,362.226632483,6383.0
2021-07-12 14:15:00,362.158002958,362.28545779,361.942310165,362.040352344,7019.0
2021-07-12 14:30:00,362.001135472,362.324674661,361.97358562,362.216828265,8076.0
2021-07-12 14:45:00,362.177611393,362.716843375,362.177611393,362.716843375,6040.0
2021-07-12 15:00:00,362.844298207,363.079599435,362.658018068,362.687430721,10342.0
2021-07-12 15:15:00,362.726647593,362.765864464,362.447227384,362.608996979,5023.0
2021-07-12 15:30:00,362.765864464,363.030578346,362.765864464,363.030578346,8136.0
2021-07-12 15:45:00,362.942340385,363.079599435,362.805081335,362.942340385,9839.0
2021-07-12 16:00:00,363.001165692,363.363921753,362.765864464,363.354117535,47659.0
2021-07-12 16:15:00,363.079599435,363.079599435,363.079599435,363.079599435,47696.0
2021-07-13 09:30:00,363.560006109,363.560006109,363.560006109,363.560006109,209.0
2021-07-13 09:45:00,363.344313317,366.658138948,363.177641614,366.167928056,55769.0
2021-07-13 10:00:00,366.035571115,366.035571115,363.256075356,364.383560408,24090.0
2021-07-13 10:15:00,363.932566388,364.133552853,363.346568287,363.550201892,9438.0
2021-07-13 10:30:00,363.658048288,364.403168844,363.42274706,363.814915773,12161.0
2021-07-13 10:45:00,363.658048288,364.295224406,363.520789238,363.569810327,9287.0
2021-07-13 11:00:00,363.442355495,363.442355495,362.7854729,363.28548801,12976.0
2021-07-13 11:15:00,363.42274706,363.64824407,363.109012089,363.37372597,9478.0
2021-07-13 11:30:00,363.42274706,363.854132645,363.334509099,363.334509099,14600.0
2021-07-13 11:45:00,363.089403653,363.197250049,362.481542147,362.618801196,13263.0
2021-07-13 12:00:00,362.383499968,362.677626503,362.167807176,362.452129493,11834.0
2021-07-13 12:15:00,362.5109548,362.697234939,362.246240918,362.393304186,10641.0
2021-07-13 12:30:00,362.383499968,362.589388543,362.216828265,362.589388543,9132.0
2021-07-13 12:45:00,362.623703305,362.623703305,361.87368064,361.883484858,10968.0
2021-07-13 13:00:00,361.792893885,362.334478879,361.792893885,362.265849354,8076.0
2021-07-13 13:15:00,362.2364367,362.295262008,361.844267987,361.997213785,12685.0
2021-07-13 13:30:00,362.001135472,362.520759018,361.981527036,362.321145143,11829.0
2021-07-13 13:45:00,362.339380988,362.452129493,361.667792065,361.981527036,10395.0
2021-07-13 14:00:00,362.040352344,362.5109548,362.040352344,362.5109548,7660.0
2021-07-13 14:15:00,362.28545779,362.579584325,361.942310165,362.579584325,14492.0
2021-07-13 14:30:00,362.481542147,362.530563236,361.834463769,361.844267987,9024.0
2021-07-13 14:45:00,361.726617373,361.765834244,361.09914743,361.157972738,16106.0
2021-07-13 15:00:00,361.182483282,361.432490837,361.001105252,361.177581173,18306.0
2021-07-13 15:15:00,361.143266411,361.608966758,360.59913232,360.991301034,18411.0
2021-07-13 15:30:00,360.854041984,361.118755866,360.422656399,360.96679049,25695.0
2021-07-13 15:45:00,361.069734777,361.667792065,360.952084163,361.471707709,32515.0
2021-07-13 16:00:00,361.481511926,361.55504356,360.09911721,360.118725646,125441.0
2021-07-13 16:15:00,360.197159389,360.197159389,360.197159389,360.197159389,90606.0
2021-07-13 16:45:00,360.197159389,360.197159389,360.197159389,360.197159389,129.0
2021-07-14 09:45:00,360.167746735,361.104049539,358.530442355,360.525600687,27143.0
2021-07-14 10:00:00,360.795216677,361.23640648,358.804960455,358.804960455,9333.0
2021-07-14 10:15:00,359.211835495,359.37360509,357.089222332,357.540216353,19473.0
2021-07-14 10:30:00,357.726496492,359.648123189,357.334327778,359.398115634,16474.0
2021-07-14 10:45:00,359.403017743,360.094215101,358.73633093,359.015751139,16811.0
2021-07-14 11:00:00,359.079478555,360.01087925,359.079478555,359.687340061,11309.0
2021-07-14 11:15:00,359.432430397,359.46184305,358.412791741,358.741233039,16072.0
2021-07-14 11:30:00,358.893198415,358.893198415,357.857186716,357.87355976,19912.0
2021-07-14 11:45:00,357.858853433,358.393183305,357.402957303,357.594139551,30433.0
2021-07-14 12:00:00,357.471586828,357.912776631,357.015690698,357.741202819,38140.0
2021-07-14 12:15:00,357.687279621,358.37357487,357.59904166,358.045133572,50467.0
2021-07-14 12:30:00,358.045133572,358.32455378,357.726496492,357.951993502,21789.0
2021-07-14 12:45:00,357.971601938,358.398085414,357.746104928,358.167686295,18340.0
2021-07-14 13:00:00,358.304945345,358.476519157,357.96179772,358.197098949,10350.0
2021-07-14 13:15:00,358.275532691,358.285336909,356.87352954,356.87352954,33412.0
2021-07-14 13:30:00,356.902942193,357.427467848,356.500969261,357.427467848,42107.0
2021-07-14 13:45:00,357.785321799,358.466714939,357.481391046,357.96179772,31377.0
2021-07-14 14:00:00,357.819636561,357.996112483,357.638258531,357.902972413,23779.0
2021-07-14 14:15:00,357.893168195,358.32455378,357.353936214,358.128469424,46124.0
2021-07-14 14:30:00,358.108860988,358.285336909,357.608845878,357.981406156,21261.0
2021-07-14 14:45:00,357.868657651,358.452008612,357.46178261,358.452008612,12552.0
2021-07-14 15:00:00,358.407889632,358.530442355,358.035329354,358.32455378,12879.0
2021-07-14 15:15:00,358.32455378,358.559855009,356.82450845,356.91764852,78187.0
2021-07-14 15:30:00,356.922550629,357.844147106,356.804900015,357.015690698,89063.0
2021-07-14 15:45:00,356.942159064,357.471586828,356.682347292,356.947061173,75813.0
2021-07-14 16:00:00,356.87352954,357.755909146,356.706857836,356.814704232,158673.0
2021-07-14 16:15:00,356.814704232,356.814704232,356.481360826,356.814704232,6481.0
2021-07-14 17:00:00,356.87352954,356.87352954,356.87352954,356.87352954,200.0
2021-07-15 09:45:00,355.246029377,358.559855009,354.628363653,356.87352954,27738.0
2021-07-15 10:00:00,356.981375936,357.059809679,356.275472251,356.628424093,13437.0
2021-07-15 10:15:00,356.579403004,356.863725322,355.46172217,355.697023398,9948.0
2021-07-15 10:30:00,355.618589655,356.971571718,355.197008288,356.677445183,18635.0
2021-07-15 10:45:00,356.638228311,358.32455378,356.638228311,357.648062749,10956.0
2021-07-15 11:00:00,357.589825695,358.265728473,357.437272066,358.167686295,7569.0
2021-07-15 11:15:00,357.834342888,357.944444255,357.079418114,357.079418114,5320.0
2021-07-15 11:30:00,357.00588648,357.00588648,356.119585187,356.119585187,6901.0
2021-07-15 11:45:00,356.255863815,357.28040458,356.255863815,356.726466272,11050.0
2021-07-15 12:00:00,356.697053618,357.587766809,356.697053618,357.569629006,4187.0
2021-07-15 12:15:00,357.73630071,358.069644117,357.491195264,357.839735208,10669.0
2021-07-15 12:30:00,357.755909146,357.755909146,357.059809679,357.079418114,8028.0
2021-07-15 12:45:00,357.314719343,358.118665206,357.300013016,357.687279621,6037.0
2021-07-15 13:00:00,357.809832344,358.108860988,357.804930235,357.849049215,7035.0
2021-07-15 13:15:00,357.863755542,358.246120038,357.608845878,357.608845878,6886.0
2021-07-15 13:30:00,357.667671185,357.667671185,356.726466272,356.951963282,19653.0
2021-07-15 13:45:00,356.922550629,357.197068728,356.667640965,357.118634986,13510.0
2021-07-15 14:00:00,356.893137975,357.216677164,356.814704232,356.942159064,10600.0
2021-07-15 14:15:00,357.157851857,357.285306689,356.775487361,356.853921104,14188.0
2021-07-15 14:30:00,356.951963282,357.187264511,356.775487361,357.045103352,23716.0
2021-07-15 14:45:00,356.996082263,357.138243421,356.814704232,357.059809679,14194.0
2021-07-15 15:00:00,356.922550629,357.450997971,356.785389621,357.37354465,11861.0
2021-07-15 15:15:00,357.422565739,357.87355976,356.991180154,357.59904166,21728.0
2021-07-15 15:30:00,357.844147106,358.275532691,357.731398601,357.853951324,12040.0
2021-07-15 15:45:00,357.697083838,357.971601938,357.502470114,357.628454314,18576.0
2021-07-15 16:00:00,357.755909146,357.971601938,356.902942193,357.000984371,63515.0
2021-07-15 16:15:00,356.991180154,357.755909146,356.991180154,356.991180154,5224.0
2021-07-15 16:45:00,356.991180154,356.991180154,356.991180154,356.991180154,580.0
2021-07-16 09:45:00,358.265728473,358.265728473,354.814643792,355.103868219,41924.0
2021-07-16 10:00:00,354.966609169,355.760750814,354.564146026,355.706827616,30155.0
2021-07-16 10:15:00,355.510743259,355.873499319,354.265607593,354.275411811,35661.0
2021-07-16 10:30:00,354.500908821,355.628393873,354.344041336,354.344041336,24041.0
2021-07-16 10:45:00,354.746014267,355.236225159,354.510713039,354.608755217,16996.0
2021-07-16 11:00:00,354.942098624,355.81143862,354.677384742,355.059749238,31802.0
2021-07-16 11:15:00,355.108770327,356.719701362,355.020532367,356.6872494,31430.0
2021-07-16 11:30:00,356.765683143,357.456880501,356.275472251,357.216677164,6477.0
2021-07-16 11:45:00,357.402957303,358.103958879,357.402957303,357.980425734,12380.0
2021-07-16 12:00:00,357.853951324,358.089252552,357.550020571,357.550020571,5706.0
2021-07-16 12:15:00,357.569629006,358.608876098,357.404918147,358.304357092,8838.0
2021-07-16 12:30:00,358.535344464,358.535344464,358.059839899,358.059839899,5130.0
2021-07-16 12:45:00,358.101017614,358.814764673,358.094154661,358.520638137,6870.0
2021-07-16 13:00:00,358.59907188,358.59907188,357.638258531,357.638258531,13592.0
2021-07-16 13:15:00,357.706888056,357.706888056,357.138243421,357.2362856,10661.0
2021-07-16 13:30:00,357.157851857,357.608845878,357.157851857,357.594139551,14044.0
2021-07-16 13:45:00,357.540216353,357.726496492,356.844116886,356.853921104,12530.0
2021-07-16 14:00:00,356.9617675,357.167656075,356.785291579,356.853921104,12765.0
2021-07-16 14:15:00,356.765683143,357.383348867,356.59901144,357.383348867,7725.0
2021-07-16 14:30:00,357.304915125,357.530412135,356.765683143,356.785291579,8809.0
2021-07-16 14:45:00,356.839214777,356.922550629,356.398024974,356.564696677,8251.0
2021-07-16 15:00:00,356.716662054,357.510803699,356.716662054,357.422565739,9049.0
2021-07-16 15:15:00,357.520607917,357.520607917,356.55489246,356.82450845,24045.0
2021-07-16 15:30:00,356.765683143,357.079418114,356.667640965,356.839214777,20373.0
2021-07-16 15:45:00,356.785291579,356.910197314,355.73624027,355.942128844,73044.0
2021-07-16 16:00:00,355.907814082,356.069583676,355.442113734,355.804869794,90451.0
2021-07-16 16:15:00,355.706827616,355.706827616,355.706827616,355.706827616,6497.0
2021-07-16 16:45:00,355.706827616,355.706827616,355.706827616,355.706827616,1586.0
2021-07-19 09:45:00,354.295020246,355.226420942,352.579282124,353.132730221,53089.0
2021-07-19 10:00:00,353.329304789,353.388130096,350.373333109,350.995900942,26547.0
2021-07-19 10:15:00,350.787659355,351.000803051,349.41251976,349.892926434,29743.0
2021-07-19 10:30:00,349.863513781,349.863513781,346.687927621,347.804628033,33426.0
2021-07-19 10:45:00,347.721292182,349.0497637,346.647730328,348.984859777,20257.0
2021-07-19 11:00:00,348.941917303,349.63350683,347.314417141,347.939632113,17670.0
2021-07-19 11:15:00,347.981103955,348.304643143,347.245787616,347.843844905,18839.0
2021-07-19 11:30:00,347.843844905,348.853679343,347.285004488,347.343829795,15599.0
2021-07-19 11:45:00,347.020290606,347.696781637,346.559492367,347.358536121,20742.0
2021-07-19 12:00:00,347.461480409,347.735998508,346.878129447,347.069311695,19608.0
2021-07-19 12:15:00,346.95656319,346.95656319,344.824145809,344.824145809,28943.0
2021-07-19 12:30:00,344.824145809,345.172195542,344.56678509,344.63786567,19364.0
2021-07-19 12:45:00,344.554529818,345.490832622,344.468938996,344.77022261,14416.0
2021-07-19 13:00:00,344.882971116,345.804567593,344.882971116,345.608483236,24426.0
2021-07-19 13:15:00,345.534951602,346.530079714,345.534951602,346.250659505,15690.0
2021-07-19 13:30:00,346.260463723,346.677142981,345.353573572,345.481028404,25059.0
2021-07-19 13:45:00,345.392790444,345.392790444,344.128046342,344.392760223,23639.0
2021-07-19 14:00:00,344.431977095,344.853558462,343.775094499,343.927059876,20218.0
2021-07-19 14:15:00,344.049612599,344.951600641,344.049612599,344.642767778,18835.0
2021-07-19 14:30:00,344.706495194,345.304552483,344.598648798,345.059447037,17127.0
2021-07-19 14:45:00,344.892775334,344.892775334,343.843724024,344.216284302,25408.0
2021-07-19 15:00:00,344.221186411,344.50060662,343.971178856,344.167263213,22222.0
2021-07-19 15:15:00,344.167263213,345.686916979,344.162361104,345.079055473,26513.0
2021-07-19 15:30:00,345.074153364,345.961435079,344.873166898,345.784959157,24739.0
2021-07-19 15:45:00,345.902609772,347.226179181,345.628091672,347.010486388,63345.0
2021-07-19 16:00:00,346.981073734,348.177188311,346.853618902,348.177188311,130699.0
2021-07-19 16:15:00,348.049733479,348.049733479,348.049733479,348.049733479,11343.0
2021-07-20 09:00:00,349.030155264,349.030155264,349.030155264,349.030155264,115.0
2021-07-20 09:45:00,348.677203422,352.461631509,348.677203422,351.363559111,39451.0
2021-07-20 10:00:00,351.618468775,353.603822888,351.540035032,353.000863491,26400.0
2021-07-20 10:15:00,353.334206898,355.255833595,353.241066828,353.82441779,20773.0
2021-07-20 10:30:00,353.716571394,355.637217669,353.716571394,355.412701081,17022.0
2021-07-20 10:45:00,355.453290543,355.520547477,353.589116562,353.942068404,21132.0
2021-07-20 11:00:00,354.0499148,355.000923931,353.91265575,354.873469099,12623.0
2021-07-20 11:15:00,354.96170706,355.383288427,354.19795849,354.265607593,18521.0
2021-07-20 11:30:00,354.196978068,354.196978068,352.795072958,352.795072958,9875.0
2021-07-20 11:45:00,352.707717377,352.785170698,351.809651023,352.785170698,22318.0
2021-07-20 12:00:00,352.540065252,354.265607593,352.510652599,354.059719018,20461.0
2021-07-20 12:15:00,354.206782286,354.265607593,353.745984047,353.873438879,21540.0
2021-07-20 12:30:00,353.844026226,354.574440455,353.834222008,354.020502147,29246.0
2021-07-20 12:45:00,354.128348543,355.177399852,353.711669285,353.711669285,22356.0
2021-07-20 13:00:00,353.726375611,353.986187384,353.384208409,353.922459968,34186.0
2021-07-20 13:15:00,353.902851533,354.000893711,352.878310768,352.981255055,26136.0
2021-07-20 13:30:00,353.000863491,353.304794244,352.696932738,353.294990026,17521.0
2021-07-20 13:45:00,353.657746087,354.167565414,353.589116562,353.726375611,16006.0
2021-07-20 14:00:00,353.638137651,354.147956979,353.451857512,354.147956979,11816.0
2021-07-20 14:15:00,354.226390721,355.236225159,354.108740107,355.040140803,18323.0
2021-07-20 14:30:00,355.079357674,355.314658902,354.442083514,355.314658902,24682.0
2021-07-20 14:45:00,355.314658902,355.579372784,355.069553456,355.201910397,31606.0
2021-07-20 15:00:00,355.246029377,355.295050467,353.726375611,354.020502147,56982.0
2021-07-20 15:15:00,354.0499148,355.167595635,353.991089493,355.079357674,28942.0
2021-07-20 15:30:00,354.951902842,355.167595635,354.304824464,354.304824464,25391.0
2021-07-20 15:45:00,354.378356098,354.500908821,353.226360501,353.481270165,51399.0
2021-07-20 16:00:00,353.491074383,353.608724997,352.726345391,352.951842402,156898.0
2021-07-20 16:15:00,352.922429748,352.922429748,352.922429748,352.922429748,31547.0
2021-07-21 09:45:00,354.020502147,356.020562587,353.883243097,355.32446312,22985.0
2021-07-21 10:00:00,355.520547477,355.883303537,354.726405832,355.530351695,16111.0
2021-07-21 10:15:00,355.706827616,356.206842726,355.353875774,355.353875774,18047.0
2021-07-21 10:30:00,355.422505299,355.422505299,354.108740107,354.157761197,22692.0
2021-07-21 10:45:00,354.020502147,354.020502147,353.32440268,353.544997581,21161.0
2021-07-21 11:00:00,353.73127772,353.932264186,352.843996005,352.843996005,24601.0
2021-07-21 11:15:00,352.951842402,353.716571394,352.942038184,353.647941869,22980.0
2021-07-21 11:30:00,353.716571394,354.471496168,353.657746087,353.657746087,11023.0
2021-07-21 11:45:00,353.530291255,354.86268446,353.530291255,354.579342564,17868.0
2021-07-21 12:00:00,354.746014267,355.765652923,354.667580524,355.285246249,17172.0
2021-07-21 12:15:00,355.402896863,355.530351695,354.314628682,354.628363653,16275.0
2021-07-21 12:30:00,354.667580524,354.667580524,354.064719169,354.138152761,15888.0
2021-07-21 12:45:00,354.226390721,354.491104603,353.932264186,354.054816909,9848.0
2021-07-21 13:00:00,354.221488613,354.221488613,353.667550304,354.09893589,11461.0
2021-07-21 13:15:00,354.177369632,354.68718896,354.09893589,354.103837998,13216.0
2021-07-21 13:30:00,354.113642216,354.603853109,354.113642216,354.46169195,8164.0
2021-07-21 13:45:00,354.46169195,354.971511278,354.451887732,354.716601614,14495.0
2021-07-21 14:00:00,354.795035356,354.876704491,354.383258207,354.746014267,6591.0
2021-07-21 14:15:00,354.706797396,355.177399852,354.677384742,354.72768038,11075.0
2021-07-21 14:30:00,355.045042912,355.064651347,354.647972089,354.981315496,7516.0
2021-07-21 14:45:00,355.09896611,355.432309516,354.785231139,355.040140803,11233.0
2021-07-21 15:00:00,355.089161892,355.437211625,354.912685971,355.344071556,8816.0
2021-07-21 15:15:00,355.246029377,355.393092645,354.96170706,354.96170706,9190.0
2021-07-21 15:30:00,354.858762772,355.437211625,354.858762772,355.040140803,15455.0
2021-07-21 15:45:00,355.040140803,355.167595635,354.569538346,354.774348457,23963.0
2021-07-21 16:00:00,354.677384742,354.765622703,354.010697929,354.383258207,132734.0
2021-07-21 16:15:00,354.383258207,354.383258207,354.383258207,354.383258207,7410.0
2021-07-22 09:45:00,353.736179829,353.981285275,351.500818161,352.510652599,23276.0
2021-07-22 10:00:00,352.27535137,352.817034406,351.304733804,351.981224835,18938.0
2021-07-22 10:15:00,351.745923607,352.745953827,351.432188636,352.54986947,10185.0
2021-07-22 10:30:00,352.530261034,352.804779134,351.971420617,351.971420617,9541.0
2021-07-22 10:45:00,351.981224835,352.402806202,351.91259531,352.255742935,10637.0
2021-07-22 11:00:00,352.314568242,352.442023074,351.873378439,352.152798647,10337.0
2021-07-22 11:15:00,352.147896538,352.147896538,351.32434224,351.858672112,13351.0
2021-07-22 11:30:00,351.922399528,352.089071231,351.27532115,351.275713319,21831.0
2021-07-22 11:45:00,351.491013943,351.942007964,351.343950675,351.706706735,9147.0
2021-07-22 12:00:00,351.897888983,352.27535137,351.755727825,352.27535137,12436.0
2021-07-22 12:15:00,352.236134499,352.647911649,352.236134499,352.358687222,8579.0
2021-07-22 12:30:00,352.353785113,352.491044163,351.961616399,352.221428172,11843.0
2021-07-22 12:45:00,352.118483885,352.363589331,351.608664557,352.343980895,12154.0
2021-07-22 13:00:00,352.324470502,353.201849957,352.324470502,353.167535194,7878.0
2021-07-22 13:15:00,353.098905669,353.098905669,352.706736956,352.907723421,7045.0
2021-07-22 13:30:00,352.951842402,353.133220432,352.716541173,352.736149609,8923.0
2021-07-22 13:45:00,352.814583352,353.172437303,352.814583352,353.069493016,6039.0
2021-07-22 14:00:00,353.069493016,353.236164719,353.010667709,353.206752066,6767.0
2021-07-22 14:15:00,353.221458392,353.407738531,353.054786689,353.211654175,9828.0
2021-07-22 14:30:00,353.32440268,353.373423769,353.123416214,353.339109007,10929.0
2021-07-22 14:45:00,353.255773155,353.363619551,353.128318323,353.363619551,9920.0
2021-07-22 15:00:00,353.314598462,353.446955403,352.966548728,353.089101452,11028.0
2021-07-22 15:15:00,353.226360501,353.226360501,352.598890559,352.598890559,12097.0
2021-07-22 15:30:00,352.7312475,352.922429748,352.579282124,352.82438757,26512.0
2021-07-22 15:45:00,352.794974916,352.804779134,352.540065252,352.794974916,24077.0
2021-07-22 16:00:00,352.843996005,353.098905669,351.951812182,352.265547153,125965.0
2021-07-22 16:15:00,352.226330281,352.226330281,352.226330281,352.226330281,4808.0
2021-07-23 09:45:00,353.54989969,353.736179829,352.390747014,352.834191788,25365.0
2021-07-23 10:00:00,352.843996005,352.930273122,351.732589871,352.344078938,13821.0
2021-07-23 10:15:00,352.971450837,354.265607593,352.834191788,353.839124117,16149.0
2021-07-23 10:30:00,353.873438879,353.873438879,352.677324302,352.770464372,14301.0
2021-07-23 10:45:00,352.775366481,353.937166295,352.726345391,353.628333433,11899.0
2021-07-23 11:00:00,353.912557708,353.971481058,353.383227987,353.520487037,15468.0
2021-07-23 11:15:00,353.667550304,354.618559435,353.667550304,354.275411811,8965.0
2021-07-23 11:30:00,354.177369632,354.245999157,353.765592483,354.030306365,8173.0
2021-07-23 11:45:00,354.442083514,354.442083514,353.314598462,353.432249076,17950.0
2021-07-23 12:00:00,353.448033867,354.235214518,353.196947848,353.527644116,13618.0
2021-07-23 12:15:00,353.491074383,353.775396701,353.285185808,353.579312344,12744.0
2021-07-23 12:30:00,353.525389146,353.525389146,352.834191788,353.299892135,13196.0
2021-07-23 12:45:00,353.309696353,353.608724997,353.074395125,353.100180218,10061.0
2021-07-23 13:00:00,353.138122541,353.201849957,352.893017095,352.981255055,13868.0
2021-07-23 13:15:00,353.020471927,353.814613572,352.951842402,353.804809354,10468.0
2021-07-23 13:30:00,354.074425345,354.113642216,353.91265575,354.020502147,6534.0
2021-07-23 13:45:00,353.96167684,354.265607593,353.873438879,354.020502147,12132.0
2021-07-23 14:00:00,354.000893711,354.138152761,353.873438879,353.883243097,6190.0
2021-07-23 14:15:00,353.848928334,354.157761197,353.68715874,354.118544325,4955.0
2021-07-23 14:30:00,354.177369632,354.196978068,353.569508126,353.569508126,8438.0
2021-07-23 14:45:00,353.584214453,353.971481058,353.579312344,353.814613572,10798.0
2021-07-23 15:00:00,353.814613572,353.948735272,353.638137651,353.716571394,8640.0
2021-07-23 15:15:00,353.795005136,353.834222008,352.726345391,352.951842402,58394.0
2021-07-23 15:30:00,352.951842402,353.574410235,352.794974916,353.574410235,13365.0
2021-07-23 15:45:00,353.638137651,354.285216029,353.569508126,354.260705484,20943.0
2021-07-23 16:00:00,354.167565414,354.579342564,354.138152761,354.138152761,48872.0
2021-07-23 16:15:00,354.236194939,354.236194939,354.236194939,354.236194939,9469.0
2021-07-26 09:30:00,351.902791092,351.902791092,351.892986874,351.892986874,698.0
2021-07-26 09:45:00,350.91256509,351.559643468,349.451736631,349.451736631,45697.0
2021-07-26 10:00:00,349.41251976,350.190876615,349.108589007,349.618408335,13976.0
2021-07-26 10:15:00,349.196826967,349.363498671,348.343860015,349.039959482,19083.0
2021-07-26 10:30:00,349.039959482,349.843905345,348.922308868,349.726254731,17325.0
2021-07-26 10:45:00,349.726254731,349.726254731,348.353664233,348.618378114,18762.0
2021-07-26 11:00:00,348.745832946,349.579191463,348.740930837,349.254671853,31859.0
2021-07-26 11:15:00,349.030155264,349.314477581,348.560533229,349.177218532,15405.0
2021-07-26 11:30:00,349.206631185,350.59392801,349.206631185,350.353724673,9851.0
2021-07-26 11:45:00,350.353724673,351.245908497,350.096363954,350.657655426,23821.0
2021-07-26 12:00:00,350.706676515,351.221397952,350.613536446,351.201985601,12031.0
2021-07-26 12:15:00,351.162572645,351.383167547,350.990998833,351.118453665,9824.0
2021-07-26 12:30:00,350.961586179,351.373363329,350.873348219,351.030215704,16833.0
2021-07-26 12:45:00,351.226300061,351.804748914,351.030215704,351.804748914,27041.0
2021-07-26 13:00:00,351.785140478,352.010637489,351.608664557,351.736119389,16992.0
2021-07-26 13:15:00,351.760629934,352.397904093,351.647881428,351.82435735,23017.0
2021-07-26 13:30:00,351.843965785,351.843965785,350.834131347,350.951781961,20340.0
2021-07-26 13:45:00,350.971390397,351.226300061,350.804718694,351.128257883,16002.0
2021-07-26 14:00:00,351.098845229,351.142964209,350.702460702,350.702460702,14249.0
2021-07-26 14:15:00,350.794914476,351.961616399,350.794914476,351.491013943,15553.0
2021-07-26 14:30:00,351.510622379,351.922399528,351.343950675,351.726315171,10821.0
2021-07-26 14:45:00,351.951812182,352.069462796,351.334146457,351.491013943,9731.0
2021-07-26 15:00:00,351.383167547,351.402775982,351.108649447,351.23120217,10070.0
2021-07-26 15:15:00,351.211593734,351.618468775,351.108649447,351.450032312,11279.0
2021-07-26 15:30:00,351.520426596,351.932203746,351.520426596,351.814553132,9518.0
2021-07-26 15:45:00,351.794944696,351.794944696,351.23120217,351.23120217,17254.0
2021-07-26 16:00:00,351.309635913,352.079267014,351.060314653,351.265516932,120606.0
2021-07-26 16:15:00,351.245908497,351.245908497,351.245908497,351.245908497,6973.0
2021-07-27 08:15:00,351.245908497,352.932233966,351.245908497,352.932233966,551.0
2021-07-27 09:45:00,351.500818161,352.618498995,351.451797071,351.873378439,27651.0
2021-07-27 10:00:00,351.883182657,355.108770327,351.706706735,355.108770327,16741.0
2021-07-27 10:15:00,355.275442031,356.87352954,355.236225159,356.344101776,22123.0
2021-07-27 10:30:00,356.265668033,357.538647678,356.049975241,357.476488937,15351.0
2021-07-27 10:45:00,357.476488937,357.912776631,357.000984371,357.285306689,19230.0
2021-07-27 11:00:00,357.471586828,357.694240615,356.716662054,357.314719343,12429.0
2021-07-27 11:15:00,357.148047639,357.421977486,356.697053618,357.079418114,14171.0
2021-07-27 11:30:00,356.911471863,357.37354465,356.040171023,356.530381915,16212.0
2021-07-27 11:45:00,356.363710212,356.363710212,355.773888466,356.265668033,16129.0
2021-07-27 12:00:00,356.383318647,356.755878925,356.020562587,356.216646944,13879.0
2021-07-27 12:15:00,356.118604765,356.285276469,354.471496168,354.716601614,24169.0
2021-07-27 12:30:00,354.834252228,355.981345716,354.775426921,355.981345716,14377.0
2021-07-27 12:45:00,355.893107755,356.412731301,355.785261359,356.18723429,11383.0
2021-07-27 13:00:00,356.09899633,356.618619876,356.079387894,356.500969261,9348.0
2021-07-27 13:15:00,356.167625855,356.206842726,355.667610745,355.746044487,11834.0
2021-07-27 13:30:00,355.706827616,355.96173728,355.295050467,355.383288427,9139.0
2021-07-27 13:45:00,355.216616724,355.314658902,354.814643792,354.834252228,12836.0
2021-07-27 14:00:00,354.804839574,355.363679991,354.314628682,354.598951,11947.0
2021-07-27 14:15:00,354.510713039,354.902881753,354.451887732,354.893077535,8986.0
2021-07-27 14:30:00,354.922490188,354.993080557,354.402866643,354.657776307,9185.0
2021-07-27 14:45:00,354.667580524,354.706797396,354.059719018,354.196978068,8656.0
2021-07-27 15:00:00,354.353845553,354.647972089,353.922459968,354.128348543,10615.0
2021-07-27 15:15:00,354.304824464,354.951902842,354.304824464,354.853860664,9821.0
2021-07-27 15:30:00,355.00582604,355.00582604,354.285216029,354.402866643,11466.0
2021-07-27 15:45:00,354.442083514,354.54992991,354.030306365,354.393062425,13938.0
2021-07-27 16:00:00,354.471496168,355.334267338,354.3244329,355.128378763,75019.0
2021-07-27 16:15:00,355.108770327,355.108770327,355.108770327,355.108770327,11547.0
2021-07-28 09:45:00,356.353905994,357.844147106,356.334297558,357.422565739,23680.0
2021-07-28 10:00:00,357.079418114,357.079418114,354.672482633,355.040140803,17808.0
2021-07-28 10:15:00,355.054847129,355.373484209,352.971450837,353.682256631,20851.0
2021-07-28 10:30:00,353.667550304,355.054847129,353.147926759,354.736210049,21945.0
2021-07-28 10:45:00,354.618559435,355.206812506,354.138152761,354.245999157,12570.0
2021-07-28 11:00:00,354.157761197,354.216586504,353.177339412,353.893047315,13857.0
2021-07-28 11:15:00,353.883243097,354.716601614,353.706767176,354.010697929,15501.0
2021-07-28 11:30:00,354.128348543,354.785231139,353.82441779,354.726405832,16256.0
2021-07-28 11:45:00,354.844056446,354.893077535,353.883243097,354.68718896,17651.0
2021-07-28 12:00:00,354.82444801,355.466624279,354.82444801,355.000923931,10736.0
2021-07-28 12:15:00,355.069553456,355.236225159,353.951872622,353.951872622,9994.0
2021-07-28 12:30:00,353.819515681,354.329335009,353.569508126,354.18717385,11120.0
2021-07-28 12:45:00,354.157761197,354.245999157,353.41264064,353.50578071,13090.0
2021-07-28 13:00:00,353.427346967,354.236194939,352.814583352,353.167535194,15032.0
2021-07-28 13:15:00,353.442053294,354.196978068,353.216556284,353.927362077,5822.0
2021-07-28 13:30:00,354.0499148,354.196978068,353.393032205,353.432249076,8020.0
2021-07-28 13:45:00,353.618529215,354.18717385,353.618529215,353.932264186,6194.0
2021-07-28 14:00:00,354.030306365,354.167565414,353.471465947,353.863634661,19888.0
2021-07-28 14:15:00,353.96167684,354.432279296,353.481270165,354.363649771,22783.0
2021-07-28 14:30:00,354.353845553,354.804839574,354.353845553,354.804839574,15976.0
2021-07-28 14:45:00,354.633265762,354.96170706,354.216586504,354.96170706,9532.0
2021-07-28 15:00:00,354.932294406,355.236225159,354.765622703,354.785231139,11573.0
2021-07-28 15:15:00,354.795035356,354.971511278,353.873438879,353.902851533,15812.0
2021-07-28 15:30:00,353.971481058,354.0499148,353.108709887,353.662648195,19591.0
2021-07-28 15:45:00,353.785200918,354.344041336,353.717159647,354.108740107,28059.0
2021-07-28 16:00:00,354.079327454,354.633265762,352.804779134,352.804779134,82445.0
2021-07-28 16:15:00,353.059688798,353.059688798,353.059688798,353.059688798,12303.0
2021-07-28 19:00:00,357.000984371,357.000984371,357.000984371,357.000984371,183.0
2021-07-29 09:00:00,354.912685971,354.912685971,354.912685971,354.912685971,100.0
2021-07-29 09:30:00,355.206812506,355.206812506,355.206812506,355.206812506,137.0
2021-07-29 09:45:00,355.701925507,359.785382239,355.701925507,355.82447823,44786.0
2021-07-29 10:00:00,355.839184557,359.604004209,355.804869794,359.604004209,32256.0
2021-07-29 10:15:00,359.197129169,361.305036005,358.981436376,361.211895936,39374.0
2021-07-29 10:30:00,361.403078184,362.491346364,360.795216677,361.393273966,35765.0
2021-07-29 10:45:00,361.579554105,362.599192761,361.383469748,361.932505947,30829.0
2021-07-29 11:00:00,361.824659551,362.069764997,361.442295055,361.952114383,40235.0
2021-07-29 11:15:00,361.82956166,361.952114383,361.09914743,361.51092458,22737.0
2021-07-29 11:30:00,361.501120362,362.099177651,360.59913232,360.819727222,32082.0
2021-07-29 11:45:00,360.491285924,360.971692598,360.23637626,360.569719667,10712.0
2021-07-29 12:00:00,360.491285924,360.697174499,359.314779783,360.334418439,17322.0
2021-07-29 12:15:00,360.437362726,360.687370281,359.648123189,360.079508775,17613.0
2021-07-29 12:30:00,360.206963607,360.991301034,359.912837071,360.863846202,14403.0
2021-07-29 12:45:00,361.040322123,361.324644441,360.501090142,360.584425994,16296.0
2021-07-29 13:00:00,360.667761845,361.383469748,360.657957627,361.118755866,17795.0
2021-07-29 13:15:00,360.912867291,360.912867291,360.118725646,360.295201567,18444.0
2021-07-29 13:30:00,360.216767824,361.73642159,360.216767824,361.422882704,22891.0
2021-07-29 13:45:00,361.383469748,361.795246897,361.157972738,361.726617373,20823.0
2021-07-29 14:00:00,361.559945669,362.050156561,361.403078184,361.922701729,15288.0
2021-07-29 14:15:00,361.942310165,361.942310165,361.187385391,361.23640648,18320.0
2021-07-29 14:30:00,361.383469748,361.540337233,360.952084163,361.265819134,15166.0
2021-07-29 14:45:00,361.226602262,361.226602262,360.540307013,360.628544974,39176.0
2021-07-29 15:00:00,360.608936538,360.814825113,360.334418439,360.628544974,29078.0
2021-07-29 15:15:00,360.667761845,360.965221815,360.491285924,360.775608242,29841.0
2021-07-29 15:30:00,360.697174499,361.442295055,360.59913232,360.961888381,31497.0
2021-07-29 15:45:00,361.14816852,361.265819134,360.020683468,360.1481383,51702.0
2021-07-29 16:00:00,360.143236191,360.471677488,358.452008612,358.648092969,148046.0
2021-07-29 16:15:00,358.501029702,358.501029702,358.442204395,358.442204395,100688.0
2021-07-29 19:15:00,358.432400177,358.432400177,358.432400177,358.432400177,100.0
2021-07-30 09:30:00,356.148017419,356.148017419,356.148017419,356.148017419,398.0
2021-07-30 09:45:00,357.491195264,359.206933386,356.148115461,359.206933386,49418.0
2021-07-30 10:00:00,359.143205971,359.187324951,356.520577697,357.383348867,21618.0
2021-07-30 10:15:00,357.471586828,357.481391046,355.118574545,356.226451162,19011.0
2021-07-30 10:30:00,356.285276469,356.510773479,355.684179873,355.844086666,16275.0
2021-07-30 10:45:00,355.755848705,357.801400716,355.755848705,357.167656075,20450.0
2021-07-30 11:00:00,357.344131996,358.167686295,356.883333757,357.638258531,23270.0
2021-07-30 11:15:00,357.795126017,358.285336909,357.2362856,358.108860988,17810.0
2021-07-30 11:30:00,358.010818809,358.868687871,358.010818809,358.51083392,10974.0
2021-07-30 11:45:00,358.353966434,358.46181283,356.648032529,356.746074708,20987.0
2021-07-30 12:00:00,356.706857836,356.706857836,355.46172217,355.942128844,20874.0
2021-07-30 12:15:00,356.040171023,356.148017419,355.795065577,355.873499319,12023.0
2021-07-30 12:30:00,355.393092645,355.922520409,355.265637813,355.716631834,15869.0
2021-07-30 12:45:00,355.902911973,356.922550629,355.46172217,356.755878925,18046.0
2021-07-30 13:00:00,356.638032227,356.814704232,356.363710212,356.760781034,9003.0
2021-07-30 13:15:00,356.760781034,356.760781034,355.996052042,356.089192112,9663.0
2021-07-30 13:30:00,356.177430073,356.579403004,355.740063914,355.799967686,15683.0
2021-07-30 13:45:00,355.692121289,356.741172599,355.692121289,356.628424093,11000.0
2021-07-30 14:00:00,356.528028903,356.594109331,356.128408983,356.491165044,9278.0
2021-07-30 14:15:00,356.572736136,356.677445183,355.775457141,355.96173728,9586.0
2021-07-30 14:30:00,355.863008806,356.138213201,355.177399852,355.28034414,13168.0
2021-07-30 14:45:00,355.314658902,355.795065577,355.177399852,355.50672353,14861.0
2021-07-30 15:00:00,355.54996013,355.951933062,355.500939041,355.755848705,14125.0
2021-07-30 15:15:00,355.667610745,356.701955727,355.579372784,356.701955727,19435.0
2021-07-30 15:30:00,356.59901144,356.863725322,356.363710212,356.383318647,20182.0
2021-07-30 15:45:00,356.393122865,356.402927083,355.295050467,355.295050467,40667.0
2021-07-30 16:00:00,355.471526388,356.23625538,355.32446312,355.991149933,85546.0
2021-07-30 16:15:00,355.912716191,355.912716191,355.912716191,355.912716191,19514.0
2021-07-30 17:00:00,357.853951324,357.853951324,357.853951324,357.853951324,100.0
2021-08-02 09:45:00,356.697053618,359.265758694,356.128408983,359.265758694,27140.0
2021-08-02 10:00:00,359.226541822,360.167746735,358.078860081,358.078860081,11621.0
2021-08-02 10:15:00,358.216707384,359.37360509,357.431095408,358.589267662,11467.0
2021-08-02 10:30:00,358.672603514,358.834373108,358.255924256,358.255924256,12678.0
2021-08-02 10:45:00,358.32455378,358.46181283,357.648062749,357.677475403,8417.0
2021-08-02 11:00:00,357.638258531,357.912776631,357.491195264,357.760811254,16042.0
2021-08-02 11:15:00,357.834342888,357.996112483,357.334327778,357.334327778,8724.0
2021-08-02 11:30:00,357.270600362,357.814734453,357.226481382,357.500999482,17114.0
2021-08-02 11:45:00,357.540216353,357.981406156,357.226481382,357.770615472,17219.0
2021-08-02 12:00:00,357.82453867,357.858853433,356.726466272,356.87352954,12905.0
2021-08-02 12:15:00,356.893137975,357.059809679,356.636561594,356.9617675,8885.0
2021-08-02 12:30:00,356.775487361,357.09902655,356.432339736,356.496067152,8244.0
2021-08-02 12:45:00,356.510773479,357.059809679,356.510773479,356.9617675,9608.0
2021-08-02 13:00:00,356.991180154,357.000984371,356.638228311,356.770585252,6689.0
2021-08-02 13:15:00,356.807351069,356.807351069,356.23625538,356.46175239,11942.0
2021-08-02 13:30:00,356.363710212,356.540186133,356.23625538,356.344101776,6678.0
2021-08-02 13:45:00,356.402927083,356.402927083,355.96173728,355.981345716,6683.0
2021-08-02 14:00:00,356.059779458,356.23625538,356.000954151,356.226451162,10949.0
2021-08-02 14:15:00,356.18723429,356.471556608,356.069583676,356.442143954,10182.0
2021-08-02 14:30:00,356.442143954,356.6872494,356.157821637,356.46175239,13712.0
2021-08-02 14:45:00,356.32449334,356.603913549,356.246059597,356.363710212,11991.0
2021-08-02 15:00:00,356.373514429,356.59901144,356.309787013,356.59901144,7497.0
2021-08-02 15:15:00,356.540186133,356.589207222,355.706827616,355.795065577,12784.0
2021-08-02 15:30:00,355.839184557,356.10801621,355.628393873,356.09899633,14174.0
2021-08-02 15:45:00,356.000954151,356.216646944,355.54996013,355.618589655,16642.0
2021-08-02 16:00:00,355.618589655,355.677414962,354.628363653,354.951902842,46272.0
2021-08-02 16:15:00,354.755818485,354.755818485,354.755818485,354.755818485,4718.0
2021-08-03 09:45:00,354.275411811,355.192106179,352.569477906,352.622126556,26067.0
2021-08-03 10:00:00,352.941940142,352.941940142,351.638077211,352.638107431,14574.0
2021-08-03 10:15:00,352.510652599,353.089101452,352.500848381,353.010667709,18528.0
2021-08-03 10:30:00,353.079297234,356.589207222,353.079297234,356.113702657,16592.0
2021-08-03 10:45:00,356.162723746,356.466654499,355.608785438,356.383318647,10350.0
2021-08-03 11:00:00,356.520577697,357.000984371,356.226451162,356.569598786,28396.0
2021-08-03 11:15:00,356.432339736,356.863725322,355.951933062,356.755878925,21103.0
2021-08-03 11:30:00,356.520577697,357.530412135,356.363710212,357.530412135,14997.0
2021-08-03 11:45:00,357.608845878,358.456910721,357.003337384,358.402987523,25389.0
2021-08-03 12:00:00,358.227099855,358.32455378,357.265698253,357.363740432,15531.0
2021-08-03 12:15:00,357.32452356,357.32452356,356.564696677,356.594109331,15753.0
2021-08-03 12:30:00,356.638228311,356.667640965,356.197038508,356.402927083,14181.0
2021-08-03 12:45:00,356.549990351,357.167656075,356.295080687,356.898040084,13336.0
2021-08-03 13:00:00,356.799997906,357.050005461,356.618619876,356.618619876,13663.0
2021-08-03 13:15:00,356.716662054,357.402957303,356.677445183,357.353936214,13479.0
2021-08-03 13:30:00,357.32452356,357.471586828,357.197068728,357.32452356,14315.0
2021-08-03 13:45:00,357.275502471,357.804930235,357.187264511,357.314719343,22210.0
2021-08-03 14:00:00,357.295110907,357.422565739,357.09902655,357.09902655,10380.0
2021-08-03 14:15:00,357.187264511,357.500999482,357.040201243,357.246089818,27036.0
2021-08-03 14:30:00,357.157851857,357.402957303,356.559794568,356.981375936,18121.0
2021-08-03 14:45:00,356.981375936,357.442174174,356.981375936,357.059809679,12692.0
2021-08-03 15:00:00,357.040201243,357.412761521,356.991180154,357.407859412,15315.0
2021-08-03 15:15:00,357.402957303,357.471586828,357.069613896,357.187264511,22395.0
2021-08-03 15:30:00,357.075986638,357.579433224,357.075986638,357.128439203,22033.0
2021-08-03 15:45:00,357.138243421,357.471586828,357.079418114,357.089222332,30765.0
2021-08-03 16:00:00,357.09902655,357.608845878,356.814704232,357.510803699,84555.0
2021-08-03 16:15:00,357.304915125,357.304915125,357.304915125,357.304915125,8393.0
2021-08-04 09:45:00,355.746044487,356.87352954,354.68581637,355.18720407,24133.0
2021-08-04 10:00:00,354.912685971,355.912716191,354.285216029,355.081220475,21051.0
2021-08-04 10:15:00,355.530351695,356.667640965,355.530351695,355.697023398,16708.0
2021-08-04 10:30:00,355.172497743,355.172497743,353.236164719,353.255773155,16903.0
2021-08-04 10:45:00,353.138122541,354.040110582,352.079267014,353.559703908,27072.0
2021-08-04 11:00:00,353.334206898,353.853830443,351.530230814,351.794944696,15602.0
2021-08-04 11:15:00,351.579251903,351.917497419,350.696872297,351.647881428,19016.0
2021-08-04 11:30:00,351.598860339,351.785140478,350.353724673,350.589025901,19477.0
2021-08-04 11:45:00,350.476277396,350.476277396,349.677233642,350.010577048,25334.0
2021-08-04 12:00:00,350.044891811,350.636968526,349.530170374,350.334116237,21618.0
2021-08-04 12:15:00,350.343920455,351.751217884,350.196857187,351.711608844,15822.0
2021-08-04 12:30:00,351.706706735,351.834161567,350.226269841,350.373333109,12675.0
2021-08-04 12:45:00,350.437060525,350.77530604,350.030185484,350.255682494,14058.0
2021-08-04 13:00:00,350.147836098,350.481179505,350.098815009,350.45666896,9461.0
2021-08-04 13:15:00,350.353724673,350.559613248,349.843905345,350.304703584,12663.0
2021-08-04 13:30:00,350.304703584,350.358626782,349.755667384,350.108619227,10102.0
2021-08-04 13:45:00,350.167444534,350.981194615,350.020381266,350.892956654,9417.0
2021-08-04 14:00:00,350.696872297,351.363559111,350.628242773,350.873348219,10844.0
2021-08-04 14:15:00,350.91256509,351.343950675,350.285095148,350.579221683,13028.0
2021-08-04 14:30:00,350.726284951,350.941977744,350.490983723,350.785110258,14574.0
2021-08-04 14:45:00,350.750795496,350.939526689,350.373333109,350.682165971,15194.0
2021-08-04 15:00:00,350.68706808,350.892956654,350.245878277,350.642949099,13086.0
2021-08-04 15:15:00,350.540004812,351.294929586,350.530200594,350.700499858,15011.0
2021-08-04 15:30:00,350.667459644,351.388069656,350.647851208,351.388069656,17039.0
2021-08-04 15:45:00,351.422384418,351.6870983,351.020411486,351.245908497,28256.0
2021-08-04 16:00:00,351.236104279,351.299831695,350.226269841,350.432158416,70254.0
2021-08-04 16:15:00,350.255682494,350.255682494,350.255682494,350.255682494,3664.0
2021-08-04 17:45:00,350.255682494,350.255682494,350.255682494,350.255682494,484.0
2021-08-05 09:15:00,351.579251903,351.579251903,351.579251903,351.579251903,100.0
2021-08-05 09:45:00,351.628272993,351.628272993,350.294899366,351.1380621,17863.0
2021-08-05 10:00:00,350.902760872,351.128257883,350.010577048,350.589025901,9023.0
2021-08-05 10:15:00,350.981194615,351.520426596,350.68706808,350.799816585,6556.0
2021-08-05 10:30:00,350.755697605,350.91256509,350.334116237,350.432158416,6507.0
2021-08-05 10:45:00,350.383137326,350.95668407,350.177248752,350.785110258,12039.0
2021-08-05 11:00:00,350.981194615,351.314538022,350.579221683,351.206691625,8276.0
2021-08-05 11:15:00,351.157670536,351.157670536,350.27529093,350.657655426,13604.0
2021-08-05 11:30:00,350.696872297,351.736119389,350.41254998,351.707491073,11468.0
2021-08-05 11:45:00,351.569447686,351.741021498,351.1380621,351.4125802,8709.0
2021-08-05 12:00:00,351.446894963,351.834161567,351.069432576,351.667489864,9796.0
2021-08-05 12:15:00,351.667489864,351.951812182,351.569447686,351.951812182,4661.0
2021-08-05 12:30:00,351.991029053,352.020441706,351.633861397,351.701804627,5704.0
2021-08-05 12:45:00,351.961616399,352.108679667,351.520426596,351.770434151,6931.0
2021-08-05 13:00:00,351.922399528,351.922399528,351.255712715,351.255712715,4640.0
2021-08-05 13:15:00,351.236104279,351.491013943,351.236104279,351.469640748,3226.0
2021-08-05 13:30:00,351.461601289,352.334176678,351.461601289,352.314568242,13015.0
2021-08-05 13:45:00,352.260645044,352.373393549,351.491013943,351.853770003,7519.0
2021-08-05 14:00:00,352.206721846,352.32437246,352.01338267,352.236134499,3977.0
2021-08-05 14:15:00,352.285155588,352.334176678,351.589056121,351.716510953,5896.0
2021-08-05 14:30:00,351.559643468,351.902791092,351.363559111,351.4125802,7378.0
2021-08-05 14:45:00,351.516014698,351.589056121,350.922369308,351.069432576,7986.0
2021-08-05 15:00:00,351.069334533,351.265516932,350.785110258,350.858641892,8185.0
2021-08-05 15:15:00,351.040019922,351.221397952,350.27529093,350.314507802,9191.0
2021-08-05 15:30:00,350.314507802,350.990998833,350.304703584,350.873348219,12295.0
2021-08-05 15:45:00,350.941977744,351.628272993,350.873348219,351.422384418,17785.0
2021-08-05 16:00:00,351.373363329,351.942007964,351.030215704,351.696902518,51973.0
2021-08-05 16:15:00,351.696902518,351.696902518,351.696902518,351.696902518,4825.0
2021-08-06 09:45:00,352.814583352,354.912685971,352.814583352,354.579342564,15975.0
2021-08-06 10:00:00,354.23129283,354.540125693,353.753925464,354.393062425,9616.0
2021-08-06 10:15:00,354.265607593,355.863695102,353.942068404,354.809741683,13090.0
2021-08-06 10:30:00,354.795035356,355.18720407,354.564636237,355.18720407,4086.0
2021-08-06 10:45:00,355.295050467,355.686532885,353.834222008,353.935205452,10821.0
2021-08-06 11:00:00,354.245999157,355.147987199,354.245999157,355.084259783,20863.0
2021-08-06 11:15:00,354.971511278,355.520547477,354.932392448,355.030336585,6357.0
2021-08-06 11:30:00,354.912685971,355.108770327,354.638167871,355.059749238,9137.0
2021-08-06 11:45:00,354.863664881,354.863664881,354.201880177,354.589146782,9281.0
2021-08-06 12:00:00,354.589146782,354.853860664,354.402866643,354.481300385,5379.0
2021-08-06 12:15:00,354.402866643,354.432279296,354.118544325,354.373453989,3913.0
2021-08-06 12:30:00,354.471496168,354.570518768,354.295020246,354.471496168,5889.0
2021-08-06 12:45:00,354.422475078,354.755818485,354.402866643,354.657776307,4355.0
2021-08-06 13:00:00,354.569538346,355.422505299,354.569538346,355.265637813,8003.0
2021-08-06 13:15:00,355.265637813,355.285246249,354.799937465,354.991119713,6010.0
2021-08-06 13:30:00,354.991119713,355.167595635,354.981315496,355.128378763,5149.0
2021-08-06 13:45:00,355.020532367,355.030336585,354.750916376,354.898960066,6664.0
2021-08-06 14:00:00,354.86856699,355.201910397,354.86856699,355.201910397,4502.0
2021-08-06 14:15:00,355.18720407,355.197008288,354.594048891,354.618559435,7975.0
2021-08-06 14:30:00,354.657776307,354.996021822,354.657776307,354.888175426,8605.0
2021-08-06 14:45:00,354.883273317,354.883273317,353.942068404,353.995991602,10024.0
2021-08-06 15:00:00,354.167565414,354.559734128,354.09893589,354.422475078,6862.0
2021-08-06 15:15:00,354.422475078,354.422475078,354.236194939,354.275411811,6106.0
2021-08-06 15:30:00,354.295020246,354.628363653,354.295020246,354.50581093,8674.0
2021-08-06 15:45:00,354.46169195,354.647972089,354.334237118,354.378356098,16123.0
2021-08-06 16:00:00,354.329335009,355.157791417,354.329335009,354.912685971,60749.0
2021-08-06 16:15:00,355.020532367,355.020532367,355.020532367,355.020532367,3237.0
2021-08-09 09:45:00,354.638167871,354.638167871,353.540095472,353.932264186,8137.0
2021-08-09 10:00:00,354.285216029,354.285216029,353.37479636,353.574410235,8362.0
2021-08-09 10:15:00,353.564606017,353.91265575,352.701834847,352.922429748,19396.0
2021-08-09 10:30:00,353.294990026,353.716571394,352.964097674,352.991059273,5265.0
2021-08-09 10:45:00,352.749091177,353.736179829,352.745953827,353.422444858,8033.0
2021-08-09 11:00:00,353.569508126,354.334237118,352.976352946,353.157730976,15625.0
2021-08-09 11:15:00,353.157730976,353.520487037,353.133220432,353.520487037,9204.0
2021-08-09 11:30:00,353.68715874,353.82441779,353.333324518,353.692060849,10485.0
2021-08-09 11:45:00,353.520487037,354.040110582,353.520487037,353.946970513,7645.0
2021-08-09 12:00:00,353.848928334,354.3244329,353.848928334,354.157761197,6614.0
2021-08-09 12:15:00,354.157761197,354.157761197,352.991059273,353.314598462,6707.0
2021-08-09 12:30:00,353.344011115,353.530291255,353.18714363,353.371266841,5040.0
2021-08-09 12:45:00,353.301558852,353.579312344,352.82438757,353.089101452,6473.0
2021-08-09 13:00:00,353.236164719,353.285185808,352.991059273,353.236164719,3797.0
2021-08-09 13:15:00,353.236164719,353.405973772,352.657715866,352.883212877,8034.0
2021-08-09 13:30:00,352.829289679,353.491074383,352.829289679,353.236164719,7142.0
2021-08-09 13:45:00,353.265577373,353.334206898,352.863604441,352.863604441,6884.0
2021-08-09 14:00:00,352.843996005,352.971450837,352.696932738,352.82438757,5631.0
2021-08-09 14:15:00,352.951842402,353.41264064,352.713109697,353.41264064,12784.0
2021-08-09 14:30:00,353.534310984,353.726375611,353.32440268,353.667550304,6991.0
2021-08-09 14:45:00,353.68715874,353.68715874,353.255773155,353.540095472,6597.0
2021-08-09 15:00:00,353.540095472,353.696962958,353.18714363,353.18714363,7018.0
2021-08-09 15:15:00,353.309696353,353.476368056,353.255773155,353.451857512,5062.0
2021-08-09 15:30:00,353.510682819,353.667550304,353.294990026,353.535193363,10388.0
2021-08-09 15:45:00,353.605881774,354.069523236,353.294990026,353.54989969,16940.0
2021-08-09 16:00:00,353.540095472,354.108740107,353.422444858,353.745984047,71421.0
2021-08-09 16:15:00,353.922459968,353.922459968,353.922459968,353.922459968,6906.0
2021-08-10 09:45:00,353.167535194,353.384502535,351.971420617,353.207144234,25503.0
2021-08-10 10:00:00,353.138122541,353.221458392,351.843965785,352.677324302,12677.0
2021-08-10 10:15:00,352.471435727,353.363619551,352.059658578,353.363619551,11993.0
2021-08-10 10:30:00,353.795005136,353.932264186,352.794974916,353.544997581,10097.0
2021-08-10 10:45:00,353.652843978,354.275411811,353.245968937,354.275411811,13402.0
2021-08-10 11:00:00,354.363649771,354.520517257,353.795005136,353.951872622,12981.0
2021-08-10 11:15:00,353.873438879,355.211714615,353.814613572,355.138182981,14993.0
2021-08-10 11:30:00,355.118574545,355.432309516,354.559734128,355.138182981,16210.0
2021-08-10 11:45:00,354.883273317,354.96170706,354.157761197,354.314628682,15981.0
2021-08-10 12:00:00,354.226390721,354.667580524,354.020502147,354.647972089,10140.0
2021-08-10 12:15:00,354.584244673,354.584244673,353.608724997,353.608724997,7662.0
2021-08-10 12:30:00,353.716277267,354.167565414,353.226360501,353.226360501,31029.0
2021-08-10 12:45:00,353.123416214,353.206752066,352.68712852,353.177339412,21991.0
2021-08-10 13:00:00,353.334206898,354.118544325,353.245968937,354.118544325,77945.0
2021-08-10 13:15:00,354.118544325,354.157761197,353.540095472,353.981285275,10537.0
2021-08-10 13:30:00,353.971481058,354.520517257,353.971481058,354.255803375,10702.0
2021-08-10 13:45:00,354.344041336,354.951902842,354.255803375,354.726405832,32788.0
2021-08-10 14:00:00,354.628363653,355.000923931,353.951872622,354.952981306,23974.0
2021-08-10 14:15:00,355.040140803,355.893107755,354.981315496,355.648002309,21821.0
2021-08-10 14:30:00,355.510743259,355.706827616,355.265637813,355.329365229,13573.0
2021-08-10 14:45:00,355.226420942,355.393092645,355.059749238,355.059749238,12328.0
2021-08-10 15:00:00,355.059749238,355.206812506,354.500908821,354.662678416,11932.0
2021-08-10 15:15:00,354.628363653,354.844056446,354.285216029,354.579342564,11704.0
2021-08-10 15:30:00,354.579342564,355.275442031,354.540125693,355.118574545,15161.0
2021-08-10 15:45:00,354.912685971,355.089161892,354.540125693,354.559734128,22227.0
2021-08-10 16:00:00,354.618559435,355.922520409,354.559734128,355.775457141,97283.0
2021-08-10 16:15:00,355.579372784,355.579372784,355.579372784,355.579372784,5183.0
2021-08-10 17:15:00,356.295080687,356.295080687,356.295080687,356.295080687,174.0
2021-08-11 09:45:00,356.677445183,356.677445183,355.152889308,356.251451917,10873.0
2021-08-11 10:00:00,356.471556608,357.638258531,356.388220756,357.393153085,8710.0
2021-08-11 10:15:00,357.589237442,358.608876098,356.853921104,358.608876098,13936.0
2021-08-11 10:30:00,358.089252552,358.239257085,357.853951324,358.035329354,7982.0
2021-08-11 10:45:00,358.030427245,358.518579252,357.937287176,358.518579252,5268.0
2021-08-11 11:00:00,358.775547801,359.324584001,358.687309841,359.324584001,11969.0
2021-08-11 11:15:00,359.29801457,360.030487685,358.98339722,359.505962031,7397.0
2021-08-11 11:30:00,359.706948497,360.118725646,359.403017743,359.403017743,6332.0
2021-08-11 11:45:00,359.363800872,359.559885229,358.844177326,358.962808362,8040.0
2021-08-11 12:00:00,358.912806851,359.432430397,358.824568891,359.138303862,4649.0
2021-08-11 12:15:00,359.138303862,359.138303862,358.314749563,358.407889632,4176.0
2021-08-11 12:30:00,358.177490513,358.363770652,358.128469424,358.157882077,3025.0
2021-08-11 12:45:00,358.079448334,358.148077859,357.96179772,358.059839899,3329.0
2021-08-11 13:00:00,357.981406156,358.255924256,357.853951324,358.197098949,4053.0
2021-08-11 13:15:00,358.118665206,358.118665206,357.46178261,357.760811254,6012.0
2021-08-11 13:30:00,357.883363977,358.180235694,357.755909146,358.180235694,4089.0
2021-08-11 13:45:00,357.883363977,358.09905677,357.633356422,358.09905677,4935.0
2021-08-11 14:00:00,358.285336909,358.52524612,357.924541692,358.128469424,7514.0
2021-08-11 14:15:00,357.82453867,357.96179772,357.721594383,357.721594383,4858.0
2021-08-11 14:30:00,357.638258531,358.108860988,357.540216353,357.951993502,7408.0
2021-08-11 14:45:00,358.020623027,358.030427245,357.618650096,357.618650096,5264.0
2021-08-11 15:00:00,357.638258531,357.648062749,357.09902655,357.162753966,7344.0
2021-08-11 15:15:00,357.157851857,357.638258531,357.059809679,357.550020571,10757.0
2021-08-11 15:30:00,357.697083838,357.809832344,357.500999482,357.667671185,12609.0
2021-08-11 15:45:00,357.853951324,358.501029702,357.853951324,358.32455378,14430.0
2021-08-11 16:00:00,358.276513113,359.157912297,357.971601938,358.903002633,66288.0
2021-08-11 16:15:00,358.932415287,358.932415287,358.932415287,358.932415287,6526.0
2021-08-12 09:45:00,360.157942517,360.157942517,358.32455378,359.118695426,11696.0
2021-08-12 10:00:00,359.363800872,359.363800872,358.579463444,359.23634604,4687.0
2021-08-12 10:15:00,359.23634604,359.481451486,358.363770652,358.363770652,6758.0
2021-08-12 10:30:00,358.432400177,358.432400177,357.020592807,357.089222332,6026.0
2021-08-12 10:45:00,356.82450845,356.82450845,355.334267338,355.402896863,9294.0
2021-08-12 11:00:00,355.373484209,355.68721918,355.059749238,355.128378763,12688.0
2021-08-12 11:15:00,355.059749238,355.157791417,353.932264186,354.422475078,16215.0
2021-08-12 11:30:00,354.54992991,356.334297558,354.3244329,356.334297558,19288.0
2021-08-12 11:45:00,356.148017419,356.235274958,355.442113734,355.99997373,13584.0
2021-08-12 12:00:00,355.858792993,355.858792993,355.18720407,355.559764348,9732.0
2021-08-12 12:15:00,355.697023398,357.025494916,355.677414962,357.025494916,7815.0
2021-08-12 12:30:00,357.020592807,357.157851857,356.657836747,356.893137975,11578.0
2021-08-12 12:45:00,357.050005461,357.510803699,356.951963282,357.510803699,6475.0
2021-08-12 13:00:00,357.451978392,357.716692274,357.079418114,357.138243421,15751.0
2021-08-12 13:15:00,357.341092689,357.341092689,356.432339736,356.491165044,7340.0
2021-08-12 13:30:00,356.540186133,357.393153085,356.510773479,356.932354847,9303.0
2021-08-12 13:45:00,356.849018995,356.849018995,356.510773479,356.569598786,4837.0
2021-08-12 14:00:00,356.510773479,356.510773479,355.623491764,355.623491764,8211.0
2021-08-12 14:15:00,355.520547477,355.746044487,355.206812506,355.393092645,14466.0
2021-08-12 14:30:00,355.358777883,355.500939041,354.971511278,355.427407407,23272.0
2021-08-12 14:45:00,355.393092645,355.500939041,355.147987199,355.285246249,11927.0
2021-08-12 15:00:00,355.32446312,355.491134823,355.157791417,355.304854684,14880.0
2021-08-12 15:15:00,355.344071556,355.657806527,355.18720407,355.540155913,9924.0
2021-08-12 15:30:00,355.491134823,355.844086666,355.393092645,355.844086666,12753.0
2021-08-12 15:45:00,355.82447823,356.206842726,355.775457141,356.206842726,13776.0
2021-08-12 16:00:00,356.172527964,357.157851857,356.172527964,356.775487361,121877.0
2021-08-12 16:15:00,356.73627049,356.73627049,356.73627049,356.73627049,5837.0
2021-08-13 09:45:00,356.755878925,358.157882077,356.741172599,356.755878925,18009.0
2021-08-13 10:00:00,356.73627049,356.87352954,355.82447823,356.214588058,7455.0
2021-08-13 10:15:00,356.558618062,357.32452356,356.089192112,356.6872494,12719.0
2021-08-13 10:30:00,356.667640965,356.726466272,355.860361667,356.069583676,12722.0
2021-08-13 10:45:00,356.353905994,356.59901144,355.667610745,356.23625538,5041.0
2021-08-13 11:00:00,356.157821637,356.6872494,356.157821637,356.471556608,4360.0
2021-08-13 11:15:00,356.466654499,357.108830768,356.015170267,357.045103352,6941.0
2021-08-13 11:30:00,356.91764852,356.91764852,356.500969261,356.520675739,3850.0
2021-08-13 11:45:00,356.662738856,357.711790165,356.662738856,357.570609428,11422.0
2021-08-13 12:00:00,357.569629006,357.628454314,357.177460293,357.226481382,5113.0
2021-08-13 12:15:00,357.148047639,357.246089818,356.530381915,356.530381915,6348.0
2021-08-13 12:30:00,356.412535216,357.118634986,356.304884905,356.746074708,9944.0
2021-08-13 12:45:00,356.902942193,357.32452356,356.834312668,357.216677164,5795.0
2021-08-13 13:00:00,357.187264511,357.187264511,356.515675588,356.559794568,3737.0
2021-08-13 13:15:00,356.46175239,356.559794568,355.976443607,356.00585626,3976.0
2021-08-13 13:30:00,355.951933062,355.96173728,355.628393873,355.628393873,4080.0
2021-08-13 13:45:00,355.82447823,356.108800548,355.775457141,355.991149933,4537.0
2021-08-13 14:00:00,356.040171023,356.677445183,356.020562587,356.382338225,4921.0
2021-08-13 14:15:00,356.530381915,356.716662054,356.18723429,356.491165044,10752.0
2021-08-13 14:30:00,356.716662054,356.814704232,356.402927083,356.574500895,14106.0
2021-08-13 14:45:00,356.697053618,356.775487361,356.520577697,356.6872494,9589.0
2021-08-13 15:00:00,356.648032529,356.799997906,356.463713234,356.628424093,8881.0
2021-08-13 15:15:00,356.638228311,356.912746411,356.638228311,356.834312668,6730.0
2021-08-13 15:30:00,356.844116886,356.849018995,356.589207222,356.765683143,7598.0
2021-08-13 15:45:00,356.682347292,357.192166619,356.677445183,356.839214777,11905.0
2021-08-13 16:00:00,356.902942193,357.187264511,355.863695102,356.138213201,55442.0
2021-08-13 16:15:00,356.000954151,356.000954151,356.000954151,356.000954151,56852.0
2021-08-16 09:45:00,355.363679991,355.363679991,352.510652599,353.451857512,15644.0
2021-08-16 10:00:00,353.451857512,355.447015843,352.96164662,355.447015843,16291.0
2021-08-16 10:15:00,355.54996013,358.669662249,355.353875774,358.657897187,40932.0
2021-08-16 10:30:00,358.520638137,358.623582425,357.314719343,357.711790165,17652.0
2021-08-16 10:45:00,357.87355976,359.608906318,357.726496492,359.608906318,15203.0
2021-08-16 11:00:00,359.481451486,359.893228636,358.991240594,359.206933386,20571.0
2021-08-16 11:15:00,359.344192436,359.844207546,358.883394198,359.403017743,23654.0
2021-08-16 11:30:00,359.304975565,360.187355171,359.167716515,359.834403329,19242.0
2021-08-16 11:45:00,359.814794893,360.079508775,358.560835431,358.746135148,18074.0
2021-08-16 12:00:00,358.844177326,359.360761564,358.353966434,359.157912297,18537.0
2021-08-16 12:15:00,359.314779783,359.893228636,358.962220109,359.893228636,21846.0
2021-08-16 12:30:00,359.961858161,360.59913232,359.589297882,360.59913232,14496.0
2021-08-16 12:45:00,360.525600687,360.868748311,360.265788914,360.687370281,25461.0
2021-08-16 13:00:00,360.765804024,361.309938114,360.403047964,361.305036005,28716.0
2021-08-16 13:15:00,361.354057094,361.354057094,360.755999806,361.14816852,21474.0
2021-08-16 13:30:00,361.01090947,361.177581173,360.775608242,361.123657975,30829.0
2021-08-16 13:45:00,361.123657975,361.187385391,360.128529864,360.128529864,26741.0
2021-08-16 14:00:00,360.059900339,360.059900339,359.589297882,359.657927407,10464.0
2021-08-16 14:15:00,359.785382239,360.255984696,359.657927407,359.775578021,11459.0
2021-08-16 14:30:00,359.795186457,360.119411941,359.559885229,359.559885229,10025.0
2021-08-16 14:45:00,359.545178902,360.157942517,359.545178902,360.157942517,8732.0
2021-08-16 15:00:00,360.167746735,360.471677488,360.020683468,360.255984696,12229.0
2021-08-16 15:15:00,360.368733201,360.368733201,360.026565998,360.300103676,15599.0
2021-08-16 15:30:00,360.295201567,360.305005785,359.726556932,359.844207546,13543.0
2021-08-16 15:45:00,359.814794893,360.28049524,359.667731625,360.23637626,26421.0
2021-08-16 16:00:00,360.23637626,361.599162541,360.069704557,361.461903491,88008.0
2021-08-16 16:15:00,361.403078184,361.403078184,361.403078184,361.403078184,12936.0
2021-08-16 16:45:00,361.461903491,361.461903491,361.461903491,361.461903491,812.0
2021-08-16 18:15:00,361.461903491,361.461903491,361.461903491,361.461903491,300.0
2021-08-16 18:30:00,361.461903491,361.461903491,361.461903491,361.461903491,100.0
2021-08-17 09:45:00,361.805051115,361.805051115,360.118725646,360.726587152,22533.0
2021-08-17 10:00:00,361.074636886,362.393304186,360.805020895,362.290359899,25706.0
2021-08-17 10:15:00,362.344283097,364.398266735,361.765834244,364.040412784,36224.0
2021-08-17 10:30:00,363.981587477,364.28551823,363.501180802,364.28551823,29447.0
2021-08-17 10:45:00,364.324735101,364.481602587,361.775638462,362.981557257,18335.0
2021-08-17 11:00:00,362.971753039,362.981557257,361.579554105,361.594260432,20257.0
2021-08-17 11:15:00,361.633477303,362.226632483,361.574651996,362.226632483,12981.0
2021-08-17 11:30:00,362.275261403,363.040382564,361.903093294,362.108981868,10536.0
2021-08-17 11:45:00,361.991331254,362.153100849,361.540337233,361.903093294,9156.0
2021-08-17 12:00:00,361.991331254,362.216828265,361.805051115,362.069764997,10597.0
2021-08-17 12:15:00,362.01093969,362.2364367,361.731519481,361.731519481,7998.0
2021-08-17 12:30:00,361.721715264,362.05505867,361.349841281,361.599162541,11639.0
2021-08-17 12:45:00,361.383469748,361.569749887,360.128529864,360.128529864,9550.0
2021-08-17 13:00:00,360.177550953,360.177550953,359.035359574,359.035359574,9638.0
2021-08-17 13:15:00,358.952023723,359.657927407,358.746135148,359.628514754,16636.0
2021-08-17 13:30:00,359.501059922,359.559885229,358.87358998,359.363800872,12605.0
2021-08-17 13:45:00,359.304975565,359.383409308,359.118695426,359.177520733,6337.0
2021-08-17 14:00:00,359.138303862,360.187355171,359.089282772,360.089312992,11138.0
2021-08-17 14:15:00,360.461873271,360.942279945,360.416185615,360.633447083,11235.0
2021-08-17 14:30:00,360.501090142,360.633447083,360.118725646,360.23637626,5406.0
2021-08-17 14:45:00,360.05499823,360.113823537,359.618710536,359.893228636,6686.0
2021-08-17 15:00:00,359.942249725,360.87365042,359.942249725,360.844237767,6076.0
2021-08-17 15:15:00,360.731489261,361.51092458,360.589328103,361.280525461,12819.0
2021-08-17 15:30:00,361.14816852,361.216798045,360.579523885,360.854041984,12492.0
2021-08-17 15:45:00,361.045224232,361.275623352,360.775608242,361.040322123,23317.0
2021-08-17 16:00:00,361.015811579,361.623673085,360.961888381,361.422686619,50359.0
2021-08-17 16:15:00,361.412882401,361.412882401,361.412882401,361.412882401,6133.0
2021-08-17 18:00:00,361.775638462,361.775638462,361.775638462,361.775638462,350.0
2021-08-18 09:45:00,359.344192436,360.108921428,356.706857836,358.040231463,26966.0
2021-08-18 10:00:00,358.030427245,358.206903166,357.246089818,357.59904166,8756.0
2021-08-18 10:15:00,357.500999482,358.785352019,357.500999482,358.187294731,16309.0
2021-08-18 10:30:00,358.197098949,358.952023723,357.853951324,358.893198415,16581.0
2021-08-18 10:45:00,358.878492089,359.059870119,358.452008612,358.853981544,9952.0
2021-08-18 11:00:00,358.910355797,359.471647268,358.682407732,358.824568891,11513.0
2021-08-18 11:15:00,358.795156237,358.795156237,358.246120038,358.402987523,10991.0
2021-08-18 11:30:00,358.481421266,358.971632158,358.138273641,358.73633093,9967.0
2021-08-18 11:45:00,358.73633093,358.971632158,358.491225484,358.971632158,5724.0
2021-08-18 12:00:00,359.030457465,360.334418439,359.005946921,359.108891208,26910.0
2021-08-18 12:15:00,359.079478555,359.304975565,358.844177326,359.148108079,9146.0
2021-08-18 12:30:00,358.96182794,359.265758694,358.46181283,358.628484534,5636.0
2021-08-18 12:45:00,358.402987523,358.559855009,358.150921082,358.530442355,10917.0
2021-08-18 13:00:00,358.481421266,358.971632158,358.481421266,358.971632158,4682.0
2021-08-18 13:15:00,358.971632158,359.040261683,358.708977162,358.814764673,2973.0
2021-08-18 13:30:00,358.814764673,358.814764673,358.368672761,358.687309841,6034.0
2021-08-18 13:45:00,358.765743583,359.295171347,358.755939366,359.295171347,5425.0
2021-08-18 14:00:00,359.324584001,359.789696095,359.324584001,359.579493665,4770.0
2021-08-18 14:15:00,359.471647268,359.849109655,358.87358998,359.069674337,8896.0
2021-08-18 14:30:00,358.888296307,359.216737604,358.23631582,359.162814406,15130.0
2021-08-18 14:45:00,359.128499644,359.357722257,358.589267662,358.589267662,6551.0
2021-08-18 15:00:00,358.442204395,359.177520733,358.189647743,359.177520733,13134.0
2021-08-18 15:15:00,359.157912297,359.187324951,358.344162216,358.412791741,10323.0
2021-08-18 15:30:00,358.304945345,358.569659227,357.412761521,357.412761521,17062.0
2021-08-18 15:45:00,357.275502471,357.78041969,356.844116886,357.765713363,28781.0
2021-08-18 16:00:00,357.814734453,357.853951324,355.922520409,356.059779458,56739.0
2021-08-18 16:15:00,356.049975241,356.049975241,355.82447823,355.82447823,5691.0
2021-08-18 17:15:00,354.46169195,354.46169195,354.46169195,354.46169195,301.0
2021-08-19 07:15:00,354.569538346,354.569538346,354.569538346,354.569538346,340.0
2021-08-19 09:45:00,355.059749238,357.353936214,354.09893589,357.008043408,16516.0
2021-08-19 10:00:00,357.000984371,357.706888056,356.653620933,357.285306689,10523.0
2021-08-19 10:15:00,356.82450845,357.853951324,356.765683143,357.481391046,19310.0
2021-08-19 10:30:00,357.481391046,357.491195264,356.226451162,356.373514429,13390.0
2021-08-19 10:45:00,356.255863815,356.255863815,354.844056446,355.089161892,10129.0
2021-08-19 11:00:00,355.236225159,356.87352954,355.030336585,356.82450845,11478.0
2021-08-19 11:15:00,356.73627049,356.746074708,355.344071556,355.520547477,8991.0
2021-08-19 11:30:00,355.677414962,355.697023398,354.657776307,354.932294406,26277.0
2021-08-19 11:45:00,355.040140803,355.927422518,355.040140803,355.589177002,11647.0
2021-08-19 12:00:00,355.785261359,356.922550629,355.785261359,356.59901144,10052.0
2021-08-19 12:15:00,356.883333757,356.912746411,356.079387894,356.549892308,10232.0
2021-08-19 12:30:00,356.334297558,356.844116886,356.108800548,356.46175239,7186.0
2021-08-19 12:45:00,356.549990351,356.746074708,356.113702657,356.157821637,9570.0
2021-08-19 13:00:00,356.09899633,356.657836747,356.040171023,356.520577697,5748.0
2021-08-19 13:15:00,356.285276469,356.304884905,355.54996013,355.618589655,9812.0
2021-08-19 13:30:00,355.520547477,355.520547477,354.540125693,354.765622703,9505.0
2021-08-19 13:45:00,354.907783862,355.579372784,354.736210049,355.373484209,9727.0
2021-08-19 14:00:00,355.383288427,355.402896863,354.290118137,354.383258207,21056.0
2021-08-19 14:15:00,354.530321475,354.54992991,353.775396701,354.108740107,7727.0
2021-08-19 14:30:00,354.108740107,354.481300385,353.677354522,353.677354522,7558.0
2021-08-19 14:45:00,353.559703908,353.687943077,352.829289679,353.236164719,7045.0
2021-08-19 15:00:00,353.667550304,354.295020246,353.427346967,354.295020246,8424.0
2021-08-19 15:15:00,354.344041336,354.442083514,353.853830443,353.96167684,12802.0
2021-08-19 15:30:00,354.196978068,355.18720407,353.96167684,355.059749238,13952.0
2021-08-19 15:45:00,354.981315496,355.108770327,353.922459968,354.344041336,20918.0
2021-08-19 16:00:00,354.18717385,354.334237118,353.540095472,353.755788265,83314.0
2021-08-19 16:15:00,354.020502147,354.020502147,354.020502147,354.020502147,27442.0
2021-08-20 09:45:00,353.157730976,355.59898122,352.226330281,353.442053294,29798.0
2021-08-20 10:00:00,353.466563839,354.746014267,353.466563839,354.275411811,13706.0
2021-08-20 10:15:00,354.118544325,354.883273317,353.775396701,354.388160316,19144.0
2021-08-20 10:30:00,354.383258207,355.795065577,353.96167684,355.785261359,9480.0
2021-08-20 10:45:00,355.949972219,356.04409271,355.334267338,355.618589655,13170.0
2021-08-20 11:00:00,355.66515969,355.66515969,355.020532367,355.246029377,19513.0
2021-08-20 11:15:00,355.442113734,356.000954151,355.393092645,355.893107755,12049.0
2021-08-20 11:30:00,355.971541498,356.010758369,355.334267338,355.334267338,8886.0
2021-08-20 11:45:00,355.451917952,356.157821637,355.432309516,355.981345716,13289.0
2021-08-20 12:00:00,355.971541498,356.981375936,355.971541498,356.755878925,7395.0
2021-08-20 12:15:00,356.834312668,357.226481382,356.741172599,356.912746411,4205.0
2021-08-20 12:30:00,356.785291579,356.853921104,356.451948172,356.844116886,5877.0
2021-08-20 12:45:00,356.9617675,357.030397025,356.648032529,357.030397025,7792.0
2021-08-20 13:00:00,356.9617675,357.285306689,356.883333757,357.000984371,6367.0
2021-08-20 13:15:00,356.878431648,357.2362856,356.878431648,357.187264511,11759.0
2021-08-20 13:30:00,357.187264511,357.530412135,357.152949748,357.432369957,7966.0
2021-08-20 13:45:00,357.32452356,357.500999482,357.000984371,357.235305178,11124.0
2021-08-20 14:00:00,357.138243421,357.314719343,356.932354847,356.956865391,10685.0
2021-08-20 14:15:00,356.951963282,357.015690698,356.442143954,356.545088242,11566.0
2021-08-20 14:30:00,356.549990351,356.549990351,355.397994754,355.397994754,13326.0
2021-08-20 14:45:00,355.530351695,355.706827616,355.265637813,355.451917952,9438.0
2021-08-20 15:00:00,355.437211625,355.46172217,355.172497743,355.402896863,11613.0
2021-08-20 15:15:00,355.358777883,355.814674012,355.265637813,355.638786344,10920.0
2021-08-20 15:30:00,355.628393873,356.079387894,355.628393873,356.000954151,12397.0
2021-08-20 15:45:00,356.000954151,356.020562587,355.589177002,355.755848705,23651.0
2021-08-20 16:00:00,355.778692533,356.255863815,355.432309516,355.873499319,91295.0
2021-08-20 16:15:00,355.893107755,355.893107755,355.893107755,355.893107755,9789.0
2021-08-23 09:45:00,357.853951324,358.020623027,355.971541498,356.167625855,32720.0
2021-08-23 10:00:00,356.246059597,356.246059597,355.559764348,356.040171023,8796.0
2021-08-23 10:15:00,356.295080687,357.2362856,356.030366805,356.9617675,18059.0
2021-08-23 10:30:00,356.9617675,357.785321799,356.373514429,357.785321799,16485.0
2021-08-23 10:45:00,357.520607917,357.853951324,357.150498694,357.150498694,14046.0
2021-08-23 11:00:00,357.148047639,357.667671185,356.775487361,356.893137975,8447.0
2021-08-23 11:15:00,356.966669609,357.726496492,356.966669609,357.603943769,12977.0
2021-08-23 11:30:00,357.550020571,357.628454314,356.46175239,356.46175239,8632.0
2021-08-23 11:45:00,356.677445183,356.888235866,356.412731301,356.531362337,10571.0
2021-08-23 12:00:00,356.530381915,356.540186133,356.226451162,356.427437628,7182.0
2021-08-23 12:15:00,356.491165044,356.638228311,356.265668033,356.427437628,9268.0
2021-08-23 12:30:00,356.260765924,356.667640965,356.108800548,356.667640965,7697.0
2021-08-23 12:45:00,356.682347292,356.922550629,356.177430073,356.319591231,10659.0
2021-08-23 13:00:00,356.393024823,356.863725322,356.393024823,356.858823213,13072.0
2021-08-23 13:15:00,356.922550629,357.050005461,356.6872494,357.000984371,11224.0
2021-08-23 13:30:00,357.089222332,357.089222332,356.6872494,356.863137069,10582.0
2021-08-23 13:45:00,356.765683143,356.932354847,356.285276469,356.285276469,10112.0
2021-08-23 14:00:00,356.422535519,356.618619876,356.304884905,356.618619876,4786.0
2021-08-23 14:15:00,356.716662054,357.206872946,356.6872494,356.78038947,11547.0
2021-08-23 14:30:00,356.73627049,356.9617675,356.500969261,356.814704232,7915.0
2021-08-23 14:45:00,356.78038947,356.902942193,356.59901144,356.603913549,8222.0
2021-08-23 15:00:00,356.618619876,357.010788589,356.618619876,356.755878925,12104.0
2021-08-23 15:15:00,356.657836747,356.893137975,356.628424093,356.863725322,7613.0
2021-08-23 15:30:00,356.902942193,357.108830768,356.746662961,357.108830768,8478.0
2021-08-23 15:45:00,357.088830163,357.314719343,356.814704232,356.814704232,16906.0
2021-08-23 16:00:00,356.814704232,356.942159064,355.628393873,355.971541498,45418.0
2021-08-23 16:15:00,355.814674012,355.814674012,355.814674012,355.814674012,19837.0
2021-08-23 19:45:00,355.893107755,355.893107755,355.893107755,355.893107755,295.0
2021-08-24 09:30:00,356.089192112,356.089192112,356.089192112,356.089192112,200.0
2021-08-24 09:45:00,357.314719343,357.314719343,356.157821637,356.422535519,8220.0
2021-08-24 10:00:00,356.32449334,356.6872494,355.893107755,356.368612321,9216.0
2021-08-24 10:15:00,356.275472251,356.677445183,356.123506874,356.398024974,9785.0
2021-08-24 10:30:00,356.226451162,356.667640965,356.226451162,356.667640965,9124.0
2021-08-24 10:45:00,356.569598786,356.569598786,355.177399852,355.177399852,8048.0
2021-08-24 11:00:00,355.18720407,355.746044487,355.18720407,355.422505299,7291.0
2021-08-24 11:15:00,355.525449586,356.255863815,355.442113734,356.255863815,7967.0
2021-08-24 11:30:00,356.177430073,356.177430073,355.814674012,355.87849947,6198.0
2021-08-24 11:45:00,355.746044487,355.95095264,355.471526388,355.941148422,10647.0
2021-08-24 12:00:00,355.951933062,356.059779458,355.804869794,355.873499319,7007.0
2021-08-24 12:15:00,355.814674012,355.863695102,355.589177002,355.59898122,4654.0
2021-08-24 12:30:00,355.432309516,355.82447823,355.432309516,355.569568566,4084.0
2021-08-24 12:45:00,355.657806527,355.922520409,355.559764348,355.853890884,6579.0
2021-08-24 13:00:00,355.814674012,355.883303537,355.755848705,355.795065577,3208.0
2021-08-24 13:15:00,355.883303537,356.162723746,355.775457141,356.106349493,4038.0
2021-08-24 13:30:00,356.167625855,356.510773479,356.167625855,356.177430073,6298.0
2021-08-24 13:45:00,356.108800548,356.383318647,356.108800548,356.309787013,5947.0
2021-08-24 14:00:00,356.290178578,356.295080687,355.971541498,356.265668033,6935.0
2021-08-24 14:15:00,356.360082651,356.87352954,356.285276469,356.87352954,6571.0
2021-08-24 14:30:00,356.893137975,356.971571718,356.741172599,356.804900015,7838.0
2021-08-24 14:45:00,356.770585252,356.951963282,356.649601204,356.858823213,5281.0
2021-08-24 15:00:00,356.78038947,356.809802124,356.451948172,356.59901144,6566.0
2021-08-24 15:15:00,356.569598786,356.569598786,356.285276469,356.363710212,9626.0
2021-08-24 15:30:00,356.334297558,356.422535519,355.893107755,356.157821637,7715.0
2021-08-24 15:45:00,356.157821637,356.451948172,355.795065577,355.873891488,20568.0
2021-08-24 16:00:00,355.873499319,356.010758369,355.451917952,355.520547477,49445.0
2021-08-24 16:15:00,355.667610745,355.667610745,355.667610745,355.667610745,6443.0
2021-08-24 16:45:00,355.667610745,355.667610745,355.667610745,355.667610745,607.0
2021-08-25 09:45:00,355.844086666,356.020562587,354.579342564,355.422505299,18587.0
2021-08-25 10:00:00,355.520547477,355.951933062,355.017689144,355.017689144,9711.0
2021-08-25 10:15:00,355.804869794,357.285208647,355.68721918,356.530381915,12334.0
2021-08-25 10:30:00,356.373514429,356.373514429,355.351130593,355.496036932,8553.0
2021-08-25 10:45:00,355.629472337,356.378416538,355.491134823,356.378416538,7864.0
2021-08-25 11:00:00,356.46175239,356.804900015,356.094094221,356.094094221,9073.0
2021-08-25 11:15:00,355.893107755,356.167625855,355.422505299,355.471526388,8422.0
2021-08-25 11:30:00,355.432309516,355.432309516,354.863664881,354.922490188,11667.0
2021-08-25 11:45:00,355.040140803,355.351228635,354.804839574,355.255833595,15848.0
2021-08-25 12:00:00,355.221518833,356.128408983,355.162693526,355.991149933,8275.0
2021-08-25 12:15:00,356.000954151,356.304884905,356.000954151,356.23625538,4588.0
2021-08-25 12:30:00,356.383318647,356.991180154,356.319591231,356.991180154,6893.0
2021-08-25 12:45:00,356.795095797,356.795095797,356.020562587,356.069583676,35213.0
2021-08-25 13:00:00,355.951933062,356.148017419,355.819576121,356.148017419,3872.0
2021-08-25 13:15:00,356.138213201,356.442143954,355.951933062,356.246059597,5764.0
2021-08-25 13:30:00,356.549990351,356.755878925,356.402927083,356.697053618,4326.0
2021-08-25 13:45:00,356.520577697,356.540186133,355.765652923,355.863695102,23200.0
2021-08-25 14:00:00,355.863695102,355.902911973,355.564666457,355.775457141,5499.0
2021-08-25 14:15:00,355.726436052,356.069583676,355.559764348,356.040171023,5946.0
2021-08-25 14:30:00,356.09899633,356.09899633,355.657806527,355.657806527,6011.0
2021-08-25 14:45:00,355.652904418,355.849969197,355.569568566,355.746044487,5328.0
2021-08-25 15:00:00,355.579372784,355.73624027,355.47299702,355.726436052,5421.0
2021-08-25 15:15:00,355.716631834,355.716631834,355.373484209,355.373484209,9000.0
2021-08-25 15:30:00,355.329365229,355.481330606,355.32446312,355.334267338,10595.0
2021-08-25 15:45:00,355.236225159,355.393092645,355.030336585,355.216616724,19428.0
2021-08-25 16:00:00,355.344071556,355.618589655,355.147987199,355.589177002,46096.0
2021-08-25 16:15:00,355.559764348,355.559764348,355.559764348,355.559764348,35824.0
2021-08-26 09:30:00,355.559764348,355.559764348,355.559764348,355.559764348,100.0
2021-08-26 09:45:00,355.040140803,355.843694497,354.459338937,354.459338937,14504.0
2021-08-26 10:00:00,354.21462566,355.500939041,354.21462566,354.976413387,13293.0
2021-08-26 10:15:00,354.949941998,354.949941998,354.147956979,354.608755217,10612.0
2021-08-26 10:30:00,354.755818485,355.314658902,354.18717385,354.432279296,19404.0
2021-08-26 10:45:00,354.309726573,354.564636237,353.716571394,354.564636237,9441.0
2021-08-26 11:00:00,354.589146782,355.21465588,354.358747662,354.785231139,15737.0
2021-08-26 11:15:00,354.893077535,358.765743583,354.598951,356.991180154,43528.0
2021-08-26 11:30:00,356.986278045,357.853951324,356.834312668,357.368642541,31287.0
2021-08-26 11:45:00,357.353936214,358.393183305,357.000984371,357.87355976,13065.0
2021-08-26 12:00:00,357.863755542,358.393183305,357.574531115,358.314749563,15319.0
2021-08-26 12:15:00,358.260826364,359.569689447,358.260826364,359.569689447,29434.0
2021-08-26 12:30:00,359.501059922,359.559885229,358.246120038,358.246120038,14507.0
2021-08-26 12:45:00,358.221609493,358.520638137,358.079448334,358.214060245,9454.0
2021-08-26 13:00:00,358.241217929,358.726526712,358.226511602,358.540246573,8471.0
2021-08-26 13:15:00,358.540246573,358.898100524,358.501029702,358.893198415,7977.0
2021-08-26 13:30:00,358.942219505,359.128499644,358.069644117,358.32455378,16523.0
2021-08-26 13:45:00,358.32455378,358.677505623,358.32455378,358.517402745,15299.0
2021-08-26 14:00:00,358.603973989,358.746135148,358.466714939,358.59681691,10635.0
2021-08-26 14:15:00,358.613778207,358.613778207,357.746104928,358.020623027,12050.0
2021-08-26 14:30:00,357.991210374,358.520638137,357.834342888,358.402987523,14449.0
2021-08-26 14:45:00,358.442204395,358.59907188,358.059937941,358.059937941,11488.0
2021-08-26 15:00:00,358.304945345,358.584365553,358.206903166,358.419360567,12567.0
2021-08-26 15:15:00,358.494166749,359.310662011,358.494166749,359.246150258,20246.0
2021-08-26 15:30:00,359.422626179,359.851070499,358.618680316,358.697114059,22869.0
2021-08-26 15:45:00,358.697114059,358.746135148,358.275532691,358.383379088,30484.0
2021-08-26 16:00:00,358.275532691,359.687340061,358.118665206,359.608906318,128676.0
2021-08-26 16:15:00,358.814764673,359.579493665,358.814764673,359.579493665,4804.0
2021-08-26 16:45:00,359.814794893,359.814794893,359.814794893,359.814794893,100.0
2021-08-26 17:00:00,359.814794893,359.814794893,359.814794893,359.814794893,103.0
2021-08-27 09:00:00,361.441941411,361.441941411,361.441941411,361.441941411,1393.0
2021-08-27 09:15:00,361.441941411,363.22118732,361.441941411,361.442039875,1563.0
2021-08-27 09:30:00,361.441941411,362.662895991,361.441941411,361.697948017,1252.0
2021-08-27 09:45:00,361.451787819,362.798382564,359.078803514,360.452377416,55170.0
2021-08-27 10:00:00,360.723153634,362.091705869,360.348990133,360.762539265,30276.0
2021-08-27 10:15:00,360.45730062,361.077624318,359.738512843,359.738512843,18846.0
2021-08-27 10:30:00,359.669587988,360.624689555,359.118189145,360.575457515,19594.0
2021-08-27 10:45:00,360.348990133,360.895465772,359.585893521,359.84682333,9793.0
2021-08-27 11:00:00,359.817284106,360.998853055,359.817284106,360.595150331,13108.0
2021-08-27 11:15:00,360.540995088,360.890542568,360.102829936,360.102829936,8162.0
2021-08-27 11:30:00,360.152061975,360.427761397,359.905901778,360.299758094,15746.0
2021-08-27 11:45:00,360.260372462,360.585303923,359.964980225,359.964980225,12106.0
2021-08-27 12:00:00,359.866516146,360.152061975,359.226499632,359.226499632,15368.0
2021-08-27 12:15:00,359.128035553,359.226499632,358.409247776,358.684947197,12490.0
2021-08-27 12:30:00,358.763718461,359.059110698,357.96615942,358.950800211,23783.0
2021-08-27 12:45:00,358.783411276,359.246192448,358.399401368,358.399401368,17542.0
2021-08-27 13:00:00,358.507711855,358.940953803,358.433863796,358.8129505,18367.0
2021-08-27 13:15:00,358.763718461,359.265885264,358.753872053,359.21173002,15616.0
2021-08-27 13:30:00,359.295424487,359.344656527,359.029571474,359.04010713,6831.0
2021-08-27 13:45:00,359.07653884,359.615432744,359.07653884,359.433274198,7953.0
2021-08-27 14:00:00,359.531738277,360.063444304,359.531738277,360.043751488,7277.0
2021-08-27 14:15:00,360.043751488,360.08313712,359.508894611,360.009289061,7262.0
2021-08-27 14:30:00,359.945287409,360.122522752,359.679434396,359.689280804,7763.0
2021-08-27 14:45:00,359.595739929,360.013227624,359.502199053,359.787744883,8473.0
2021-08-27 15:00:00,359.723743231,359.723743231,359.004955454,359.147728369,21348.0
2021-08-27 15:15:00,359.098496329,359.580970317,359.098496329,359.196960408,12690.0
2021-08-27 15:30:00,359.384042159,359.827130514,359.23634604,359.827130514,13493.0
2021-08-27 15:45:00,359.70897362,360.08313712,359.70897362,360.08313712,15242.0
2021-08-27 16:00:00,360.181601199,360.378529357,359.088649921,359.256038856,68742.0
2021-08-27 16:15:00,359.23634604,359.23634604,359.23634604,359.23634604,7401.0
2021-08-27 17:45:00,360.368682949,360.368682949,360.368682949,360.368682949,100.0
2021-08-27 20:00:00,360.368682949,360.368682949,360.368682949,360.368682949,200.0
2021-08-30 09:45:00,359.147728369,360.378529357,358.409247776,358.723249724,18000.0
2021-08-30 10:00:00,358.931107395,359.128035553,358.320630105,358.793257684,17617.0
2021-08-30 10:15:00,358.911414579,360.043751488,358.60125273,359.541584685,11671.0
2021-08-30 10:30:00,359.915748186,360.664075186,359.728666435,360.4770919,5955.0
2021-08-30 10:45:00,360.604996739,361.609330345,360.476993436,361.437018207,12818.0
2021-08-30 11:00:00,361.274552477,361.929338602,361.264706069,361.929338602,12259.0
2021-08-30 11:15:00,361.835797727,362.072111517,361.364942501,362.072111517,12968.0
2021-08-30 11:30:00,362.096727537,362.564431912,361.91456899,361.979358354,15166.0
2021-08-30 11:45:00,362.081957925,362.485660649,361.722564036,362.081957925,11542.0
2021-08-30 12:00:00,361.96380103,362.259193267,361.58963753,362.20011482,11791.0
2021-08-30 12:15:00,362.081957925,362.766283274,362.062265109,362.766283274,15548.0
2021-08-30 12:30:00,362.840131334,362.987827452,361.737333648,362.131189964,13424.0
2021-08-30 12:45:00,362.160729188,362.160729188,361.781642484,361.850567339,9618.0
2021-08-30 13:00:00,361.72748724,361.934261806,361.510866266,361.875183359,7822.0
2021-08-30 13:15:00,361.924415398,362.259193267,361.924415398,362.170575596,11275.0
2021-08-30 13:30:00,362.170575596,362.170575596,361.875183359,361.993340254,6708.0
2021-08-30 13:45:00,362.027802681,362.495507057,361.91456899,362.38719657,9257.0
2021-08-30 14:00:00,362.442730311,362.968134636,362.357657346,362.628433564,14936.0
2021-08-30 14:15:00,362.62351036,362.62351036,361.825951319,361.845644135,13466.0
2021-08-30 14:30:00,361.91456899,361.924415398,361.579791122,361.845644135,11862.0
2021-08-30 14:45:00,361.998263458,362.638279972,361.72748724,362.347810938,15238.0
2021-08-30 15:00:00,362.333041326,362.662895991,362.278886083,362.495507057,9246.0
2021-08-30 15:15:00,362.505353465,363.115830755,362.505353465,363.115830755,15106.0
2021-08-30 15:30:00,363.066598715,363.627843966,362.982215,363.302912505,27618.0
2021-08-30 15:45:00,363.332451729,363.519533479,362.99767386,362.99767386,25150.0
2021-08-30 16:00:00,362.869670557,362.948441821,361.865336951,361.983493846,83571.0
2021-08-30 16:15:00,361.973647438,361.973647438,361.973647438,361.973647438,4591.0
2021-08-31 09:45:00,361.72748724,361.72748724,358.542174283,359.630202356,30887.0
2021-08-31 10:00:00,359.945287409,361.16624199,359.403734974,360.792078489,15870.0
2021-08-31 10:15:00,361.254859661,361.363170148,360.388375765,360.762539265,17360.0
2021-08-31 10:30:00,360.69361441,361.72748724,360.260372462,361.107163542,22970.0
2021-08-31 10:45:00,361.441941411,361.688003145,360.683768002,360.683768002,12136.0
2021-08-31 11:00:00,361.176088397,361.835797727,361.146549174,361.545328694,16472.0
2021-08-31 11:15:00,361.668408793,361.668408793,360.590227127,361.338554128,11434.0
2021-08-31 11:30:00,361.441941411,361.796412096,361.333630924,361.422248595,10430.0
2021-08-31 11:45:00,361.441941411,361.737333648,361.412402187,361.518743393,9817.0
2021-08-31 12:00:00,361.56502151,361.569944714,361.097317134,361.107163542,8561.0
2021-08-31 12:15:00,361.048085095,361.56502151,361.048085095,361.318861312,9765.0
2021-08-31 12:30:00,361.294245292,361.392709371,360.733000042,360.733000042,10621.0
2021-08-31 12:45:00,360.762539265,360.762539265,360.417914989,360.733000042,8470.0
2021-08-31 13:00:00,360.841310529,360.856080141,360.211140423,360.211140423,5770.0
2021-08-31 13:15:00,360.171754791,360.623704914,360.092983528,360.623704914,6287.0
2021-08-31 13:30:00,360.750034327,360.750034327,360.50653266,360.609919943,7278.0
2021-08-31 13:45:00,360.664075186,360.762539265,360.447454212,360.516379068,8611.0
2021-08-31 14:00:00,360.614843147,360.69361441,360.452377416,360.516379068,6477.0
2021-08-31 14:15:00,360.673921594,360.673921594,359.827130514,360.063444304,6459.0
2021-08-31 14:30:00,359.964980225,360.002396575,359.403734974,359.433274198,11292.0
2021-08-31 14:45:00,359.403734974,360.211140423,359.403734974,359.964980225,14206.0
2021-08-31 15:00:00,359.89605537,360.412991785,359.718820027,360.412991785,9777.0
2021-08-31 15:15:00,360.289911686,360.467147028,360.073290712,360.417914989,14365.0
2021-08-31 15:30:00,360.672936953,360.861003345,360.299758094,360.585303923,19248.0
2021-08-31 15:45:00,360.703460818,361.333630924,360.664075186,361.333630924,27018.0
2021-08-31 16:00:00,361.343477332,362.259193267,361.235166845,362.042572293,137432.0
2021-08-31 16:15:00,362.052418701,362.052418701,362.052418701,362.052418701,25286.0
2021-08-31 16:45:00,362.06038346,362.06038346,362.007162641,362.052418701,1928.0
2021-09-01 09:45:00,362.239500451,362.239500451,360.388375765,360.713307226,23935.0
2021-09-01 10:00:00,360.733000042,361.333630924,360.063444304,360.063444304,13206.0
2021-09-01 10:15:00,360.063444304,361.136702766,359.713109111,360.03390508,14986.0
2021-09-01 10:30:00,360.220986831,360.363759745,359.817284106,360.181601199,6529.0
2021-09-01 10:45:00,360.358836541,360.565611107,359.315117303,359.315117303,17952.0
2021-09-01 11:00:00,359.334810119,360.220986831,359.295424487,360.147138771,44410.0
2021-09-01 11:15:00,360.250526054,360.408068581,359.728666435,360.102829936,12023.0
2021-09-01 11:30:00,360.31945091,360.398222173,359.630202356,359.630202356,16056.0
2021-09-01 11:45:00,359.768052067,359.994519449,359.413581382,359.699127212,21321.0
2021-09-01 12:00:00,359.699127212,360.043751488,359.256038856,359.256038856,16154.0
2021-09-01 12:15:00,359.167421185,360.073290712,359.167421185,359.856669738,9960.0
2021-09-01 12:30:00,359.851746534,360.142215567,359.541584685,360.122522752,11576.0
2021-09-01 12:45:00,360.112676344,360.555764699,359.974826633,360.555764699,6902.0
2021-09-01 13:00:00,360.516379068,360.532527177,360.253479977,360.45730062,7385.0
2021-09-01 13:15:00,360.45730062,360.69361441,360.368682949,360.692629769,6859.0
2021-09-01 13:30:00,360.575457515,360.634535963,360.467147028,360.634535963,5558.0
2021-09-01 13:45:00,360.587863989,361.097317134,360.587863989,360.811771305,9150.0
2021-09-01 14:00:00,360.792078489,360.792078489,360.344066929,360.378529357,5512.0
2021-09-01 14:15:00,360.378529357,360.545918292,360.122522752,360.191447607,9784.0
2021-09-01 14:30:00,360.063444304,360.220986831,360.004365857,360.03390508,8882.0
2021-09-01 14:45:00,360.03390508,360.309604502,359.70897362,359.70897362,10527.0
2021-09-01 15:00:00,359.704050416,359.704050416,359.206806816,359.354502935,15755.0
2021-09-01 15:15:00,359.374195751,359.551431093,359.246192448,359.384042159,12943.0
2021-09-01 15:30:00,359.541584685,359.955133817,359.354502935,359.649895172,15376.0
2021-09-01 15:45:00,359.590816725,359.649895172,359.009878658,359.083726717,16866.0
2021-09-01 16:00:00,359.078803514,359.393888567,359.00003225,359.246192448,77381.0
2021-09-01 16:15:00,359.374195751,359.374195751,359.374195751,359.374195751,2035.0
2021-09-01 16:45:00,359.374195751,359.374195751,359.374195751,359.374195751,1851.0
2021-09-01 17:00:00,360.092983528,360.092983528,360.092983528,360.092983528,200.0
2021-09-02 09:45:00,359.393888567,361.284398884,359.393888567,360.624689555,16222.0
2021-09-02 10:00:00,360.831464121,362.145959576,360.831464121,361.461634227,13086.0
2021-09-02 10:15:00,361.441941411,361.569944714,360.76263773,361.461634227,10746.0
2021-09-02 10:30:00,361.619176753,362.667819195,361.619176753,362.62351036,13992.0
2021-09-02 10:45:00,362.5496623,362.653049583,361.471480635,361.77671928,11624.0
2021-09-02 11:00:00,361.442138339,361.72748724,361.392709371,361.545328694,9694.0
2021-09-02 11:15:00,361.609330345,361.816597232,360.792078489,360.792078489,9975.0
2021-09-02 11:30:00,360.792078489,361.107163542,360.703460818,361.107163542,9749.0
2021-09-02 11:45:00,361.067777911,361.11700995,360.595150331,360.595150331,9572.0
2021-09-02 12:00:00,360.59682422,361.49117345,360.59682422,361.441941411,10114.0
2021-09-02 12:15:00,361.481327043,361.747180056,361.481327043,361.747180056,6898.0
2021-09-02 12:30:00,361.747180056,361.855490543,361.638869569,361.707794424,5183.0
2021-09-02 12:45:00,361.697948017,361.845644135,361.126856358,361.215474029,7045.0
2021-09-02 13:00:00,361.274552477,361.373016556,361.097317134,361.176088397,4688.0
2021-09-02 13:15:00,361.20464298,361.245013253,361.038238687,361.087470726,8023.0
2021-09-02 13:30:00,361.107163542,361.107163542,360.88069616,361.008699463,10618.0
2021-09-02 13:45:00,361.057931503,361.392709371,360.979160239,361.008699463,12876.0
2021-09-02 14:00:00,361.107163542,361.107163542,360.664075186,360.841310529,10793.0
2021-09-02 14:15:00,360.792078489,361.254859661,360.634535963,361.146549174,13074.0
2021-09-02 14:30:00,361.16624199,361.382862964,361.126856358,361.323784516,11572.0
2021-09-02 14:45:00,361.264706069,361.451787819,361.057931503,361.077624318,9844.0
2021-09-02 15:00:00,361.215474029,361.441941411,361.215474029,361.432095003,12697.0
2021-09-02 15:15:00,361.471480635,361.520712674,361.264706069,361.323784516,15319.0
2021-09-02 15:30:00,361.481327043,361.520712674,361.16624199,361.446864615,12020.0
2021-09-02 15:45:00,361.480342402,361.816104911,361.397632575,361.58963753,54510.0
2021-09-02 16:00:00,361.609330345,362.741667255,361.569944714,362.692435215,54385.0
2021-09-02 16:15:00,362.643203175,362.643203175,362.643203175,362.643203175,8595.0
2021-09-02 16:45:00,362.643203175,363.371837361,362.643203175,363.371837361,1014.0
2021-09-03 09:45:00,362.111497149,362.426582202,361.757026464,362.013033069,11955.0
2021-09-03 10:00:00,362.603817544,362.613663952,361.520712674,361.77671928,6936.0
2021-09-03 10:15:00,361.72748724,361.747180056,360.417914989,361.747180056,13378.0
2021-09-03 10:30:00,361.707794424,361.707794424,360.939774608,360.939774608,11743.0
2021-09-03 10:45:00,360.792078489,360.88069616,360.122522752,360.211140423,7466.0
2021-09-03 11:00:00,360.152061975,360.348990133,359.817284106,360.191447607,12755.0
2021-09-03 11:15:00,360.388375765,361.003776259,360.102829936,361.003776259,8383.0
2021-09-03 11:30:00,360.910235384,361.067777911,360.476993436,360.50653266,14495.0
2021-09-03 11:45:00,360.50653266,360.792078489,360.309604502,360.564921859,10308.0
2021-09-03 12:00:00,360.580380719,360.74284645,360.467147028,360.624689555,6494.0
2021-09-03 12:15:00,360.752692858,361.363170148,360.74284645,361.363170148,9295.0
2021-09-03 12:30:00,361.363170148,361.668408793,360.949621016,361.658562385,10029.0
2021-09-03 12:45:00,361.599483937,361.77671928,361.146549174,361.205627621,9171.0
2021-09-03 13:00:00,361.254859661,361.274552477,360.811771305,360.9299282,6367.0
2021-09-03 13:15:00,360.989006647,361.658562385,360.989006647,361.648715977,9231.0
2021-09-03 13:30:00,361.579791122,361.934261806,361.579791122,361.797790593,4970.0
2021-09-03 13:45:00,361.817089552,362.593971136,361.817089552,362.593971136,12616.0
2021-09-03 14:00:00,362.569355116,362.584124728,362.249346859,362.249346859,6047.0
2021-09-03 14:15:00,362.195191616,362.259193267,362.086684201,362.190268412,8517.0
2021-09-03 14:30:00,362.20011482,362.544739096,362.141036372,362.465967833,6004.0
2021-09-03 14:45:00,362.544739096,362.544739096,361.953954622,361.953954622,5769.0
2021-09-03 15:00:00,361.91456899,361.91456899,361.658562385,361.658562385,7465.0
2021-09-03 15:15:00,361.705234358,361.816104911,361.313938108,361.313938108,12137.0
2021-09-03 15:30:00,361.313938108,361.313938108,360.9299282,361.225320437,10290.0
2021-09-03 15:45:00,361.274552477,361.501019858,360.624689555,360.826540917,28080.0
2021-09-03 16:00:00,360.821617713,361.16624199,360.201294015,360.339143725,60687.0
2021-09-03 16:15:00,360.309604502,360.309604502,360.309604502,360.309604502,2173.0
2021-09-03 17:00:00,360.309604502,360.408068581,360.309604502,360.408068581,1120.0
2021-09-07 09:30:00,359.580970317,359.580970317,359.571123909,359.571123909,319.0
2021-09-07 09:45:00,357.956313012,359.900978574,354.992544233,355.755640845,29931.0
2021-09-07 10:00:00,355.598098319,356.646740761,354.982697825,356.617201537,24023.0
2021-09-07 10:15:00,356.351348524,356.410426971,353.78143606,354.232893863,42649.0
2021-09-07 10:30:00,354.126060337,354.331161014,353.584507902,354.076828297,30489.0
2021-09-07 10:45:00,353.988210626,354.401759758,353.825744896,354.401759758,48835.0
2021-09-07 11:00:00,354.372220534,354.86454093,353.786359264,354.111290725,52431.0
2021-09-07 11:15:00,354.165445968,354.549455877,354.130983541,354.470684614,37411.0
2021-09-07 11:30:00,354.549455877,354.756230443,354.057135482,354.150676357,20194.0
2021-09-07 11:45:00,354.322988495,354.470684614,353.8306681,353.8306681,16063.0
2021-09-07 12:00:00,353.8306681,353.8306681,353.426965376,353.8306681,17249.0
2021-09-07 12:15:00,353.860108859,354.214678008,353.614047126,354.018931419,13905.0
2021-09-07 12:30:00,353.998057034,353.998057034,353.064125244,353.239883625,15381.0
2021-09-07 12:45:00,353.298962073,353.78143606,353.151265954,353.550045474,16655.0
2021-09-07 13:00:00,353.614047126,354.721768015,353.486043823,354.687305587,14360.0
2021-09-07 13:15:00,354.756230443,355.84918172,354.647919956,355.721178418,16314.0
2021-09-07 13:30:00,355.671946378,355.819642497,355.174702779,355.174702779,13204.0
2021-09-07 13:45:00,355.189472391,355.524250259,355.15422225,355.397330062,12264.0
2021-09-07 14:00:00,355.583328707,356.183959589,355.455325404,355.780256865,22931.0
2021-09-07 14:15:00,355.809796089,355.878720944,354.795616074,355.05162268,13329.0
2021-09-07 14:30:00,355.022083456,355.022083456,354.51912894,354.687305587,14649.0
2021-09-07 14:45:00,354.687305587,354.844848114,354.524839857,354.780846463,17967.0
2021-09-07 15:00:00,354.805462482,355.317475693,354.766076851,355.233781226,22925.0
2021-09-07 15:15:00,355.199318799,355.543943075,354.899003357,355.445478996,43032.0
2021-09-07 15:30:00,355.42578618,355.573482299,354.81530889,354.854694522,45702.0
2021-09-07 15:45:00,354.825155298,355.169779575,353.801128876,353.84297611,48543.0
2021-09-07 16:00:00,353.80605208,354.057135482,353.190651586,353.367886928,111103.0
2021-09-07 16:15:00,353.367886928,353.367886928,353.367886928,353.367886928,6071.0
2021-09-07 17:15:00,353.367886928,353.367886928,353.367886928,353.367886928,264.0
2021-09-08 09:45:00,353.259576441,356.804283287,352.885412941,356.74520484,20155.0
2021-09-08 10:00:00,356.518737458,356.922440182,355.021591136,355.534096667,16255.0
2021-09-08 10:15:00,355.593175115,356.627047945,354.971866776,354.971866776,18412.0
2021-09-08 10:30:00,354.854694522,355.159933167,354.116213929,354.273756455,23331.0
2021-09-08 10:45:00,354.39191335,354.569148693,353.682971981,354.012826646,18939.0
2021-09-08 11:00:00,353.929132179,354.766076851,353.791282468,354.539609469,21204.0
2021-09-08 11:15:00,354.475607818,355.396246957,354.475607818,354.854694522,22349.0
2021-09-08 11:30:00,354.785769667,354.913772969,353.953748198,353.953748198,18841.0
2021-09-08 11:45:00,353.983287422,354.421452574,353.983287422,354.352527719,8368.0
2021-09-08 12:00:00,354.372220534,355.022575777,354.372220534,354.903926561,10664.0
2021-09-08 12:15:00,355.00239064,355.307629286,354.938388989,355.297782878,9559.0
2021-09-08 12:30:00,355.199318799,355.721178418,355.199318799,355.632560746,9836.0
2021-09-08 12:45:00,355.543943075,355.543943075,354.844848114,354.894080154,7860.0
2021-09-08 13:00:00,354.837069452,355.081161904,354.569148693,354.667612772,7733.0
2021-09-08 13:15:00,354.774446297,354.774446297,354.342681311,354.598687916,18671.0
2021-09-08 13:30:00,354.598687916,355.061469088,354.583918304,355.00239064,6490.0
2021-09-08 13:45:00,355.00239064,355.071315496,354.436222186,354.480531021,8199.0
2021-09-08 14:00:00,354.46576141,354.953158601,354.46576141,354.539609469,7816.0
2021-09-08 14:15:00,354.450991798,354.835001706,354.401759758,354.657766364,9583.0
2021-09-08 14:30:00,354.746384035,354.746384035,354.342681311,354.608534324,12636.0
2021-09-08 14:45:00,354.67745918,355.337168509,354.633150344,355.337168509,10100.0
2021-09-08 15:00:00,355.347014917,355.356861325,354.963005009,355.150086759,9200.0
2021-09-08 15:15:00,355.091008312,355.317475693,355.061469088,355.110701127,12648.0
2021-09-08 15:30:00,355.209165206,355.258397246,354.746384035,354.844848114,17923.0
2021-09-08 15:45:00,354.81530889,355.120547535,354.697151995,355.061469088,25445.0
2021-09-08 16:00:00,354.982697825,354.982697825,354.682382384,354.953158601,91960.0
2021-09-08 16:15:00,354.86454093,354.86454093,354.86454093,354.86454093,6537.0
2021-09-09 09:45:00,354.795616074,356.233191629,353.879900139,355.337168509,85619.0
2021-09-09 10:00:00,355.424112291,355.657176766,354.835001706,354.972851417,53272.0
2021-09-09 10:15:00,354.963005009,355.716255214,354.736636091,355.479941424,16337.0
2021-09-09 10:30:00,355.470095016,355.947645799,355.445478996,355.839335312,27178.0
2021-09-09 10:45:00,355.765487253,356.124881142,355.57446694,355.750717641,18955.0
2021-09-09 11:00:00,356.016570655,356.075649102,354.805462482,355.140240351,16944.0
2021-09-09 11:15:00,355.278090062,355.292859674,354.717829452,355.10085472,11553.0
2021-09-09 11:30:00,355.081161904,355.164856371,354.322988495,354.475607818,12371.0
2021-09-09 11:45:00,354.554379081,355.174702779,354.411606166,354.745399394,167142.0
2021-09-09 12:00:00,354.647919956,354.982697825,354.549455877,354.805462482,11788.0
2021-09-09 12:15:00,354.835001706,354.894080154,353.879900139,353.983287422,41092.0
2021-09-09 12:30:00,354.150676357,354.588841508,353.801128876,353.801128876,21904.0
2021-09-09 12:45:00,353.96851781,354.076828297,352.762332842,352.860796921,21700.0
2021-09-09 13:00:00,352.850950513,353.35804052,352.521095848,353.249730033,19746.0
2021-09-09 13:15:00,353.338347704,353.783109949,353.308808481,353.648509553,13867.0
2021-09-09 13:30:00,353.643586349,353.697741593,352.609713519,352.609713519,24521.0
2021-09-09 13:45:00,352.609713519,352.885412941,351.743229624,352.624483131,15423.0
2021-09-09 14:00:00,352.462017401,352.93464498,352.325152331,352.762332842,138558.0
2021-09-09 14:15:00,352.688484783,353.141419546,352.448133966,353.12172673,23811.0
2021-09-09 14:30:00,353.156189158,353.712511205,353.126649934,353.397426152,13432.0
2021-09-09 14:45:00,353.392502948,353.609123922,352.777102454,352.964184204,19967.0
2021-09-09 15:00:00,352.914952164,353.397426152,352.865720125,353.175881974,17555.0
2021-09-09 15:15:00,353.161112362,353.17095877,352.29955167,352.29955167,26674.0
2021-09-09 15:30:00,352.294628466,352.894668564,352.098684949,352.442324585,24308.0
2021-09-09 15:45:00,352.402938953,352.708177598,351.674403232,352.432478177,50683.0
2021-09-09 16:00:00,352.29955167,352.471863809,351.221370005,351.29029486,218937.0
2021-09-09 16:15:00,351.300141268,351.300141268,351.300141268,351.300141268,5459.0
2021-09-10 09:45:00,352.353706914,352.609713519,349.862565714,349.862565714,46358.0
2021-09-10 10:00:00,349.842872898,350.226882806,348.386589168,348.557916666,25514.0
2021-09-10 10:15:00,348.395450936,348.621918317,347.71604879,348.444682975,50773.0
2021-09-10 10:30:00,348.429913363,348.868078515,348.218215593,348.336372488,27112.0
2021-09-10 10:45:00,348.32652608,349.069929877,347.440349369,348.159137146,24430.0
2021-09-10 11:00:00,348.119751514,348.454529383,347.922823356,347.95236258,17343.0
2021-09-10 11:15:00,347.784973645,348.715459193,347.784973645,348.464375791,14388.0
2021-09-10 11:30:00,348.533300646,348.631764725,348.031133843,348.198522777,10469.0
2021-09-10 11:45:00,348.311756468,348.777294634,348.168983554,348.777294634,12454.0
2021-09-10 12:00:00,348.778476203,349.015774634,348.257601225,348.621918317,12635.0
2021-09-10 12:15:00,348.789307252,349.458862989,348.523454238,349.389938134,15249.0
2021-09-10 12:30:00,349.458862989,349.537634253,349.045313857,349.252088423,8499.0
2021-09-10 12:45:00,349.281627647,350.148111543,349.237318812,349.705023187,8459.0
2021-09-10 13:00:00,349.78379445,350.473043004,349.636098332,350.330270089,8500.0
2021-09-10 13:15:00,350.473043004,350.620739122,350.305654069,350.620739122,10489.0
2021-09-10 13:30:00,350.625662326,350.640431938,350.06934028,350.28103805,7283.0
2021-09-10 13:45:00,350.295807661,350.541967859,350.158942592,350.374578925,8761.0
2021-09-10 14:00:00,350.335193293,350.522275043,350.029954648,350.522275043,57696.0
2021-09-10 14:15:00,350.541967859,350.768435241,350.384425333,350.748742425,12465.0
2021-09-10 14:30:00,350.748742425,350.768435241,350.089033095,350.202266786,15942.0
2021-09-10 14:45:00,350.325346885,350.729049609,350.20718999,350.325346885,11927.0
2021-09-10 15:00:00,350.417312335,350.507505431,349.78379445,349.78379445,12715.0
2021-09-10 15:15:00,349.862565714,350.837360096,349.862565714,350.502582227,17925.0
2021-09-10 15:30:00,350.527198247,350.788128057,350.384425333,350.556737471,17490.0
2021-09-10 15:45:00,350.576430287,350.650278346,349.498248621,349.5967127,27374.0
2021-09-10 16:00:00,349.665637555,349.734562411,348.592379094,348.759768028,92566.0
2021-09-10 16:15:00,348.661303949,348.661303949,348.661303949,348.661303949,8756.0
2021-09-13 09:45:00,350.276114846,350.906284952,348.365911712,349.714869595,33651.0
2021-09-13 10:00:00,349.877335325,351.18287055,349.375168522,350.074263484,24389.0
2021-09-13 10:15:00,350.098879503,350.934839535,349.269319637,350.591199899,29162.0
2021-09-13 10:30:00,350.561660675,351.024441846,349.78379445,351.024441846,19361.0
2021-09-13 10:45:00,350.91613136,351.851540111,350.67981757,350.748742425,19212.0
2021-09-13 11:00:00,350.768435241,352.058314677,350.67981757,351.29029486,22431.0
2021-09-13 11:15:00,351.339526899,351.723536808,350.463196596,350.709356793,19157.0
2021-09-13 11:30:00,350.650278346,351.26567884,350.650278346,351.093366702,15119.0
2021-09-13 11:45:00,351.10321311,351.201677189,350.413964556,350.699510386,14582.0
2021-09-13 12:00:00,350.67981757,350.886592136,349.897028141,350.305654069,16482.0
2021-09-13 12:15:00,350.226882806,350.25642203,349.340706095,349.636098332,13061.0
2021-09-13 12:30:00,349.557327068,349.557327068,348.474222199,348.474222199,14638.0
2021-09-13 12:45:00,348.296986857,348.533300646,347.361578105,347.400963737,15560.0
2021-09-13 13:00:00,347.371424513,347.656970343,347.174496355,347.34188529,13466.0
2021-09-13 13:15:00,347.327115678,347.327115678,345.825538472,345.841489653,21596.0
2021-09-13 13:30:00,345.879693716,345.879693716,344.890129721,345.018133024,28678.0
2021-09-13 13:45:00,345.185521958,345.392296524,345.057518655,345.072288267,16139.0
2021-09-13 14:00:00,345.067365063,345.276896624,344.388061382,344.880283313,19483.0
2021-09-13 14:15:00,344.870436905,345.154210381,344.555351852,344.934438557,17304.0
2021-09-13 14:30:00,345.018133024,346.396630131,344.978747392,346.020694277,19133.0
2021-09-13 14:45:00,346.170162749,346.810179263,346.052005854,346.810179263,18434.0
2021-09-13 15:00:00,346.810179263,347.233574803,346.593558289,346.967721789,17336.0
2021-09-13 15:15:00,346.888950526,347.479735,346.504940618,347.351731698,15716.0
2021-09-13 15:30:00,347.332038882,348.014591878,347.263114026,348.014591878,21245.0
2021-09-13 15:45:00,347.863744909,348.247754817,347.578199079,347.647123935,23284.0
2021-09-13 16:00:00,347.745588014,348.577609482,347.71604879,348.287140449,90176.0
2021-09-13 16:15:00,348.267447633,348.267447633,348.267447633,348.267447633,5602.0
2021-09-14 09:45:00,349.606559108,350.354886109,347.450195777,347.981901804,41636.0
2021-09-14 10:00:00,347.981901804,347.981901804,344.32888447,344.919668945,41590.0
2021-09-14 10:15:00,345.234753998,345.628610314,344.69507238,344.968900984,30373.0
2021-09-14 10:30:00,344.929515353,345.241744947,344.259959615,344.703047971,32252.0
2021-09-14 10:45:00,344.624276708,345.61088678,344.348577286,345.116597103,29779.0
2021-09-14 11:00:00,345.106750695,345.83538488,344.831051274,345.106750695,28733.0
2021-09-14 11:15:00,344.949208169,346.101237894,344.909822537,345.855077696,33773.0
2021-09-14 11:30:00,345.83538488,347.046493052,345.727074393,346.967721789,37199.0
2021-09-14 11:45:00,347.05633946,347.223728395,344.929515353,344.949208169,25967.0
2021-09-14 12:00:00,345.03782584,345.293832445,344.860590497,345.293832445,14684.0
2021-09-14 12:15:00,345.17567555,346.091391486,345.17567555,346.091391486,15833.0
2021-09-14 12:30:00,346.081545078,346.091391486,345.452359613,345.663072742,36199.0
2021-09-14 12:45:00,345.584301478,345.584301478,344.762126418,344.762126418,12724.0
2021-09-14 13:00:00,344.791665642,344.860590497,343.841487279,343.856256891,14102.0
2021-09-14 13:15:00,343.748044868,344.530735833,343.748044868,344.19103476,14387.0
2021-09-14 13:30:00,344.259959615,345.047672248,344.259959615,345.03782584,13718.0
2021-09-14 13:45:00,345.106750695,345.205214774,344.673508747,345.111673899,14655.0
2021-09-14 14:00:00,345.205214774,345.727074393,345.185521958,345.382450116,16515.0
2021-09-14 14:15:00,345.539992643,345.963388183,345.441528564,345.840308084,17965.0
2021-09-14 14:30:00,345.815692064,345.820615268,344.899976129,345.283986037,24063.0
2021-09-14 14:45:00,345.244600406,345.244600406,344.842866963,345.027979432,16343.0
2021-09-14 15:00:00,345.314509902,346.002773814,345.116597103,345.88461692,17416.0
2021-09-14 15:15:00,345.99785061,347.233574803,345.825538472,347.213881987,33537.0
2021-09-14 15:30:00,347.125264316,347.617584711,346.89387373,347.509274224,37953.0
2021-09-14 15:45:00,347.455118981,347.578199079,346.130777117,346.770793631,29087.0
2021-09-14 16:00:00,346.948028973,347.085878684,345.88461692,346.327705275,75670.0
2021-09-14 16:15:00,346.327705275,346.327705275,346.327705275,346.327705275,39392.0
2021-09-14 19:45:00,346.298166052,346.298166052,346.298166052,346.298166052,310.0
2021-09-15 09:45:00,346.603404697,348.454529383,346.027389834,346.903720138,27667.0
2021-09-15 10:00:00,347.332038882,348.976389002,347.282806842,348.976389002,17798.0
2021-09-15 10:15:00,349.143777936,349.931490569,348.789307252,348.917310555,20594.0
2021-09-15 10:30:00,348.877924923,349.429323766,348.395450936,348.567270754,17059.0
2021-09-15 10:45:00,349.212702792,349.458862989,347.962208988,348.272764693,13918.0
2021-09-15 11:00:00,348.316679672,348.98623541,348.316679672,348.818846476,14586.0
2021-09-15 11:15:00,348.917310555,349.478555805,348.818846476,348.927156963,10019.0
2021-09-15 11:30:00,348.917310555,349.261737903,348.524438879,348.602225502,10945.0
2021-09-15 11:45:00,348.759768028,350.20718999,348.671150357,350.143188339,30809.0
2021-09-15 12:00:00,350.217036398,350.60596951,349.685330371,350.60596951,31983.0
2021-09-15 12:15:00,350.541967859,351.447837386,350.226882806,351.260755636,22252.0
2021-09-15 12:30:00,351.329680492,351.7136904,350.689663978,350.689663978,14249.0
2021-09-15 12:45:00,350.660124754,351.034288254,350.039801056,351.034288254,10650.0
2021-09-15 13:00:00,350.930900971,350.930900971,350.06185701,350.354886109,11187.0
2021-09-15 13:15:00,350.266268438,351.113059518,350.266268438,351.113059518,9741.0
2021-09-15 13:30:00,351.270602044,351.293248782,350.807820873,350.975209807,10231.0
2021-09-15 13:45:00,351.034288254,351.132752333,350.719203201,351.063827478,8566.0
2021-09-15 14:00:00,351.083520294,351.127829129,350.660124754,350.67814368,12545.0
2021-09-15 14:15:00,350.729049609,350.847206504,350.187497174,350.187497174,13345.0
2021-09-15 14:30:00,350.010261832,350.290884457,349.449016582,350.010261832,19856.0
2021-09-15 14:45:00,349.970876201,350.217036398,349.823180082,350.192420378,15545.0
2021-09-15 15:00:00,350.266268438,350.295807661,349.508095029,349.562250272,15383.0
2021-09-15 15:15:00,349.537634253,349.862565714,349.370245318,349.862565714,14075.0
2021-09-15 15:30:00,349.951183385,350.226882806,349.65657886,350.059493872,17845.0
2021-09-15 15:45:00,350.010261832,350.975209807,349.980722608,350.660124754,23149.0
2021-09-15 16:00:00,350.660124754,350.660124754,349.941336977,350.433657372,65289.0
2021-09-15 16:15:00,350.276114846,350.276114846,350.276114846,350.276114846,11193.0
2021-09-16 09:45:00,351.280448452,351.625072729,349.389938134,349.567173476,19971.0
2021-09-16 10:00:00,349.473632601,349.980722608,348.868078515,348.941926574,21806.0
2021-09-16 10:15:00,348.698129515,348.848385699,347.440349369,348.021287435,23176.0
2021-09-16 10:30:00,347.784973645,347.844052093,347.085878684,347.844052093,16746.0
2021-09-16 10:45:00,347.839128889,348.149290738,347.450195777,348.065596271,13571.0
2021-09-16 11:00:00,347.981901804,348.16406035,347.110593168,347.521582234,14782.0
2021-09-16 11:15:00,347.455118981,347.922823356,347.430502961,347.922823356,10749.0
2021-09-16 11:30:00,347.962208988,348.168983554,347.243421211,348.031133843,11678.0
2021-09-16 11:45:00,348.031133843,348.060673067,347.302499658,347.38028628,13836.0
2021-09-16 12:00:00,347.361578105,347.361578105,346.224317992,346.298166052,16362.0
2021-09-16 12:15:00,346.347398091,346.436015762,345.618763906,345.751690413,17526.0
2021-09-16 12:30:00,345.795999248,346.298166052,345.500607011,345.62368711,15006.0
2021-09-16 12:45:00,345.628610314,345.781229637,345.219984386,345.559685459,11380.0
2021-09-16 13:00:00,345.594147886,345.914156143,344.683355155,344.683355155,11226.0
2021-09-16 13:15:00,344.712894379,345.135305278,344.575044668,344.796588846,16436.0
2021-09-16 13:30:00,344.939361761,345.155982735,344.693201563,345.057518655,9854.0
2021-09-16 13:45:00,345.185521958,345.269216425,344.840897682,344.840897682,8184.0
2021-09-16 14:00:00,344.762126418,345.082134675,344.535659036,344.899976129,14745.0
2021-09-16 14:15:00,344.949208169,344.978747392,344.506119813,344.870436905,12462.0
2021-09-16 14:30:00,344.959054576,345.077211471,344.348577286,344.712894379,19681.0
2021-09-16 14:45:00,344.870436905,344.880283313,343.974413786,343.974413786,11248.0
2021-09-16 15:00:00,343.944874562,345.205214774,343.944874562,345.141213123,19993.0
2021-09-16 15:15:00,345.205214774,346.140623525,344.994600109,345.805845656,25564.0
2021-09-16 15:30:00,345.845231288,346.180009157,345.628610314,345.825538472,22758.0
2021-09-16 15:45:00,345.825538472,346.101237894,345.480914195,345.490760603,38120.0
2021-09-16 16:00:00,345.392296524,345.431682156,343.895642523,344.289498839,101248.0
2021-09-16 16:15:00,344.289498839,344.289498839,344.289498839,344.289498839,4978.0
2021-09-16 17:15:00,344.289498839,344.289498839,344.289498839,344.289498839,249.0
2021-09-17 09:45:00,345.490760603,350.285961254,342.280831626,343.861180095,249306.0
2021-09-17 10:00:00,343.846410483,344.309191655,341.83774327,342.251292402,27671.0
2021-09-17 10:15:00,342.202060363,343.186701153,342.133135507,342.369449297,22328.0
2021-09-17 10:30:00,342.192213955,342.92084814,341.690047152,342.330063666,28405.0
2021-09-17 10:45:00,342.142981915,343.034081831,341.990362593,342.443297356,13270.0
2021-09-17 11:00:00,342.428527745,343.314704456,342.064210652,343.15716193,15612.0
2021-09-17 11:15:00,343.559880013,344.742433602,343.393475719,344.42734855,17066.0
2021-09-17 11:30:00,344.693201563,344.693201563,343.807024851,344.584891076,11987.0
2021-09-17 11:45:00,344.56519826,345.362757301,343.639635917,344.919668945,15087.0
2021-09-17 12:00:00,344.981504386,345.116597103,344.397809326,345.116597103,11461.0
2021-09-17 12:15:00,345.274139629,345.874770512,345.165829142,345.766460025,13531.0
2021-09-17 12:30:00,345.756613617,346.938182566,345.677842354,346.465554986,15899.0
2021-09-17 12:45:00,346.25878042,346.63294392,346.160316341,346.160316341,11589.0
2021-09-17 13:00:00,346.091391486,346.219394788,345.727074393,345.973234591,11038.0
2021-09-17 13:15:00,345.924002551,345.924002551,345.215061182,345.244600406,10580.0
2021-09-17 13:30:00,345.146136327,345.568547226,344.929515353,345.568547226,12677.0
2021-09-17 13:45:00,345.559685459,345.559685459,344.885206517,344.885206517,11036.0
2021-09-17 14:00:00,344.835974478,344.939361761,344.447041365,344.575044668,8623.0
2021-09-17 14:15:00,344.515966221,345.22490759,344.32888447,344.742433602,16455.0
2021-09-17 14:30:00,344.683355155,345.22490759,344.6144303,345.155982735,15293.0
2021-09-17 14:45:00,345.027979432,345.303678853,344.949208169,345.072288267,12073.0
2021-09-17 15:00:00,345.155982735,345.855077696,344.939361761,345.530146235,22420.0
2021-09-17 15:15:00,345.697535169,345.88461692,345.018133024,345.096904287,18341.0
2021-09-17 15:30:00,345.155982735,345.505530215,344.870436905,345.052595452,22617.0
2021-09-17 15:45:00,345.018133024,345.372603708,344.506119813,345.254446814,46508.0
2021-09-17 16:00:00,345.293832445,345.904309735,343.231009989,344.968900984,259533.0
2021-09-17 16:15:00,344.860590497,344.860590497,344.860590497,344.860590497,80139.0
2021-09-17 16:30:00,344.858128895,344.860590497,344.858128895,344.858128895,1453.0
2021-09-17 16:45:00,344.860590497,344.860590497,344.860590497,344.860590497,3696.0
2021-09-17 17:15:00,344.722740787,344.722740787,344.722740787,344.722740787,400.0
2021-09-20 08:15:00,340.61678869,340.61678869,340.61678869,340.61678869,100.0
2021-09-20 09:45:00,341.640815112,344.860590497,341.148494717,344.860590497,29084.0
2021-09-20 10:00:00,344.701866402,346.248934012,344.279652431,345.303678853,19503.0
2021-09-20 10:15:00,344.771972826,345.776306433,343.629789509,344.811358458,25982.0
2021-09-20 10:30:00,344.596312909,344.811358458,343.688867957,344.698124767,20745.0
2021-09-20 10:45:00,344.653815931,345.072288267,344.112263497,344.181188352,13540.0
2021-09-20 11:00:00,344.023645825,344.102417089,343.235933193,343.235933193,17775.0
2021-09-20 11:15:00,343.437784555,344.210727576,343.098083482,344.146725924,13252.0
2021-09-20 11:30:00,344.053185049,344.387962918,343.76763922,344.387962918,12919.0
2021-09-20 11:45:00,344.338730878,344.338730878,343.29501164,343.683944753,15077.0
2021-09-20 12:00:00,343.58055747,343.816674331,343.229631492,343.235933193,13616.0
2021-09-20 12:15:00,343.285165232,343.285165232,342.31037085,342.778075225,13757.0
2021-09-20 12:30:00,342.635302311,342.753459205,342.184336829,342.546684639,8376.0
2021-09-20 12:45:00,342.536838232,342.802691245,342.438374153,342.507299008,10034.0
2021-09-20 13:00:00,342.295601238,342.438374153,340.272164413,340.439553348,21454.0
2021-09-20 13:15:00,340.252471597,340.626635098,339.858615281,340.572479854,17197.0
2021-09-20 13:30:00,340.56755665,341.246958796,340.360782084,341.246958796,11321.0
2021-09-20 13:45:00,341.158341125,341.360192487,340.744791993,340.744791993,16859.0
2021-09-20 14:00:00,340.933350704,341.640815112,340.933350704,341.542351033,7486.0
2021-09-20 14:15:00,341.709739967,341.788511231,340.708064891,340.85310248,13390.0
2021-09-20 14:30:00,340.636481506,340.789100828,340.301703637,340.577403058,10801.0
2021-09-20 14:45:00,340.666020729,340.744791993,339.95707936,340.572479854,17411.0
2021-09-20 15:00:00,340.459246163,341.246958796,340.459246163,340.954815873,15389.0
2021-09-20 15:15:00,341.089416269,341.46357977,340.656174322,340.725099177,17670.0
2021-09-20 15:30:00,340.725099177,342.093749876,340.488785387,341.995285797,30368.0
2021-09-20 15:45:00,342.054364244,343.29501164,341.946053757,343.29501164,32540.0
2021-09-20 16:00:00,343.250702805,343.944874562,343.058697851,343.235933193,97565.0
2021-09-20 16:15:00,343.452554167,343.452554167,343.452554167,343.452554167,26155.0
2021-09-21 09:45:00,343.472246983,344.14180272,342.979926587,344.092570681,11236.0
2021-09-21 10:00:00,344.535659036,344.968900984,343.383629311,343.462400575,9762.0
2021-09-21 10:15:00,343.861180095,343.861180095,342.152828323,342.615609495,19860.0
2021-09-21 10:30:00,342.792844837,342.792844837,341.434040546,341.896821718,7462.0
2021-09-21 10:45:00,341.896821718,341.896821718,341.038116484,341.803280843,6181.0
2021-09-21 11:00:00,341.640815112,341.946053757,341.020491414,341.670354336,7363.0
2021-09-21 11:15:00,341.670354336,342.172521139,341.296190835,341.724509579,8573.0
2021-09-21 11:30:00,341.83774327,341.83774327,340.411688013,340.99095219,9661.0
2021-09-21 11:45:00,341.256805204,342.270985218,341.256805204,341.83774327,6543.0
2021-09-21 12:00:00,342.095423765,342.270985218,341.739279191,342.064210652,8017.0
2021-09-21 12:15:00,342.069133856,342.349756481,341.936207349,342.300524442,6830.0
2021-09-21 12:30:00,342.1232891,342.226676383,341.409424526,341.409424526,6125.0
2021-09-21 12:45:00,341.404501322,341.916514533,341.310960447,341.690047152,8986.0
2021-09-21 13:00:00,341.680200744,341.680200744,341.000798598,341.000798598,9260.0
2021-09-21 13:15:00,340.85310248,340.85310248,340.242625189,340.508478203,6514.0
2021-09-21 13:30:00,340.488785387,340.611865486,339.927540136,339.976772176,7534.0
2021-09-21 13:45:00,339.858615281,340.104775479,339.651840715,339.651840715,8489.0
2021-09-21 14:00:00,339.661687123,340.134314703,339.592762268,339.860190706,15284.0
2021-09-21 14:15:00,340.055543439,340.597095874,340.055543439,340.242625189,15368.0
2021-09-21 14:30:00,340.267241209,340.277087617,339.809383242,340.09394443,23273.0
2021-09-21 14:45:00,340.085082663,340.597095874,340.085082663,340.498631795,8812.0
2021-09-21 15:00:00,340.390321308,341.404501322,340.390321308,340.99095219,13630.0
2021-09-21 15:15:00,341.000798598,341.404501322,340.685713545,341.050030638,19625.0
2021-09-21 15:30:00,341.050030638,341.562043849,340.892488111,341.301114039,14950.0
2021-09-21 15:45:00,341.256805204,342.093749876,341.178033941,341.286344428,25881.0
2021-09-21 16:00:00,341.148494717,341.246958796,339.602608676,339.701072755,71250.0
2021-09-21 16:15:00,339.838922465,339.838922465,339.838922465,339.838922465,20607.0
2021-09-21 16:45:00,339.838922465,339.838922465,339.838922465,339.838922465,1150.0
2021-09-22 09:45:00,341.69989356,343.777485628,340.508478203,342.645148719,17702.0
2021-09-22 10:00:00,342.802691245,344.210727576,342.398988521,344.210727576,50694.0
2021-09-22 10:15:00,343.989183398,345.086073238,343.398398923,343.398398923,18329.0
2021-09-22 10:30:00,343.511632614,343.974413786,343.048851443,343.679021549,15039.0
2021-09-22 10:45:00,343.866103299,344.456887773,343.234948552,343.413168535,13433.0
2021-09-22 11:00:00,343.511632614,343.53132543,342.600839883,343.147315522,8655.0
2021-09-22 11:15:00,343.403322127,343.856256891,342.930694548,343.807024851,10882.0
2021-09-22 11:30:00,343.683944753,344.112263497,343.452554167,343.807024851,11400.0
2021-09-22 11:45:00,343.816871259,344.102417089,343.265472417,343.875949707,11780.0
2021-09-22 12:00:00,343.880872911,344.397809326,343.610096693,344.03004599,13605.0
2021-09-22 12:15:00,344.112263497,344.151649128,343.787332036,343.787332036,9856.0
2021-09-22 12:30:00,343.619943101,343.807024851,343.541171838,343.610096693,10408.0
2021-09-22 12:45:00,343.757792812,344.112263497,343.757792812,343.984260194,8481.0
2021-09-22 13:00:00,343.95472097,344.151649128,343.836564075,344.14180272,7442.0
2021-09-22 13:15:00,344.195957964,344.259959615,343.802101647,343.802101647,9908.0
2021-09-22 13:30:00,343.757792812,343.984260194,343.619943101,343.683944753,12717.0
2021-09-22 13:45:00,343.639635917,343.885796115,343.472246983,343.784082721,9157.0
2021-09-22 14:00:00,343.831640871,343.875949707,343.048851443,343.048851443,11035.0
2021-09-22 14:15:00,343.048851443,344.648892727,342.605763087,344.097493885,14458.0
2021-09-22 14:30:00,344.32888447,344.417502142,343.619943101,343.955114826,30121.0
2021-09-22 14:45:00,344.319038063,344.535659036,343.078390666,343.403322127,19071.0
2021-09-22 15:00:00,343.29501164,343.408245331,342.280831626,343.226086785,19275.0
2021-09-22 15:15:00,343.029158627,344.200881168,342.970080179,344.092570681,14352.0
2021-09-22 15:30:00,344.018722621,344.461810977,343.935028154,344.033492233,11373.0
2021-09-22 15:45:00,343.925181746,343.936898972,342.988000642,343.245779601,31792.0
2021-09-22 16:00:00,343.245779601,343.373782904,342.694380758,342.979926587,94623.0
2021-09-22 16:15:00,343.167008338,343.167008338,343.167008338,343.167008338,3690.0
2021-09-22 16:45:00,343.167008338,343.167008338,343.167008338,343.167008338,834.0
2021-09-22 18:15:00,343.541171838,343.541171838,343.541171838,343.541171838,100.0
2021-09-23 09:45:00,345.697535169,346.317858867,343.551018246,346.278473236,34089.0
2021-09-23 10:00:00,345.894463327,346.061852262,343.757792812,343.949797766,23126.0
2021-09-23 10:15:00,343.71840718,344.535659036,343.482093391,344.319038063,25884.0
2021-09-23 10:30:00,344.56519826,344.575044668,343.585480674,343.585480674,17396.0
2021-09-23 10:45:00,343.575634266,344.072877865,342.901155324,343.866103299,19387.0
2021-09-23 11:00:00,343.71840718,344.722740787,343.71840718,344.683355155,24777.0
2021-09-23 11:15:00,344.466734181,345.274139629,344.343654082,345.136289919,19828.0
2021-09-23 11:30:00,345.008286616,345.756613617,344.80151205,345.244600406,32448.0
2021-09-23 11:45:00,345.244600406,346.347398091,345.234753998,345.992927407,23975.0
2021-09-23 12:00:00,345.845231288,345.904309735,345.106750695,345.22490759,17046.0
2021-09-23 12:15:00,345.22490759,345.756613617,345.121520307,345.530146235,20483.0
2021-09-23 12:30:00,345.658149538,345.658149538,345.17567555,345.628610314,18654.0
2021-09-23 12:45:00,345.638456722,345.795999248,345.441528564,345.795999248,13908.0
2021-09-23 13:00:00,345.805845656,346.376937315,345.746767209,346.337551683,22977.0
2021-09-23 13:15:00,346.170162749,346.504940618,346.091391486,346.244010808,24392.0
2021-09-23 13:30:00,346.327705275,346.573865473,345.914156143,345.943695367,16223.0
2021-09-23 13:45:00,345.983080999,346.324554425,345.855077696,346.30801246,24205.0
2021-09-23 14:00:00,346.288319644,347.036646645,346.248934012,346.948028973,30495.0
2021-09-23 14:15:00,347.05633946,347.204035579,346.534479841,347.204035579,17175.0
2021-09-23 14:30:00,347.286745405,347.302499658,346.938182566,347.026800237,10897.0
2021-09-23 14:45:00,347.115417908,347.282806842,346.63294392,346.751100815,39016.0
2021-09-23 15:00:00,346.692022368,346.957875381,346.317858867,346.80673302,37513.0
2021-09-23 15:15:00,346.741254407,347.381270921,346.489678685,346.500017414,37170.0
2021-09-23 15:30:00,346.500017414,346.573865473,345.421835748,345.559685459,31388.0
2021-09-23 15:45:00,345.569531867,345.727074393,345.126443511,345.480914195,46994.0
2021-09-23 16:00:00,345.392296524,345.756613617,344.870436905,345.220870563,105282.0
2021-09-23 16:15:00,345.520299827,345.520299827,345.520299827,345.520299827,16407.0
2021-09-23 16:45:00,345.520299827,345.520299827,345.520299827,345.520299827,3235.0
2021-09-24 09:45:00,346.751100815,350.522275043,346.219394788,350.522275043,24876.0
2021-09-24 10:00:00,350.763512037,351.418298163,349.232395608,351.270602044,22560.0
2021-09-24 10:15:00,351.349373307,351.654611952,350.49273582,350.857052912,28213.0
2021-09-24 10:30:00,350.994902623,351.152445149,349.754255227,349.78379445,12303.0
2021-09-24 10:45:00,349.537634253,349.970876201,348.454529383,348.454529383,15353.0
2021-09-24 11:00:00,348.454529383,349.163470752,348.247754817,348.966542594,14073.0
2021-09-24 11:15:00,348.868078515,349.439170174,348.868078515,349.212702792,20988.0
2021-09-24 11:30:00,349.104392305,349.183163568,347.884422365,348.74992162,14163.0
2021-09-24 11:45:00,348.769614436,348.769614436,347.90313054,348.267447633,14226.0
2021-09-24 12:00:00,348.415143751,348.976389002,348.415143751,348.429913363,16474.0
2021-09-24 12:15:00,348.552993462,348.917310555,348.228062001,348.671150357,11801.0
2021-09-24 12:30:00,348.602225502,348.789307252,348.37575812,348.385604528,12543.0
2021-09-24 12:45:00,348.149290738,348.533300646,348.149290738,348.439759771,8889.0
2021-09-24 13:00:00,348.484068607,348.671150357,348.198522777,348.646534337,11619.0
2021-09-24 13:15:00,348.464375791,348.503761423,348.267447633,348.287140449,9879.0
2021-09-24 13:30:00,348.316679672,348.661303949,348.129597922,348.474222199,12958.0
2021-09-24 13:45:00,348.385604528,348.415143751,348.173906758,348.228062001,9849.0
2021-09-24 14:00:00,348.242831613,348.503761423,348.208369185,348.247754817,15654.0
2021-09-24 14:15:00,348.296986857,348.897617739,348.218215593,348.680996765,13949.0
2021-09-24 14:30:00,348.651457541,348.748936979,348.444682975,348.51360783,10935.0
2021-09-24 14:45:00,348.493915015,348.848385699,348.410220547,348.848385699,9772.0
2021-09-24 15:00:00,348.848385699,349.862565714,348.809000068,349.862565714,20537.0
2021-09-24 15:15:00,349.685330371,349.823180082,349.321013279,349.581943088,27303.0
2021-09-24 15:30:00,349.517941437,349.970876201,349.468709397,349.813333674,17326.0
2021-09-24 15:45:00,349.852719306,350.226882806,349.636098332,350.226882806,24151.0
2021-09-24 16:00:00,350.118572319,350.581353491,350.02010824,350.305654069,110135.0
2021-09-24 16:15:00,350.236729214,350.236729214,350.236729214,350.236729214,6163.0
2021-09-24 16:45:00,350.236729214,350.236729214,350.236729214,350.236729214,1537.0
2021-09-24 18:15:00,349.557425533,349.557425533,349.557425533,349.557425533,500.0
2021-09-27 09:45:00,351.162291557,355.031929864,351.162291557,354.943312193,38268.0
2021-09-27 10:00:00,354.987621029,355.445478996,354.731614423,355.297782878,20879.0
2021-09-27 10:15:00,354.86454093,355.779272224,354.549455877,355.62468362,17775.0
2021-09-27 10:30:00,355.509480648,355.657176766,354.933465785,355.061469088,22104.0
2021-09-27 10:45:00,355.169779575,355.169779575,354.106367521,354.145753153,26032.0
2021-09-27 11:00:00,353.855284119,353.855284119,352.215857203,352.757409638,17052.0
2021-09-27 11:15:00,352.993723428,353.013416243,352.471863809,352.954337796,13071.0
2021-09-27 11:30:00,353.127043791,353.127043791,352.486633421,352.668791967,11221.0
2021-09-27 11:45:00,352.897622487,353.38265654,352.897622487,353.353117316,18395.0
2021-09-27 12:00:00,353.367886928,353.643586349,352.949414592,353.614047126,13601.0
2021-09-27 12:15:00,353.761743244,353.899592955,353.609123922,353.899592955,11452.0
2021-09-27 12:30:00,353.889746547,354.047289074,353.673125573,353.712609669,11977.0
2021-09-27 12:45:00,353.712511205,353.712511205,353.131573138,353.466351007,11703.0
2021-09-27 13:00:00,353.466351007,353.643487885,353.239883625,353.377733336,9847.0
2021-09-27 13:15:00,353.397426152,353.525429455,352.890336145,353.210344402,10959.0
2021-09-27 13:30:00,353.239883625,353.604200718,353.141419546,353.604200718,12292.0
2021-09-27 13:45:00,353.604200718,353.988210626,353.604200718,353.8306681,13903.0
2021-09-27 14:00:00,353.668202369,354.101444317,353.668202369,353.820821692,14972.0
2021-09-27 14:15:00,353.929132179,354.199908396,353.456504599,353.456504599,15746.0
2021-09-27 14:30:00,353.372810132,353.54512227,352.98387702,353.367886928,17418.0
2021-09-27 14:45:00,353.289115665,353.446658191,352.629406335,352.974030612,13765.0
2021-09-27 15:00:00,353.033109059,353.289115665,352.846027309,353.052801875,14258.0
2021-09-27 15:15:00,352.919875368,353.38265654,352.875566533,353.254653237,17431.0
2021-09-27 15:30:00,353.249730033,353.249730033,352.56048148,352.69833119,17903.0
2021-09-27 15:45:00,352.619559927,352.876846566,352.422631769,352.580174296,27578.0
2021-09-27 16:00:00,352.580174296,352.580174296,351.605379913,351.743229624,61668.0
2021-09-27 16:15:00,351.723536808,351.723536808,351.723536808,351.723536808,2293.0
2021-09-27 16:45:00,351.723536808,351.723536808,351.723536808,351.723536808,1913.0
2021-09-27 17:45:00,351.122905926,351.122905926,351.122905926,351.122905926,500.0
2021-09-28 09:45:00,351.231216413,353.40727256,351.231216413,353.318654889,11203.0
2021-09-28 10:00:00,353.426965376,353.682971981,351.930311374,352.265089243,23020.0
2021-09-28 10:15:00,351.605379913,351.940157782,350.925977767,351.129109163,11925.0
2021-09-28 10:30:00,351.201677189,351.708767196,350.955516991,351.708767196,16190.0
2021-09-28 10:45:00,351.565994281,353.367886928,350.945670583,352.777102454,13116.0
2021-09-28 11:00:00,352.737716822,353.047878671,351.841693703,352.501403032,17620.0
2021-09-28 11:15:00,352.540788664,352.762332842,351.841693703,351.954927394,14867.0
2021-09-28 11:30:00,351.812154479,352.649099151,351.122905926,352.37339973,22792.0
2021-09-28 11:45:00,352.452170993,353.003569836,352.014005841,352.919875368,48657.0
2021-09-28 12:00:00,353.102033915,353.810975284,352.836180901,353.564815086,33008.0
2021-09-28 12:15:00,353.564815086,353.823283294,352.811564881,353.495890231,26616.0
2021-09-28 12:30:00,353.56973829,353.643586349,352.887874543,353.092187507,25835.0
2021-09-28 12:45:00,352.934743444,353.220190809,352.826334493,353.200497994,18892.0
2021-09-28 13:00:00,353.200497994,354.116213929,353.141419546,353.623893534,22908.0
2021-09-28 13:15:00,353.643586349,355.179625983,353.54512227,354.844848114,34076.0
2021-09-28 13:30:00,354.943312193,355.455325404,354.884233746,355.169779575,15772.0
2021-09-28 13:45:00,355.120547535,355.189472391,354.01774985,354.234370824,11783.0
2021-09-28 14:00:00,354.175292376,354.697151995,353.938978587,354.431298982,18148.0
2021-09-28 14:15:00,354.44114539,354.844848114,353.751896836,354.007903442,17643.0
2021-09-28 14:30:00,354.066981889,355.031929864,354.066981889,354.766076851,18567.0
2021-09-28 14:45:00,354.559302285,355.00239064,353.929132179,355.00239064,13353.0
2021-09-28 15:00:00,355.140240351,355.435632588,354.411606166,354.633150344,15638.0
2021-09-28 15:15:00,354.569148693,355.194395595,354.431298982,354.534686265,16169.0
2021-09-28 15:30:00,354.500223837,354.870842631,353.828600354,354.067080353,19339.0
2021-09-28 15:45:00,354.165445968,355.071315496,353.732204021,353.732204021,52998.0
2021-09-28 16:00:00,353.860207323,354.209754804,352.69833119,352.79679527,118597.0
2021-09-28 16:15:00,352.79679527,352.79679527,352.79679527,352.79679527,7992.0
2021-09-29 04:30:00,352.79679527,352.79679527,352.79679527,352.79679527,230.0
2021-09-29 08:15:00,354.470684614,354.470684614,354.470684614,354.470684614,150.0
2021-09-29 09:45:00,353.269422849,353.269422849,350.571507083,350.876745728,21691.0
2021-09-29 10:00:00,350.537044655,352.74756323,350.345039701,352.737716822,13449.0
2021-09-29 10:15:00,352.949414592,353.500813435,352.806641677,353.298962073,24294.0
2021-09-29 10:30:00,353.343270908,354.774938618,353.082341099,354.593764712,8887.0
2021-09-29 10:45:00,354.583918304,355.47501822,354.401759758,355.47501822,17131.0
2021-09-29 11:00:00,355.68671599,356.044731381,355.071315496,355.780256865,12420.0
2021-09-29 11:15:00,355.974428029,355.974428029,355.00239064,355.484864628,11811.0
2021-09-29 11:30:00,355.484864628,356.617201537,355.297782878,356.617201537,19018.0
2021-09-29 11:45:00,356.528583866,357.601842328,356.124881142,357.247371643,25111.0
2021-09-29 12:00:00,357.070136301,358.369862144,356.806744889,358.369862144,14320.0
2021-09-29 12:15:00,358.276321269,358.793257684,358.079393111,358.355092532,30681.0
2021-09-29 12:30:00,358.409247776,359.177267593,358.172933986,358.832643316,15857.0
2021-09-29 12:45:00,358.842489724,360.378529357,358.8129505,359.63512556,32808.0
2021-09-29 13:00:00,359.669587988,359.679434396,358.918799385,359.078803514,12187.0
2021-09-29 13:15:00,359.00003225,359.088649921,358.104009131,358.182780394,13665.0
2021-09-29 13:30:00,358.340322921,358.660331178,358.291090881,358.438787,12112.0
2021-09-29 13:45:00,358.108932335,358.724332829,358.108932335,358.596329526,10409.0
2021-09-29 14:00:00,358.586483118,358.655407974,357.808616894,358.133548355,40760.0
2021-09-29 14:15:00,358.15324117,359.221576428,358.040007479,359.216653224,11516.0
2021-09-29 14:30:00,359.324963711,359.620355948,359.004955454,359.14969765,13039.0
2021-09-29 14:45:00,359.246192448,359.777898475,359.226499632,359.467736626,13191.0
2021-09-29 15:00:00,359.482506238,359.600663133,358.507711855,358.684947197,18789.0
2021-09-29 15:15:00,358.689870401,358.881875355,358.520019865,358.753872053,24046.0
2021-09-29 15:30:00,358.724332829,359.128035553,358.724332829,358.793257684,22318.0
2021-09-29 15:45:00,358.675100789,359.039417882,358.074568371,358.232012434,42285.0
2021-09-29 16:00:00,358.20247321,358.348396975,357.237525235,357.513224656,133078.0
2021-09-29 16:15:00,357.40491417,357.40491417,357.40491417,357.40491417,9539.0
2021-09-29 16:45:00,357.40491417,357.40491417,357.40491417,357.40491417,994.0
2021-09-30 09:45:00,358.005545052,359.039417882,356.489198234,357.980929032,17022.0
2021-09-30 10:00:00,358.044930683,358.251705249,357.483685433,357.887388157,17402.0
2021-09-30 10:15:00,357.995698644,358.468326223,357.139061156,357.139061156,22443.0
2021-09-30 10:30:00,357.286757275,358.084316315,357.079982709,357.857848933,13800.0
2021-09-30 10:45:00,357.857848933,358.044930683,356.538430274,356.676279984,15370.0
2021-09-30 11:00:00,356.641817557,356.912593774,355.868874536,356.646740761,22207.0
2021-09-30 11:15:00,356.55812309,357.030750669,356.164266773,357.020904261,23962.0
2021-09-30 11:30:00,357.109521932,357.828309709,356.439966195,356.794436879,56496.0
2021-09-30 11:45:00,356.686126392,356.764897656,355.455325404,355.937799392,39675.0
2021-09-30 12:00:00,355.967338615,355.967338615,355.219011614,355.750717641,13391.0
2021-09-30 12:15:00,356.026417063,356.13472755,354.362374127,354.539609469,22923.0
2021-09-30 12:30:00,354.785769667,355.716550606,354.697151995,355.484864628,20144.0
2021-09-30 12:45:00,355.159933167,356.213498813,355.00239064,355.932876188,16125.0
2021-09-30 13:00:00,355.87379774,356.520115955,355.829488905,356.218422017,15974.0
2021-09-30 13:15:00,356.233191629,357.129214748,356.233191629,356.843668919,14702.0
2021-09-30 13:30:00,356.863361735,357.070136301,355.652253562,355.681792786,15373.0
2021-09-30 13:45:00,355.691639194,356.336578912,355.199318799,356.336578912,23679.0
2021-09-30 14:00:00,356.361194931,356.361194931,355.735948029,355.770410457,11518.0
2021-09-30 14:15:00,355.918106576,357.370451742,355.908260168,356.479351826,17715.0
2021-09-30 14:30:00,356.144573958,356.449812603,355.652253562,356.311962892,18011.0
2021-09-30 14:45:00,356.499044642,357.444299801,356.489198234,357.414760577,13132.0
2021-09-30 15:00:00,357.483685433,357.72984563,356.991365037,357.11936834,17051.0
2021-09-30 15:15:00,357.089829117,357.335989314,356.602431925,357.030750669,25454.0
2021-09-30 15:30:00,357.030750669,357.296603683,356.041186675,356.144573958,34480.0
2021-09-30 15:45:00,356.144573958,357.065213097,355.484864628,355.681792786,46875.0
2021-09-30 16:00:00,355.632560746,355.878720944,354.539609469,354.539609469,202282.0
2021-09-30 16:15:00,354.618380732,354.618380732,354.618380732,354.618380732,13095.0
2021-10-01 09:45:00,356.174113181,356.794436879,355.415939773,356.026417063,20359.0
2021-10-01 10:00:00,355.494711036,355.865329829,353.712511205,354.214678008,16752.0
2021-10-01 10:15:00,353.929132179,355.110701127,353.840514508,353.870053731,14466.0
2021-10-01 10:30:00,354.057135482,354.057135482,352.245396427,353.052801875,12825.0
2021-10-01 10:45:00,353.190651586,354.273756455,352.018929045,352.334014098,46875.0
2021-10-01 11:00:00,352.196164387,352.245396427,350.999825827,352.245396427,21022.0
2021-10-01 11:15:00,352.240473223,353.988210626,352.240473223,353.988210626,25287.0
2021-10-01 11:30:00,354.086674705,355.179625983,354.086674705,354.510070245,34698.0
2021-10-01 11:45:00,354.343665952,355.829488905,354.343665952,355.819642497,9095.0
2021-10-01 12:00:00,355.770410457,355.770410457,354.214678008,354.382066942,20582.0
2021-10-01 12:15:00,354.244217232,355.189472391,353.983287422,354.844848114,11764.0
2021-10-01 12:30:00,354.805462482,354.943312193,354.057135482,354.39191335,31131.0
2021-10-01 12:45:00,354.490377429,354.874387338,354.39191335,354.726691219,8949.0
2021-10-01 13:00:00,354.726691219,355.091008312,354.475607818,354.475607818,10093.0
2021-10-01 13:15:00,354.421452574,354.736537627,354.273756455,354.347604515,7617.0
2021-10-01 13:30:00,354.460838206,354.706998403,354.362374127,354.578995101,5866.0
2021-10-01 13:45:00,354.67745918,355.199318799,354.569148693,355.199318799,14009.0
2021-10-01 14:00:00,355.297782878,355.760564049,355.179625983,355.386400549,19372.0
2021-10-01 14:15:00,355.42578618,356.13472755,355.42578618,355.87379774,11352.0
2021-10-01 14:30:00,355.967338615,356.292270076,355.84918172,355.967338615,10859.0
2021-10-01 14:45:00,356.036263471,356.518737458,355.87379774,355.87379774,12665.0
2021-10-01 15:00:00,355.563635891,356.055956286,355.563635891,355.799949681,18465.0
2021-10-01 15:15:00,355.908260168,356.833822511,355.863951332,356.814129695,18844.0
2021-10-01 15:30:00,357.099675524,357.316296498,356.883054551,356.912593774,12244.0
2021-10-01 15:45:00,356.912593774,356.912593774,355.716255214,355.918106576,14194.0
2021-10-01 16:00:00,355.937799392,356.115034734,354.933465785,355.47501822,61365.0
2021-10-01 16:15:00,355.376554141,355.376554141,355.376554141,355.376554141,17360.0
2021-10-01 16:45:00,355.376554141,355.376554141,355.376554141,355.376554141,2093.0
2021-10-04 09:45:00,356.095341918,359.679434396,355.937799392,358.443710204,28517.0
2021-10-04 10:00:00,358.591406322,361.264706069,358.591406322,360.939774608,33719.0
2021-10-04 10:15:00,361.643792773,361.643792773,359.61050954,360.969313831,27989.0
2021-10-04 10:30:00,360.811771305,361.274552477,360.436032379,361.245013253,67758.0
2021-10-04 10:45:00,361.097317134,361.505943062,359.763128863,361.008699463,36654.0
2021-10-04 11:00:00,360.738809422,361.471480635,359.196960408,359.802514495,36099.0
2021-10-04 11:15:00,359.620355948,360.604996739,359.216653224,360.201294015,25850.0
2021-10-04 11:30:00,360.339143725,360.516379068,357.877541749,358.330476513,26291.0
2021-10-04 11:45:00,358.300937289,358.714486421,356.971672222,357.153830768,24407.0
2021-10-04 12:00:00,357.11936834,359.374195751,357.11936834,359.201883612,22683.0
2021-10-04 12:15:00,359.034494678,359.310194099,358.586483118,358.763718461,11976.0
2021-10-04 12:30:00,358.852336132,358.936030599,358.123701947,358.547097487,22649.0
2021-10-04 12:45:00,358.478172631,358.684947197,358.222166026,358.340322921,19902.0
2021-10-04 13:00:00,358.281244473,358.832643316,358.143394762,358.399401368,13144.0
2021-10-04 13:15:00,358.15324117,358.448633408,357.242448439,358.300937289,20042.0
2021-10-04 13:30:00,358.222166026,358.296014085,357.326142906,357.449223005,10806.0
2021-10-04 13:45:00,357.454146209,358.133548355,357.454146209,357.819743335,14329.0
2021-10-04 14:00:00,357.788924078,357.808616894,357.375374946,357.40491417,13105.0
2021-10-04 14:15:00,357.444299801,357.631381551,356.607355129,356.961825814,16280.0
2021-10-04 14:30:00,356.93228659,357.660920775,356.774744064,357.267064459,26675.0
2021-10-04 14:45:00,357.414760577,357.769231262,356.951979406,357.621535143,14847.0
2021-10-04 15:00:00,357.788924078,358.222166026,357.788924078,358.113855539,17519.0
2021-10-04 15:15:00,358.113855539,358.970493027,357.951389808,358.970493027,24492.0
2021-10-04 15:30:00,358.773564868,359.910824982,358.281244473,359.905901778,33749.0
2021-10-04 15:45:00,359.974826633,360.703460818,359.452967014,360.442531009,38234.0
2021-10-04 16:00:00,360.516379068,361.269629273,359.512045461,360.112676344,114032.0
2021-10-04 16:15:00,360.053597896,360.053597896,360.053597896,360.053597896,12245.0
2021-10-04 16:30:00,360.053597896,360.053597896,360.053597896,360.053597896,110.0
2021-10-04 16:45:00,360.053597896,360.053597896,360.053597896,360.053597896,1496.0
2021-10-05 09:45:00,359.768052067,360.378529357,358.212319618,358.517558263,21869.0
2021-10-05 10:00:00,358.940953803,360.476993436,358.773564868,360.240679646,14104.0
2021-10-05 10:15:00,360.437607805,362.141036372,360.398222173,362.062265109,14497.0
2021-10-05 10:30:00,362.33796453,362.879516965,362.244423655,362.712128031,19402.0
2021-10-05 10:45:00,362.840131334,363.283219689,361.904722583,362.091804333,23957.0
2021-10-05 11:00:00,362.288732491,363.23398765,362.091804333,363.224141242,15607.0
2021-10-05 11:15:00,363.155216387,364.622331165,363.155216387,364.326938927,35781.0
2021-10-05 11:30:00,364.45494223,364.87833777,364.302322908,364.302322908,15139.0
2021-10-05 11:45:00,364.159549993,364.159549993,363.401376584,363.627843966,11249.0
2021-10-05 12:00:00,363.534303091,364.612484757,363.4210694,364.543559901,12499.0
2021-10-05 12:15:00,364.602638349,364.799566507,363.942929019,363.972468243,13895.0
2021-10-05 12:30:00,363.696768821,363.765693677,362.909056189,362.909056189,5138.0
2021-10-05 12:45:00,362.800745702,362.99767386,362.397042978,362.529969485,9549.0
2021-10-05 13:00:00,362.672742399,363.238910854,362.451198221,363.115830755,14909.0
2021-10-05 13:15:00,363.283219689,363.558919111,362.99767386,363.165062794,11663.0
2021-10-05 13:30:00,362.948441821,363.65738319,362.948441821,363.60815115,7275.0
2021-10-05 13:45:00,363.726308045,364.592791941,363.677076006,364.317092519,11582.0
2021-10-05 14:00:00,364.307246112,364.469711842,364.169396401,364.253090868,6030.0
2021-10-05 14:15:00,364.307246112,364.898030586,364.307246112,364.740488059,15618.0
2021-10-05 14:30:00,364.740488059,365.316502922,364.740488059,365.316502922,8468.0
2021-10-05 14:45:00,365.311579718,365.454352633,364.661716796,365.134344376,11802.0
2021-10-05 15:00:00,365.174320792,365.321426126,365.045726705,365.163883599,9383.0
2021-10-05 15:15:00,365.026033889,365.380504573,364.92756981,365.360811758,11564.0
2021-10-05 15:30:00,365.321426126,365.459275837,364.957109033,365.173730007,21127.0
2021-10-05 15:45:00,365.173730007,365.56266312,365.045726705,365.439583021,23380.0
2021-10-05 16:00:00,365.400197389,365.419890205,364.090625138,364.149703585,89819.0
2021-10-05 16:15:00,364.198935625,364.198935625,364.198935625,364.198935625,12684.0
2021-10-06 09:45:00,363.037059492,364.061085914,361.924415398,363.056752308,13426.0
2021-10-06 10:00:00,362.909056189,362.958288228,362.003186662,362.377350162,11540.0
2021-10-06 10:15:00,362.131189964,362.648126379,361.274552477,362.57427832,12035.0
2021-10-06 10:30:00,362.224730839,362.653049583,360.934851404,362.209961228,13182.0
2021-10-06 10:45:00,362.436428609,362.81059211,361.737333648,361.811181707,14841.0
2021-10-06 11:00:00,362.170575596,362.800745702,361.471480635,362.800745702,34255.0
2021-10-06 11:15:00,362.731820847,363.746000861,362.475814241,363.711538433,26004.0
2021-10-06 11:30:00,363.775540085,364.366324559,363.539226295,363.814925716,72721.0
2021-10-06 11:45:00,363.86908096,364.179242809,362.697358419,363.165062794,25218.0
2021-10-06 12:00:00,363.312758913,365.005356432,363.017366676,365.005356432,18747.0
2021-10-06 12:15:00,364.966955441,365.006341073,364.100471546,364.336785335,35067.0
2021-10-06 12:30:00,364.317092519,365.656203995,364.208782033,365.414967001,19822.0
2021-10-06 12:45:00,365.469122244,365.931903416,365.257424475,365.666050403,15540.0
2021-10-06 13:00:00,365.715282442,365.744821666,365.183576415,365.675896811,15553.0
2021-10-06 13:15:00,365.77436089,365.902364192,365.311579718,365.823592929,18373.0
2021-10-06 13:30:00,365.839150254,366.473455851,365.74974487,366.473455851,11939.0
2021-10-06 13:45:00,366.473455851,367.428557418,366.463609443,366.906697799,19877.0
2021-10-06 14:00:00,366.837772943,367.064240325,366.581766338,366.891928187,10051.0
2021-10-06 14:15:00,367.162704404,368.226116458,366.685153621,368.022591207,14540.0
2021-10-06 14:30:00,368.088266747,368.186730827,367.595946352,367.899511108,13104.0
2021-10-06 14:45:00,367.773181694,369.496303078,367.723949655,368.994136275,12016.0
2021-10-06 15:00:00,369.033521906,369.48645667,368.295041313,369.338760552,28224.0
2021-10-06 15:15:00,369.417531815,369.656307206,368.969520255,369.491182946,31126.0
2021-10-06 15:30:00,369.48645667,371.13080679,369.48645667,370.91910902,28297.0
2021-10-06 15:45:00,370.835414553,371.248963685,370.190474835,370.904339409,43202.0
2021-10-06 16:00:00,371.032342711,371.672359225,370.766489698,371.514816699,93616.0
2021-10-06 16:15:00,371.524663107,371.524663107,371.524663107,371.524663107,13446.0
2021-10-07 08:45:00,373.169013227,373.169013227,373.169013227,373.169013227,200.0
2021-10-07 09:45:00,372.194218844,376.900801823,372.194218844,375.670000835,45061.0
2021-10-07 10:00:00,375.847236177,377.235579692,375.817696954,376.516791915,21600.0
2021-10-07 10:15:00,376.644795218,377.166654837,376.349402981,376.959880271,26938.0
2021-10-07 10:30:00,377.074393995,377.43250785,376.674334441,376.954957067,23827.0
2021-10-07 10:45:00,377.115453516,377.206040468,375.876775401,376.492175895,16751.0
2021-10-07 11:00:00,376.408481428,377.461062433,376.250938901,377.437431054,25295.0
2021-10-07 11:15:00,377.565434357,377.954367469,376.923547026,377.186347653,17626.0
2021-10-07 11:30:00,377.137115613,377.285402516,376.103242783,376.172167638,12536.0
2021-10-07 11:45:00,376.310017349,377.028805126,375.866928993,376.674334441,17232.0
2021-10-07 12:00:00,376.758028909,376.977406877,376.014625112,376.664488034,12457.0
2021-10-07 12:15:00,376.674334441,377.688514456,376.674334441,377.329120567,19835.0
2021-10-07 12:30:00,377.210963672,377.865749798,377.210963672,377.530971929,16762.0
2021-10-07 12:45:00,377.560511153,377.806671351,377.376284861,377.555587949,16415.0
2021-10-07 13:00:00,377.555587949,377.555587949,377.004189106,377.265118916,44507.0
2021-10-07 13:15:00,377.19619406,377.19619406,376.369095796,376.8712626,17398.0
2021-10-07 13:30:00,376.915571435,377.324197363,376.881109007,377.289734936,10813.0
2021-10-07 13:45:00,377.235579692,377.235579692,376.743259297,376.950033863,10649.0
2021-10-07 14:00:00,377.038651534,377.272602186,376.753105705,377.255272508,15137.0
2021-10-07 14:15:00,377.19619406,377.206040468,376.738336093,377.048497942,13056.0
2021-10-07 14:30:00,376.969726679,377.324197363,376.925417843,377.137115613,18513.0
2021-10-07 14:45:00,377.363582995,377.363582995,376.753105705,376.910648231,23633.0
2021-10-07 15:00:00,376.964803475,376.964803475,376.260785309,376.260785309,14292.0
2021-10-07 15:15:00,376.093396375,377.087883573,376.02447152,377.018958718,30740.0
2021-10-07 15:30:00,377.018958718,377.373429403,377.018958718,377.235579692,23637.0
2021-10-07 15:45:00,377.284811732,377.393122219,376.743259297,376.793279049,36422.0
2021-10-07 16:00:00,376.8712626,377.117422797,376.310017349,376.812184152,88329.0
2021-10-07 16:15:00,376.82203056,376.82203056,376.82203056,376.82203056,6393.0
2021-10-08 09:45:00,377.334043771,378.072524364,376.300170941,376.841723376,16376.0
2021-10-08 10:00:00,376.802337744,377.560511153,376.152474822,377.388199015,12241.0
2021-10-08 10:15:00,377.511279113,378.269452522,377.373429403,377.895289022,40289.0
2021-10-08 10:30:00,377.718053679,378.151295627,377.491586298,377.757439311,15851.0
2021-10-08 10:45:00,377.422661442,379.460867879,377.422661442,379.460867879,17126.0
2021-10-08 11:00:00,379.273786129,379.92364905,378.998086707,378.998086707,21190.0
2021-10-08 11:15:00,378.988240299,379.081781174,378.643616023,379.012856319,13908.0
2021-10-08 11:30:00,379.037472339,379.460867879,378.919315444,379.352557392,15668.0
2021-10-08 11:45:00,379.396866227,380.20919488,378.968547484,380.20919488,14446.0
2021-10-08 12:00:00,380.337198182,380.337198182,379.647949629,379.677488853,14973.0
2021-10-08 12:15:00,379.874417011,380.514433525,379.874417011,380.386430222,5838.0
2021-10-08 12:30:00,380.386430222,380.563665564,380.051652353,380.071345169,14184.0
2021-10-08 12:45:00,379.943341866,380.711361683,379.943341866,380.603051196,11342.0
2021-10-08 13:00:00,380.626584111,380.859057801,380.470124689,380.839364986,13113.0
2021-10-08 13:15:00,380.878750617,381.410456644,380.878750617,381.326762177,16433.0
2021-10-08 13:30:00,381.351378197,381.400610236,380.760692186,380.918136249,12536.0
2021-10-08 13:45:00,380.780286538,381.105217999,380.627667216,380.947675473,12871.0
2021-10-08 14:00:00,381.05598596,381.646770434,380.908289841,381.646770434,12986.0
2021-10-08 14:15:00,381.646770434,382.390174231,381.627077618,382.080012382,12464.0
2021-10-08 14:30:00,382.070165974,382.882494626,382.050473158,382.882494626,11568.0
2021-10-08 14:45:00,382.828339383,383.182810067,382.562486369,383.182810067,15666.0
2021-10-08 15:00:00,383.271427738,383.606205607,383.133578028,383.606205607,15491.0
2021-10-08 15:15:00,383.606205607,384.463827736,383.606205607,384.403764648,19871.0
2021-10-08 15:30:00,384.354532608,384.667156059,384.354532608,384.595769602,17347.0
2021-10-08 15:45:00,384.590846398,384.930547471,384.039447555,384.098526003,28358.0
2021-10-08 16:00:00,384.029601147,384.039447555,382.601872001,383.744055318,136606.0
2021-10-08 16:15:00,383.73420891,383.73420891,383.73420891,383.73420891,8476.0
2021-10-11 09:45:00,384.049293963,385.644412044,382.907110646,383.28619735,27569.0
2021-10-11 10:00:00,383.330506186,385.201323688,381.883084224,385.201323688,42024.0
2021-10-11 10:15:00,385.152091648,387.337994204,385.152091648,387.200144493,36756.0
2021-10-11 10:30:00,387.214914105,387.490613526,385.752722531,386.018575544,26326.0
2021-10-11 10:45:00,386.126886031,388.34232781,386.097346807,388.091244408,69984.0
2021-10-11 11:00:00,388.31721947,389.514050351,388.096167612,389.021729955,63452.0
2021-10-11 11:15:00,389.016806752,389.454971903,388.411252665,388.864187429,43420.0
2021-10-11 11:30:00,388.834648205,389.681439285,388.736184126,389.277736561,38691.0
2021-10-11 11:45:00,389.267890153,390.414996674,389.267890153,390.31062475,45469.0
2021-10-11 12:00:00,390.075295601,390.365764635,389.553435982,390.365764635,16595.0
2021-10-11 12:15:00,390.360841431,390.488844733,389.057275488,389.326968601,23291.0
2021-10-11 12:30:00,389.110347627,389.838981812,389.00203714,389.384963943,12188.0
2021-10-11 12:45:00,389.445125495,389.445125495,387.633386441,387.633386441,27277.0
2021-10-11 13:00:00,387.426611875,388.145399652,386.939214683,387.574307993,14885.0
2021-10-11 13:15:00,387.601385615,388.34232781,387.111526822,388.224170915,17394.0
2021-10-11 13:30:00,388.219247711,388.450638297,387.810621783,388.125706836,14859.0
2021-10-11 13:45:00,388.165092468,388.391559849,387.653079257,388.115860428,10676.0
2021-10-11 14:00:00,388.086321204,388.214324507,387.052448374,387.269069348,12065.0
2021-10-11 14:15:00,387.288762164,387.771236151,387.209990901,387.643232849,10323.0
2021-10-11 14:30:00,387.697388092,387.909085862,387.347840611,387.662925664,12722.0
2021-10-11 14:45:00,387.781082559,387.781082559,387.200144493,387.200144493,18100.0
2021-10-11 15:00:00,387.209990901,387.73185052,387.091834006,387.722004112,13330.0
2021-10-11 15:15:00,388.086321204,388.312788586,387.717080908,387.987857125,19431.0
2021-10-11 15:30:00,388.174938876,388.229094119,387.485690322,387.569384789,14897.0
2021-10-11 15:45:00,387.54476877,388.332481402,387.54476877,387.680058414,30805.0
2021-10-11 16:00:00,387.751543336,387.810621783,386.953984295,387.042601966,82902.0
2021-10-11 16:15:00,387.12137323,387.12137323,387.12137323,387.12137323,4076.0
2021-10-12 07:00:00,386.963830703,386.963830703,386.963830703,386.963830703,264.0
2021-10-12 09:45:00,386.589667203,387.554615177,384.728696108,387.318301388,18168.0
2021-10-12 10:00:00,387.25922294,388.588488008,385.496715925,387.269069348,18721.0
2021-10-12 10:15:00,387.25922294,387.653079257,386.451817492,387.170605269,15709.0
2021-10-12 10:30:00,387.633386441,387.633386441,386.766902545,387.219837309,17456.0
2021-10-12 10:45:00,387.239530124,387.879546638,386.510895939,387.347840611,29806.0
2021-10-12 11:00:00,387.12137323,387.955954764,387.12137323,387.446304691,20317.0
2021-10-12 11:15:00,387.170605269,388.046935573,386.924445072,387.264146144,15261.0
2021-10-12 11:30:00,387.269069348,387.515229546,386.806288177,387.022909151,16297.0
2021-10-12 11:45:00,387.205067697,387.717080908,386.510895939,386.826965633,17049.0
2021-10-12 12:00:00,386.8358274,387.175528473,386.638899242,386.88505944,11333.0
2021-10-12 12:15:00,386.899829052,387.569384789,386.766902545,387.003216335,23619.0
2021-10-12 12:30:00,386.875213032,386.904752256,385.654258452,385.880725833,11541.0
2021-10-12 12:45:00,385.910265057,386.22535011,385.447483886,385.98903632,12429.0
2021-10-12 13:00:00,385.959497097,386.333660597,385.792108162,386.176118071,7897.0
2021-10-12 13:15:00,386.171194867,386.333660597,385.870879426,386.185964479,8794.0
2021-10-12 13:30:00,386.284428558,386.599513611,385.979189913,386.491203124,7774.0
2021-10-12 13:45:00,386.579820795,386.717670505,386.194727782,386.717670505,9527.0
2021-10-12 14:00:00,386.520742347,386.550281571,385.821647386,385.821647386,34447.0
2021-10-12 14:15:00,385.828638336,385.929957873,385.417944662,385.673951267,11309.0
2021-10-12 14:30:00,385.723183307,386.048114768,385.319480583,385.319480583,11525.0
2021-10-12 14:45:00,385.437637478,385.900418649,385.422867866,385.787184958,8146.0
2021-10-12 15:00:00,385.810225553,386.41243186,385.56564078,385.980174553,12871.0
2021-10-12 15:15:00,386.057961176,386.264637278,385.673951267,385.993959524,12110.0
2021-10-12 15:30:00,385.939804281,385.949650689,384.81731378,384.945317082,24112.0
2021-10-12 15:45:00,384.940393878,385.142245241,383.724362502,383.73420891,36741.0
2021-10-12 16:00:00,383.724362502,384.196990082,383.113885212,384.098526003,103158.0
2021-10-12 16:15:00,384.078833187,384.078833187,384.078833187,384.078833187,20097.0
2021-10-13 09:45:00,383.49789512,383.49789512,381.38091742,381.843698592,18268.0
2021-10-13 10:00:00,381.528613539,381.577845579,380.484894301,380.484894301,13195.0
2021-10-13 10:15:00,380.140270024,380.691668867,378.102063588,378.220220483,31852.0
2021-10-13 10:30:00,378.003599509,378.623923207,377.688514456,378.072524364,23865.0
2021-10-13 10:45:00,378.269452522,379.31317176,378.131602812,378.830697773,19475.0
2021-10-13 11:00:00,378.968547484,379.244246905,378.32853097,378.584537575,17190.0
2021-10-13 11:15:00,378.550075148,379.096550786,378.377763009,379.081781174,20293.0
2021-10-13 11:30:00,379.052241951,379.106397194,377.949444265,378.495919904,16499.0
2021-10-13 11:45:00,378.495919904,379.657796037,377.846056982,379.165574106,30536.0
2021-10-13 12:00:00,379.323018168,380.918136249,379.273786129,380.918136249,19038.0
2021-10-13 12:15:00,381.028908338,382.109551606,380.868904209,382.109551606,19309.0
2021-10-13 12:30:00,382.232631704,383.596359199,382.158783645,383.596359199,12674.0
2021-10-13 12:45:00,383.483125508,383.931137068,383.369891817,383.488048712,26008.0
2021-10-13 13:00:00,383.458509489,383.458509489,382.749568119,383.158194047,12227.0
2021-10-13 13:15:00,383.202502883,383.443739877,382.985881909,383.167055815,9791.0
2021-10-13 13:30:00,383.044960357,383.872058621,382.788953751,383.325582982,14285.0
2021-10-13 13:45:00,383.330506186,383.717371552,383.192656475,383.330506186,15274.0
2021-10-13 14:00:00,383.28619735,383.369891817,382.523100738,382.523100738,10892.0
2021-10-13 14:15:00,382.611718409,383.532357548,382.336018987,382.670796856,15722.0
2021-10-13 14:30:00,382.744644915,382.759414527,382.060319566,382.060319566,14935.0
2021-10-13 14:45:00,382.203092481,382.203092481,381.824005776,382.070165974,20448.0
2021-10-13 15:00:00,382.104628402,382.326172579,381.902777039,382.030780342,17299.0
2021-10-13 15:15:00,382.025857138,382.434483066,381.902777039,382.011087526,27648.0
2021-10-13 15:30:00,381.991394711,382.641257632,381.961855487,382.542793553,23943.0
2021-10-13 15:45:00,382.542793553,382.980958705,382.04062675,382.395097435,41437.0
2021-10-13 16:00:00,382.404943843,383.448663081,382.336018987,382.729875304,76232.0
2021-10-13 16:15:00,382.729875304,382.729875304,382.729875304,382.729875304,14779.0
2021-10-14 09:45:00,384.305300569,384.940393878,383.842519397,384.10837241,16308.0
2021-10-14 10:00:00,384.610539214,384.610539214,383.635744831,383.9705227,8335.0
2021-10-14 10:15:00,384.433303871,386.220426906,384.315146976,385.093013201,14915.0
2021-10-14 10:30:00,384.935470675,385.481946313,384.452996687,384.590846398,11443.0
2021-10-14 10:45:00,384.748388924,384.846853003,384.118218818,384.260991733,9007.0
2021-10-14 11:00:00,384.324993384,384.866545819,384.078833187,384.763158536,9839.0
2021-10-14 11:15:00,384.865856571,385.186554076,384.374225424,384.374225424,7983.0
2021-10-14 11:30:00,384.384071832,384.886238635,384.374225424,384.39391824,5466.0
2021-10-14 11:45:00,384.502228727,385.093013201,384.502228727,385.043781161,5559.0
2021-10-14 12:00:00,385.024088346,385.122552425,384.39391824,385.063473977,12018.0
2021-10-14 12:15:00,385.24070932,385.56564078,385.176707668,385.555794373,9063.0
2021-10-14 12:30:00,385.545947965,385.979189913,385.536101557,385.944727485,6084.0
2021-10-14 12:45:00,386.0875004,386.0875004,385.624719228,385.693644083,6786.0
2021-10-14 13:00:00,385.526255149,385.80195457,385.408098254,385.5902568,10876.0
2021-10-14 13:15:00,386.01365234,386.01365234,385.447483886,385.545947965,6539.0
2021-10-14 13:30:00,385.545947965,385.718260103,385.368712622,385.477023109,6615.0
2021-10-14 13:45:00,385.585333596,386.373046229,385.506562333,386.373046229,8847.0
2021-10-14 14:00:00,386.313967781,386.786595361,386.112116419,386.501049532,7572.0
2021-10-14 14:15:00,386.501049532,386.525665551,385.880725833,385.939804281,6597.0
2021-10-14 14:30:00,385.865956222,385.998882728,385.339173399,385.757645735,11953.0
2021-10-14 14:45:00,385.718260103,385.723183307,384.969933102,385.093013201,10785.0
2021-10-14 15:00:00,385.122552425,385.201323688,384.738542516,384.753312128,14273.0
2021-10-14 15:15:00,384.748388924,384.81731378,384.472689503,384.590846398,26592.0
2021-10-14 15:30:00,384.53176795,384.53176795,383.990215516,384.177297266,15408.0
2021-10-14 15:45:00,384.211759693,384.236375713,382.966189093,383.192656475,38032.0
2021-10-14 16:00:00,383.153270844,384.10837241,382.976035501,383.872058621,87754.0
2021-10-14 16:15:00,383.950829884,383.950829884,383.950829884,383.950829884,38053.0
2021-10-14 17:00:00,384.718849701,384.718849701,384.718849701,384.718849701,130.0
2021-10-15 08:30:00,383.950829884,383.950829884,383.950829884,383.950829884,178.0
2021-10-15 09:45:00,385.073320385,387.091834006,385.073320385,387.091834006,33936.0
2021-10-15 10:00:00,387.318301388,388.135553244,386.048114768,388.135553244,14659.0
2021-10-15 10:15:00,387.933701882,389.454971903,387.933701882,389.198965298,10538.0
2021-10-15 10:30:00,389.051269179,389.691285693,388.864187429,389.405739864,12365.0
2021-10-15 10:45:00,389.287582969,390.050679582,389.287582969,389.8242122,16985.0
2021-10-15 11:00:00,389.829135404,390.626694444,389.829135404,390.341148615,14156.0
2021-10-15 11:15:00,390.252530944,390.252530944,389.701132101,389.701132101,8019.0
2021-10-15 11:30:00,389.681439285,389.770056956,388.854341021,389.011883548,8028.0
2021-10-15 11:45:00,389.021729955,389.592821614,389.021729955,389.415586272,5072.0
2021-10-15 12:00:00,389.622360838,389.666669673,389.267890153,389.642053654,4607.0
2021-10-15 12:15:00,389.484511127,389.523896759,388.883880245,388.883880245,5606.0
2021-10-15 12:30:00,388.962651508,389.100501219,388.844494613,389.021729955,3948.0
2021-10-15 12:45:00,389.070961995,389.130040442,388.893726653,389.011883548,5788.0
2021-10-15 13:00:00,388.933112284,389.13988685,388.371867034,388.371867034,5234.0
2021-10-15 13:15:00,388.450638297,388.637720047,388.29309577,388.321256497,5777.0
2021-10-15 13:30:00,388.312788586,388.568795192,387.889393046,388.460484705,11987.0
2021-10-15 13:45:00,388.435868685,388.519563152,387.992780329,388.381713442,9456.0
2021-10-15 14:00:00,388.440791889,388.696798495,388.283249363,388.411252665,6867.0
2021-10-15 14:15:00,388.411252665,389.080808403,388.357097422,388.9528051,10589.0
2021-10-15 14:30:00,388.903573061,389.061115587,388.647566455,389.021729955,12345.0
2021-10-15 14:45:00,389.011883548,389.095578015,388.5786416,388.972497916,12089.0
2021-10-15 15:00:00,388.923265876,389.518973555,388.923265876,389.514050351,12489.0
2021-10-15 15:15:00,389.440202291,389.494357535,389.011883548,389.134963646,25054.0
2021-10-15 15:30:00,389.13988685,389.386047048,388.874033837,389.386047048,25317.0
2021-10-15 15:45:00,389.346661416,389.346661416,389.011883548,389.051269179,27783.0
2021-10-15 16:00:00,389.095578015,389.98667793,388.972497916,389.120194035,154175.0
2021-10-15 16:15:00,389.287582969,389.287582969,389.287582969,389.287582969,9165.0
2021-10-15 17:15:00,388.312788586,388.312788586,388.312788586,388.312788586,180.0
2021-10-18 09:45:00,387.850007415,389.080808403,386.510895939,388.076474796,19863.0
2021-10-18 10:00:00,388.096167612,388.647566455,387.525075954,388.243863731,9766.0
2021-10-18 10:15:00,388.263556547,388.750953738,388.076474796,388.199554895,6592.0
2021-10-18 10:30:00,388.243863731,389.149733258,387.938625086,389.115270831,8950.0
2021-10-18 10:45:00,389.075885199,389.740517733,388.682028883,389.740517733,9307.0
2021-10-18 11:00:00,389.523896759,389.878367443,389.169426074,389.651900061,16392.0
2021-10-18 11:15:00,389.868521035,389.927599483,389.310229707,389.69433808,10026.0
2021-10-18 11:30:00,389.681242357,390.725158523,389.681242357,390.365764635,13107.0
2021-10-18 11:45:00,390.400227062,390.666080076,389.170410715,389.179272482,15117.0
2021-10-18 12:00:00,389.326968601,390.449459102,388.982344324,390.188529292,7147.0
2021-10-18 12:15:00,390.439612694,390.695619299,390.17375968,390.602078424,4673.0
2021-10-18 12:30:00,390.538076773,390.557769589,389.730671325,389.730671325,5144.0
2021-10-18 12:45:00,389.632207246,389.651900061,389.193254381,389.193254381,2357.0
2021-10-18 13:00:00,389.174349278,389.336815008,388.844494613,388.878957041,4887.0
2021-10-18 13:15:00,388.864187429,389.267890153,388.71649131,388.755876942,7443.0
2021-10-18 13:30:00,388.706644902,388.903573061,388.583564804,388.667259271,7353.0
2021-10-18 13:45:00,388.455561501,388.647566455,388.15524606,388.519563152,4954.0
2021-10-18 14:00:00,388.637720047,388.854341021,388.371867034,388.731260922,6610.0
2021-10-18 14:15:00,388.711568106,389.366354232,388.711568106,389.258043745,5588.0
2021-10-18 14:30:00,389.258043745,389.361431028,389.011883548,389.356507824,4646.0
2021-10-18 14:45:00,389.18911889,389.277736561,388.736184126,388.844494613,5471.0
2021-10-18 15:00:00,388.844494613,388.874033837,388.544179172,388.544179172,6392.0
2021-10-18 15:15:00,388.494947133,388.494947133,387.948569958,388.234017323,6075.0
2021-10-18 15:30:00,388.229094119,388.381713442,388.101090816,388.101090816,5080.0
2021-10-18 15:45:00,388.125706836,388.558948784,388.125706836,388.430945481,15516.0
2021-10-18 16:00:00,388.480177521,388.76572335,387.702311296,387.850007415,61872.0
2021-10-18 16:15:00,387.840161007,387.840161007,387.840161007,387.840161007,8215.0
2021-10-18 16:30:00,387.840161007,387.840161007,387.840161007,387.840161007,202.0
2021-10-19 09:45:00,389.494357535,389.504203943,387.736773724,387.810621783,14176.0
2021-10-19 10:00:00,387.741696928,387.996718892,386.796441769,387.510306342,20721.0
2021-10-19 10:15:00,387.771236151,388.50479354,387.633386441,387.899239454,14917.0
2021-10-19 10:30:00,388.263556547,388.736184126,388.125706836,388.430945481,14732.0
2021-10-19 10:45:00,388.722891476,389.917753075,388.55402558,389.661746469,19014.0
2021-10-19 11:00:00,389.533743167,389.533743167,389.016806752,389.21373491,10797.0
2021-10-19 11:15:00,389.371277436,389.789749772,389.258043745,389.701132101,6453.0
2021-10-19 11:30:00,389.819288996,389.957138707,389.706055305,389.8242122,9956.0
2021-10-19 11:45:00,389.750364141,389.79959618,388.549102376,388.785416166,15132.0
2021-10-19 12:00:00,388.874033837,390.055602786,388.874033837,390.055602786,6418.0
2021-10-19 12:15:00,390.006370746,390.902393866,389.84882822,390.794083379,20369.0
2021-10-19 12:30:00,390.803929786,390.813776194,390.508537549,390.538076773,9042.0
2021-10-19 12:45:00,390.567615997,391.178093287,390.567615997,391.109168432,9089.0
2021-10-19 13:00:00,391.143630859,391.922186332,391.143630859,391.837802617,15264.0
2021-10-19 13:15:00,391.793493781,391.995345143,391.719645722,391.936266696,22849.0
2021-10-19 13:30:00,391.946113104,392.221812525,391.857495432,392.066337744,12395.0
2021-10-19 13:45:00,392.182426893,392.512281558,392.083962814,392.207436769,18330.0
2021-10-19 14:00:00,392.271044564,392.792904183,392.271044564,392.581206413,15848.0
2021-10-19 14:15:00,392.52705117,392.743672144,392.428587091,392.625515249,12022.0
2021-10-19 14:30:00,392.625515249,392.802750591,392.310430196,392.310430196,18752.0
2021-10-19 14:45:00,392.256274953,392.256274953,391.089475616,391.148554063,11238.0
2021-10-19 15:00:00,391.0697828,391.778724169,391.030397168,391.72949213,9282.0
2021-10-19 15:15:00,391.621181643,392.26612136,391.621181643,392.26612136,8276.0
2021-10-19 15:30:00,392.251351749,392.541820782,392.074116406,392.320276604,11349.0
2021-10-19 15:45:00,392.261198157,392.330123012,392.034730775,392.221714061,13644.0
2021-10-19 16:00:00,392.211966117,393.196606908,392.211966117,393.176914092,58482.0
2021-10-19 16:15:00,393.167067684,393.167067684,393.167067684,393.167067684,7721.0
2021-10-20 09:15:00,393.285027651,393.285027651,393.285027651,393.285027651,877.0
2021-10-20 09:45:00,392.615668841,393.659388079,391.404560669,392.822443407,20292.0
2021-10-20 10:00:00,393.039064381,394.555411199,393.039064381,394.048321191,21000.0
2021-10-20 10:15:00,394.161554882,394.605726343,393.777544974,394.250172554,12560.0
2021-10-20 10:30:00,394.22063333,395.106810041,393.314763802,395.028038778,15721.0
2021-10-20 10:45:00,395.382509463,395.382509463,394.274788573,394.693260909,13931.0
2021-10-20 11:00:00,394.658798482,395.096963633,394.595683007,394.712953725,10653.0
2021-10-20 11:15:00,395.057578002,395.727133739,395.057578002,395.387432667,8950.0
2021-10-20 11:30:00,395.338200627,395.338200627,394.683414501,394.968960331,13483.0
2021-10-20 11:45:00,394.791724988,395.126502857,394.791724988,394.988653146,8068.0
2021-10-20 12:00:00,394.959113923,395.471127134,394.939421107,395.195427712,7199.0
2021-10-20 12:15:00,395.293891792,395.456357522,394.978806739,395.175734897,6331.0
2021-10-20 12:30:00,395.070279868,395.20527412,394.939519571,395.047731594,6939.0
2021-10-20 12:45:00,395.126502857,395.46620393,395.037885186,395.412048686,5137.0
2021-10-20 13:00:00,395.333277423,395.540051989,395.333277423,395.363801288,4729.0
2021-10-20 13:15:00,395.362816647,395.648362476,395.028038778,395.648362476,5361.0
2021-10-20 13:30:00,395.648362476,395.835444226,395.520359173,395.727133739,8632.0
2021-10-20 13:45:00,395.815751411,395.835444226,395.136349265,395.136349265,12331.0
2021-10-20 14:00:00,395.087117226,395.146195673,394.860649844,395.096963633,7341.0
2021-10-20 14:15:00,395.06742441,395.372564591,395.057578002,395.333277423,8430.0
2021-10-20 14:30:00,395.226246969,395.500666358,395.037885186,395.122071974,8728.0
2021-10-20 14:45:00,395.421107382,395.530205581,395.215120528,395.215120528,6669.0
2021-10-20 15:00:00,395.01819237,395.274198976,394.968960331,395.264352568,5285.0
2021-10-20 15:15:00,395.264352568,395.436664706,394.949267515,394.949267515,9050.0
2021-10-20 15:30:00,394.811417804,394.811417804,394.35848304,394.35848304,7558.0
2021-10-20 15:45:00,394.494265006,394.604643238,394.264942165,394.314174205,13765.0
2021-10-20 16:00:00,394.40771508,395.01819237,394.388022264,394.959113923,39263.0
2021-10-20 16:15:00,394.722800133,394.722800133,394.722800133,394.722800133,5909.0
2021-10-20 17:30:00,394.722800133,394.722800133,394.722800133,394.722800133,123.0
2021-10-21 09:45:00,393.856316237,393.856316237,391.965805919,392.55166719,20711.0
2021-10-21 10:00:00,392.728902532,393.974473132,392.536897578,392.536897578,8233.0
2021-10-21 10:15:00,392.690501541,392.690501541,391.335635813,391.335635813,16647.0
2021-10-21 10:30:00,391.404560669,392.083962814,390.872854642,391.793493781,9788.0
2021-10-21 10:45:00,391.86734184,392.723979328,391.86734184,392.645208065,10885.0
2021-10-21 11:00:00,392.891368262,393.462459921,392.837213019,392.837213019,9649.0
2021-10-21 11:15:00,392.773211368,393.009525157,392.561513598,392.635361657,10829.0
2021-10-21 11:30:00,392.743672144,393.915394685,392.733825736,393.403381474,18910.0
2021-10-21 11:45:00,393.344303026,394.160570242,393.344303026,394.160570242,13268.0
2021-10-21 12:00:00,394.208226856,394.624336054,393.964626724,393.964626724,10200.0
2021-10-21 12:15:00,394.112322843,394.742492949,394.092630027,394.289558185,5935.0
2021-10-21 12:30:00,394.319097409,394.343713429,393.777544974,393.905548277,5498.0
2021-10-21 12:45:00,393.876009053,394.176324494,393.767698566,393.885855461,8552.0
2021-10-21 13:00:00,393.723389731,393.79723779,393.531384776,393.615079244,6777.0
2021-10-21 13:15:00,393.602771234,394.063090803,393.580616816,393.974473132,6288.0
2021-10-21 13:30:00,393.974473132,394.64402887,393.974473132,394.64402887,6451.0
2021-10-21 13:45:00,394.64402887,394.811417804,394.584950422,394.658798482,3228.0
2021-10-21 14:00:00,394.604643238,394.880342659,394.535718383,394.59479683,7626.0
2021-10-21 14:15:00,394.59479683,394.663721686,394.476639935,394.535718383,3866.0
2021-10-21 14:30:00,394.516025567,395.106810041,394.486486343,395.008345962,6425.0
2021-10-21 14:45:00,394.998499554,395.136349265,394.836033824,395.096963633,5918.0
2021-10-21 15:00:00,395.156042081,395.215120528,395.037885186,395.037885186,3769.0
2021-10-21 15:15:00,395.106810041,395.332588175,394.64402887,395.146195673,17001.0
2021-10-21 15:30:00,395.101886837,395.25450616,394.900035475,395.170811693,14535.0
2021-10-21 15:45:00,395.234813344,396.406535885,394.959113923,395.86498345,22917.0
2021-10-21 16:00:00,395.746826555,397.164709294,395.554821601,396.790545793,73840.0
2021-10-21 16:15:00,396.583771227,396.583771227,396.583771227,396.583771227,18980.0
2021-10-21 17:00:00,397.381330268,397.381330268,395.589284029,395.589284029,306.0
2021-10-22 09:30:00,396.583771227,396.583771227,396.583771227,396.583771227,192.0
2021-10-22 09:45:00,397.489640755,397.489640755,395.116656449,396.682235306,32176.0
2021-10-22 10:00:00,396.652696083,397.647183281,395.323431015,396.544385596,18406.0
2021-10-22 10:15:00,396.613310451,397.893343479,396.485307148,397.893343479,16205.0
2021-10-22 10:30:00,398.1690429,398.297046203,397.55856561,397.93272911,9359.0
2021-10-22 10:45:00,398.016325113,398.64167048,397.922882702,397.93174447,12885.0
2021-10-22 11:00:00,398.041039597,398.362032495,397.548719202,397.548719202,9104.0
2021-10-22 11:15:00,397.55856561,398.35612465,397.55856561,398.041039597,10023.0
2021-10-22 11:30:00,397.991807558,398.221327326,396.721620938,396.790545793,21079.0
2021-10-22 11:45:00,396.682235306,396.908702688,395.481958183,395.481958183,23201.0
2021-10-22 12:00:00,395.431741502,395.431741502,394.22063333,395.01819237,32311.0
2021-10-22 12:15:00,395.01819237,395.554821601,394.929574699,395.372663055,17616.0
2021-10-22 12:30:00,395.341449942,396.316933573,395.313584607,395.687748108,16748.0
2021-10-22 12:45:00,395.825597818,397.105630846,395.727133739,396.997320359,7644.0
2021-10-22 13:00:00,397.489640755,397.647183281,396.998895785,397.233634149,11249.0
2021-10-22 13:15:00,397.32225182,397.853957847,397.282866189,397.834265031,10889.0
2021-10-22 13:30:00,397.735800952,398.178889308,397.681645709,398.159196492,4709.0
2021-10-22 13:45:00,398.14442688,398.454588729,398.139503676,398.306892611,8208.0
2021-10-22 14:00:00,398.208428532,398.35612465,397.873650663,397.873650663,12888.0
2021-10-22 14:15:00,398.031193189,398.434895914,397.98196115,398.198582124,8420.0
2021-10-22 14:30:00,398.326585427,399.163530099,398.139503676,398.96660194,11880.0
2021-10-22 14:45:00,399.055219612,399.665303045,398.986294756,398.986294756,13529.0
2021-10-22 15:00:00,398.986294756,399.232454954,398.681056111,398.681056111,10809.0
2021-10-22 15:15:00,398.671209703,399.173376506,398.671209703,399.173376506,14417.0
2021-10-22 15:30:00,399.212762138,399.493384763,398.996141164,399.281686993,20602.0
2021-10-22 15:45:00,399.340765441,399.956165935,399.143837283,399.478615152,30254.0
2021-10-22 16:00:00,399.350611849,400.069399626,399.025680388,400.04970681,76476.0
2021-10-22 16:15:00,399.970935547,399.970935547,399.970935547,399.970935547,15539.0
2021-10-25 09:45:00,399.38999748,400.404177495,397.832984998,399.444152724,24108.0
2021-10-25 10:00:00,399.46384554,400.482948758,398.336431834,399.921703507,9436.0
2021-10-25 10:15:00,400.256481376,401.378971877,399.62631127,400.354945455,10506.0
2021-10-25 10:30:00,399.980781955,400.748801771,398.907523493,399.370304665,8608.0
2021-10-25 10:45:00,399.429383112,400.207249337,398.907523493,399.641080882,9123.0
2021-10-25 11:00:00,399.690312922,400.423870311,399.690312922,400.158017297,4329.0
2021-10-25 11:15:00,400.118631665,400.483638007,399.750474474,400.350022251,6839.0
2021-10-25 11:30:00,400.345099047,400.70941614,400.148170889,400.655260896,8726.0
2021-10-25 11:45:00,400.742893927,401.762981786,399.847855448,399.847855448,17195.0
2021-10-25 12:00:00,399.882317876,399.882317876,399.084758835,399.424459908,30781.0
2021-10-25 12:15:00,399.399843888,399.868434441,399.399843888,399.518000783,12008.0
2021-10-25 12:30:00,399.518000783,399.665696902,399.409690296,399.424459908,5510.0
2021-10-25 12:45:00,399.340765441,399.419536704,398.385663874,398.385663874,4714.0
2021-10-25 13:00:00,398.35612465,398.612131256,398.262583775,398.612131256,5477.0
2021-10-25 13:15:00,398.474281545,398.868137861,398.434895914,398.809059414,7364.0
2021-10-25 13:30:00,398.843521842,398.907523493,398.528436789,398.725364947,8848.0
2021-10-25 13:45:00,398.749980967,398.749980967,397.760416972,397.760416972,18680.0
2021-10-25 14:00:00,397.824418623,397.893343479,397.37148386,397.588104834,26420.0
2021-10-25 14:15:00,397.676722505,398.277353387,397.58318163,397.72103134,12448.0
2021-10-25 14:30:00,397.740724156,398.267506979,397.735800952,398.183812512,36040.0
2021-10-25 14:45:00,398.267506979,399.197992526,398.119810861,399.197992526,10877.0
2021-10-25 15:00:00,399.257070974,399.330919033,398.237967755,398.77952019,13920.0
2021-10-25 15:15:00,398.834463146,399.345688645,398.82875223,399.045373204,6539.0
2021-10-25 15:30:00,398.956755533,399.359473616,398.730288151,399.242301362,13369.0
2021-10-25 15:45:00,399.365381461,400.153094093,399.340765441,399.793700205,23027.0
2021-10-25 16:00:00,399.752443755,400.640491284,399.508154375,400.47310235,58773.0
2021-10-25 16:15:00,400.374638271,400.374638271,400.374638271,400.374638271,7318.0
2021-10-26 07:45:00,400.374638271,400.374638271,396.376996661,396.376996661,1024.0
2021-10-26 08:00:00,396.810238609,396.810238609,396.367150253,396.367150253,434.0
2021-10-26 08:15:00,393.472306329,393.472306329,393.462459921,393.462459921,477.0
2021-10-26 08:30:00,391.985498735,392.172580485,387.347840611,387.948471494,9883.0
2021-10-26 08:45:00,387.564461585,387.564461585,385.979189913,385.98903632,712.0
2021-10-26 09:15:00,385.979189913,385.979189913,385.979189913,385.979189913,100.0
2021-10-26 09:30:00,385.811800978,385.979189913,385.811800978,385.979189913,3968.0
2021-10-26 09:45:00,388.549102376,392.625515249,386.64874565,387.751543336,168278.0
2021-10-26 10:00:00,387.751543336,390.685772892,387.672772072,389.651900061,59721.0
2021-10-26 10:15:00,389.602668022,389.642053654,387.456249563,389.011883548,87325.0
2021-10-26 10:30:00,388.962651508,391.922481725,388.027242757,390.27222376,90453.0
2021-10-26 10:45:00,390.144220457,390.282070167,388.805108982,388.805108982,50982.0
2021-10-26 11:00:00,388.775569758,388.785416166,387.278915756,387.613693625,52072.0
2021-10-26 11:15:00,387.790928967,390.552846385,387.643232849,389.651900061,69680.0
2021-10-26 11:30:00,389.37620064,390.715312115,389.218658114,389.863597831,27158.0
2021-10-26 11:45:00,389.770056956,389.912140622,388.755876942,389.331891805,40112.0
2021-10-26 12:00:00,389.307275785,389.642053654,388.824801797,389.484511127,25580.0
2021-10-26 12:15:00,389.499280739,390.45930551,388.854341021,389.474664719,24797.0
2021-10-26 12:30:00,389.307275785,389.602668022,388.849417817,388.933112284,21286.0
2021-10-26 12:45:00,388.92818908,388.92818908,387.781082559,388.307865382,70760.0
2021-10-26 13:00:00,388.273402955,390.026063562,388.086321204,388.327558198,76373.0
2021-10-26 13:15:00,388.184785283,388.637720047,387.25922294,387.554615177,45949.0
2021-10-26 13:30:00,387.687541684,389.346661416,387.397072651,388.519563152,86615.0
2021-10-26 13:45:00,388.55402558,388.55402558,387.298608572,388.071551593,26110.0
2021-10-26 14:00:00,388.056781981,389.336815008,387.790928967,389.253120541,20255.0
2021-10-26 14:15:00,389.37620064,390.350995023,389.297429377,389.740517733,28514.0
2021-10-26 14:30:00,389.917753075,391.906727472,389.809442588,390.016217154,63590.0
2021-10-26 14:45:00,390.144220457,390.843315418,389.061115587,390.331302207,34042.0
2021-10-26 15:00:00,390.27222376,391.635951254,390.252530944,391.276557366,20968.0
2021-10-26 15:15:00,391.345482221,392.10365563,391.197786103,391.28148057,42848.0
2021-10-26 15:30:00,391.266710958,391.72949213,390.903378506,390.991011537,35238.0
2021-10-26 15:45:00,391.065844237,391.581796011,390.666080076,391.404560669,59124.0
2021-10-26 16:00:00,391.488255136,391.72949213,390.252530944,390.370687839,123798.0
2021-10-26 16:15:00,390.478998326,390.478998326,390.478998326,390.478998326,52469.0
2021-10-27 09:45:00,389.090654811,389.287582969,384.738542516,386.766902545,66061.0
2021-10-27 10:00:00,386.658592058,387.997703533,385.693644083,387.987857125,46289.0
2021-10-27 10:15:00,387.771236151,389.957138707,387.771236151,388.199554895,70544.0
2021-10-27 10:30:00,388.140476448,388.263556547,386.048114768,386.27458215,30153.0
2021-10-27 10:45:00,386.515819143,387.288762164,385.708413695,385.939804281,35174.0
2021-10-27 11:00:00,386.028421952,386.432124676,385.511485537,385.723183307,23222.0
2021-10-27 11:15:00,385.595180004,386.018575544,385.014241938,385.939804281,30655.0
2021-10-27 11:30:00,385.925034669,385.969343505,383.675130463,384.170798637,32685.0
2021-10-27 11:45:00,384.177297266,384.551460766,383.68497687,383.704669686,27043.0
2021-10-27 12:00:00,383.655437647,383.655437647,381.740311309,381.740311309,29127.0
2021-10-27 12:15:00,381.80431296,382.503407922,381.558152763,382.473868698,22802.0
2021-10-27 12:30:00,382.473868698,384.305300569,382.473868698,383.630821627,21231.0
2021-10-27 12:45:00,383.517587936,383.566819976,382.956342685,383.049883561,16891.0
2021-10-27 13:00:00,383.040037153,383.665284055,382.88741783,383.54712716,18463.0
2021-10-27 13:15:00,383.57174318,383.57174318,383.07449958,383.49789512,18743.0
2021-10-27 13:30:00,383.478202304,383.478202304,383.064653172,383.236965311,16220.0
2021-10-27 13:45:00,383.26158133,384.039447555,383.26158133,383.9705227,23164.0
2021-10-27 14:00:00,384.098526003,384.905931451,384.068986779,384.541614358,20964.0
2021-10-27 14:15:00,384.576076786,385.142245241,384.282358438,384.413611055,18067.0
2021-10-27 14:30:00,384.374225424,384.374225424,383.616052015,383.694823278,18253.0
2021-10-27 14:45:00,383.714516094,383.872058621,383.217272495,383.291120554,19669.0
2021-10-27 15:00:00,383.300966962,383.675130463,383.212349291,383.650514443,20915.0
2021-10-27 15:15:00,383.655437647,383.73420891,382.493561514,382.552639961,30617.0
2021-10-27 15:30:00,382.562486369,382.91203385,381.922469855,382.882494626,28890.0
2021-10-27 15:45:00,382.897264238,383.251734923,382.291710152,382.902187442,41817.0
2021-10-27 16:00:00,382.803723363,382.803723363,381.518767131,382.011087526,117339.0
2021-10-27 16:15:00,382.188322869,386.501049532,382.188322869,382.188322869,23674.0
2021-10-27 16:45:00,387.525075954,390.478998326,387.525075954,387.525075954,703.0
2021-10-28 09:15:00,382.188322869,382.188322869,382.188322869,382.188322869,197.0
2021-10-28 09:30:00,375.148141216,375.148141216,374.163500425,374.163500425,956.0
2021-10-28 09:45:00,374.714899268,375.494734774,359.974826633,363.302912505,217184.0
2021-10-28 10:00:00,363.765693677,364.957109033,361.771796076,362.83520813,81060.0
2021-10-28 10:15:00,362.83520813,363.588458334,357.434453393,358.135517636,125621.0
2021-10-28 10:30:00,358.243335803,358.360015736,354.623303936,358.172933986,110058.0
2021-10-28 10:45:00,358.064623499,358.15324117,356.174113181,356.587662313,50873.0
2021-10-28 11:00:00,356.725512024,358.684947197,355.804872885,356.93228659,54579.0
2021-10-28 11:15:00,357.178446788,357.838156117,355.780256865,356.666433577,32981.0
2021-10-28 11:30:00,356.686126392,356.686126392,354.977774621,356.262730852,37791.0
2021-10-28 11:45:00,356.252884445,357.227678827,354.480531021,354.480531021,36363.0
2021-10-28 12:00:00,354.588841508,355.347014917,352.629504799,353.978364218,79000.0
2021-10-28 12:15:00,353.988210626,354.194985192,353.328501296,353.328501296,33802.0
2021-10-28 12:30:00,353.308808481,354.007903442,351.90077215,352.265089243,31232.0
2021-10-28 12:45:00,352.166625164,352.782025658,351.516762242,352.782025658,36171.0
2021-10-28 13:00:00,352.786948862,355.89841376,352.757409638,354.992544233,51781.0
2021-10-28 13:15:00,355.199318799,355.783407716,353.579584698,353.8306681,34859.0
2021-10-28 13:30:00,353.978364218,354.308218883,353.643586349,354.224524416,27240.0
2021-10-28 13:45:00,354.322988495,356.705720744,354.322988495,356.203652405,25487.0
2021-10-28 14:00:00,356.444889399,357.047489563,356.390734155,356.686126392,22986.0
2021-10-28 14:15:00,356.631971149,357.478762229,354.332834903,354.411606166,64722.0
2021-10-28 14:30:00,354.687305587,354.687305587,353.092187507,353.151265954,34326.0
2021-10-28 14:45:00,353.131573138,353.387579744,352.629406335,353.239883625,28374.0
2021-10-28 15:00:00,353.003569836,353.259576441,351.221370005,351.467530202,68417.0
2021-10-28 15:15:00,351.408451755,351.428144571,349.163470752,350.246575622,67675.0
2021-10-28 15:30:00,350.162881155,350.28103805,348.710535989,349.577019884,70020.0
2021-10-28 15:45:00,349.64594474,353.978364218,349.626251924,353.79906113,131904.0
2021-10-28 16:00:00,353.727280817,353.732204021,352.13708594,353.131573138,212925.0
2021-10-28 16:15:00,353.131573138,353.131573138,353.131573138,353.131573138,11484.0
2021-10-28 19:00:00,352.708276062,352.708276062,352.708276062,352.708276062,279.0
2021-10-29 09:30:00,351.014595439,352.196164387,345.687688761,345.687688761,3891.0
2021-10-29 09:45:00,346.593558289,352.491556624,346.593558289,351.822000887,80684.0
2021-10-29 10:00:00,352.107546716,353.850360915,351.910618558,352.752486434,44348.0
2021-10-29 10:15:00,352.166625164,352.422631769,348.897617739,349.439170174,47892.0
2021-10-29 10:30:00,349.311166871,350.502582227,348.144367534,348.582532686,22960.0
2021-10-29 10:45:00,348.306833264,349.941336977,348.075442679,349.842872898,26689.0
2021-10-29 11:00:00,350.187497174,351.504257304,350.128418727,350.788128057,32949.0
2021-10-29 11:15:00,350.724126405,351.561071077,350.345039701,350.4681198,283149.0
2021-10-29 11:30:00,350.507505431,350.699510386,349.665637555,350.177650767,18790.0
2021-10-29 11:45:00,350.241652418,351.718613604,350.157957951,350.473043004,41005.0
2021-10-29 12:00:00,350.551814267,351.354296511,350.399194944,351.280448452,19819.0
2021-10-29 12:15:00,351.186907577,352.363553322,351.093366702,352.142009144,27481.0
2021-10-29 12:30:00,352.230626815,353.771589652,351.979543413,353.61897033,24184.0
2021-10-29 12:45:00,353.633739942,353.742050429,352.708177598,352.736929109,29337.0
2021-10-29 13:00:00,352.875566533,353.456504599,352.619559927,353.225114013,21399.0
2021-10-29 13:15:00,353.225114013,354.135906745,352.993723428,353.436811783,39871.0
2021-10-29 13:30:00,353.515583047,353.786359264,353.259576441,353.54512227,28619.0
2021-10-29 13:45:00,353.387579744,354.007903442,353.180805178,353.899592955,25875.0
2021-10-29 14:00:00,353.96851781,353.96851781,352.629406335,353.436811783,31733.0
2021-10-29 14:15:00,353.441734987,353.466351007,352.383246137,352.816488085,26142.0
2021-10-29 14:30:00,353.210344402,353.604200718,351.782615255,351.782615255,46591.0
2021-10-29 14:45:00,351.757999235,352.245396427,351.142598741,351.437990979,20325.0
2021-10-29 15:00:00,351.516762242,351.743229624,350.965363399,351.019518643,21625.0
2021-10-29 15:15:00,350.985056215,351.772768847,350.86689932,350.91613136,16974.0
2021-10-29 15:30:00,350.970286603,350.970286603,350.167804359,350.497659024,21671.0
2021-10-29 15:45:00,350.63058553,351.585687097,350.571507083,351.270602044,34314.0
2021-10-29 16:00:00,351.349373307,352.033698657,351.063827478,351.625072729,154561.0
2021-10-29 16:15:00,351.733383216,351.733383216,351.733383216,351.733383216,15068.0
2021-11-01 09:45:00,351.516762242,355.260366528,351.487223018,352.393092545,42334.0
2021-11-01 10:00:00,352.481710217,352.74756323,350.06934028,351.309987676,35613.0
2021-11-01 10:15:00,351.270602044,351.506915834,349.547480661,349.547480661,23018.0
2021-11-01 10:30:00,349.557327068,349.972943946,347.868668113,347.868668113,17991.0
2021-11-01 10:45:00,347.868668113,348.690843173,347.499427816,348.592379094,37550.0
2021-11-01 11:00:00,348.631764725,348.887771331,347.71604879,348.040980251,27926.0
2021-11-01 11:15:00,348.070519475,349.163470752,348.050826659,348.951772982,17859.0
2021-11-01 11:30:00,349.04344304,349.655791148,348.818846476,349.527787845,14824.0
2021-11-01 11:45:00,349.773948042,351.004749031,349.718217374,350.118572319,19083.0
2021-11-01 12:00:00,350.113649115,353.082341099,349.83302649,351.497069426,41620.0
2021-11-01 12:15:00,351.497069426,351.728460012,350.945670583,350.945670583,12996.0
2021-11-01 12:30:00,351.004749031,351.122905926,350.079186688,350.108725911,19345.0
2021-11-01 12:45:00,350.093956299,350.44350378,349.577019884,349.616405516,18727.0
2021-11-01 13:00:00,349.636098332,350.502582227,349.094545897,349.212702792,30148.0
2021-11-01 13:15:00,349.43424697,349.5967127,349.074853081,349.429323766,15083.0
2021-11-01 13:30:00,349.350552502,349.350552502,348.365911712,348.966542594,18791.0
2021-11-01 13:45:00,348.93700337,349.394861338,348.710535989,349.074853081,16767.0
2021-11-01 14:00:00,349.17331716,349.335782891,348.838539291,348.991158614,12143.0
2021-11-01 14:15:00,349.015774634,349.504451858,348.700689581,348.858232107,21534.0
2021-11-01 14:30:00,349.232395608,349.842872898,348.981312206,349.778871246,14906.0
2021-11-01 14:45:00,349.951183385,350.364732517,349.547480661,349.837949694,24556.0
2021-11-01 15:00:00,349.847796102,350.39427174,349.756716829,349.756716829,14917.0
2021-11-01 15:15:00,349.670560759,349.670560759,348.661303949,348.882848127,16971.0
2021-11-01 15:30:00,348.863155311,349.695176779,348.365911712,349.478555805,24693.0
2021-11-01 15:45:00,349.473632601,349.675483963,348.996081818,349.252088423,42120.0
2021-11-01 16:00:00,349.330859687,350.266268438,348.740075212,349.193009976,97192.0
2021-11-01 16:15:00,349.399784542,349.399784542,349.399784542,349.399784542,8602.0
2021-11-02 09:45:00,351.516762242,352.767256046,349.547480661,349.724716003,45375.0
2021-11-02 10:00:00,349.547480661,350.25642203,348.031133843,349.724716003,33917.0
2021-11-02 10:15:00,349.724716003,349.724716003,347.706202382,348.198522777,28241.0
2021-11-02 10:30:00,348.247754817,348.454529383,347.676663158,347.676663158,19743.0
2021-11-02 10:45:00,347.893284132,347.9769786,346.63294392,346.820025671,32586.0
2021-11-02 11:00:00,346.938182566,346.987414605,345.894463327,346.834795283,34059.0
2021-11-02 11:15:00,346.820025671,346.879104118,345.62368711,346.140623525,35675.0
2021-11-02 11:30:00,345.992927407,346.219394788,345.475990991,345.628610314,20160.0
2021-11-02 11:45:00,345.638456722,346.013506399,345.480914195,345.59907109,20481.0
2021-11-02 12:00:00,345.500607011,346.539403045,344.959054576,346.539403045,27560.0
2021-11-02 12:15:00,346.538418405,348.887771331,346.367090907,348.805553825,34676.0
2021-11-02 12:30:00,348.863155311,349.340706095,347.430502961,347.568352671,53360.0
2021-11-02 12:45:00,347.494504612,348.444682975,347.494504612,348.237908409,30167.0
2021-11-02 13:00:00,348.159137146,348.346218896,347.922823356,347.972055396,18620.0
2021-11-02 13:15:00,348.070519475,348.16406035,346.967721789,347.578199079,39332.0
2021-11-02 13:30:00,347.497458535,347.94054689,347.263114026,347.499427816,14376.0
2021-11-02 13:45:00,347.69143277,348.031133843,347.391117329,347.873591317,21707.0
2021-11-02 14:00:00,347.981901804,347.981901804,346.623097513,347.233574803,19982.0
2021-11-02 14:15:00,347.223728395,348.789307252,347.223728395,348.720382396,22599.0
2021-11-02 14:30:00,348.621918317,348.93700337,348.050826659,348.577609482,29732.0
2021-11-02 14:45:00,348.464375791,348.79915366,348.306833264,348.651457541,36416.0
2021-11-02 15:00:00,348.61207191,348.671150357,347.873591317,348.390527732,18192.0
2021-11-02 15:15:00,348.336372488,348.710535989,348.065596271,348.109905106,24341.0
2021-11-02 15:30:00,348.208369185,348.346218896,347.735741606,347.932669764,23697.0
2021-11-02 15:45:00,347.873591317,348.267447633,347.34188529,348.267447633,43082.0
2021-11-02 16:00:00,348.218215593,348.267447633,347.29265325,347.90313054,122625.0
2021-11-02 16:15:00,347.775127238,347.775127238,347.775127238,347.775127238,16781.0
2021-11-02 19:30:00,348.070519475,348.070519475,348.070519475,348.070519475,100.0
2021-11-03 09:30:00,345.815692064,345.815692064,345.815692064,345.815692064,597.0
2021-11-03 09:45:00,344.643969523,348.61207191,344.131956312,348.434836567,44594.0
2021-11-03 10:00:00,348.434836567,348.818846476,347.036646645,348.129597922,20912.0
2021-11-03 10:15:00,347.962208988,349.163470752,347.804666461,348.572686278,24811.0
2021-11-03 10:30:00,348.365911712,349.153624344,347.637277527,348.021287435,23783.0
2021-11-03 10:45:00,347.932669764,348.671150357,347.213881987,348.203445981,19503.0
2021-11-03 11:00:00,348.154213942,348.405297343,347.627431119,348.040980251,18899.0
2021-11-03 11:15:00,347.868668113,347.873591317,346.63294392,346.86925771,17297.0
2021-11-03 11:30:00,346.997261013,347.135110724,346.189855565,346.189855565,20631.0
2021-11-03 11:45:00,346.288319644,346.337551683,345.136289919,345.377526912,18986.0
2021-11-03 12:00:00,345.402142932,345.402142932,344.624276708,344.624276708,18753.0
2021-11-03 12:15:00,344.771972826,345.215061182,344.506119813,345.185521958,25325.0
2021-11-03 12:30:00,345.185521958,345.303678853,344.821204866,344.867975303,15732.0
2021-11-03 12:45:00,344.890129721,345.677842354,344.771972826,345.677842354,18411.0
2021-11-03 13:00:00,345.707381577,346.559391253,345.702458373,345.943695367,10445.0
2021-11-03 13:15:00,346.042159446,347.204035579,346.042159446,347.095725092,13026.0
2021-11-03 13:30:00,347.095725092,347.213881987,346.573865473,346.721561592,14094.0
2021-11-03 13:45:00,346.741254407,347.026800237,345.579378274,345.638456722,14800.0
2021-11-03 14:00:00,345.490760603,345.66061114,345.057518655,345.195368366,17384.0
2021-11-03 14:15:00,345.352910893,347.05633946,345.323371669,346.898796934,16869.0
2021-11-03 14:30:00,346.898796934,347.143381706,346.593558289,346.898796934,17171.0
2021-11-03 14:45:00,346.898796934,347.174496355,346.652636736,346.849564894,17960.0
2021-11-03 15:00:00,346.86925771,347.951476403,346.86925771,347.844052093,20870.0
2021-11-03 15:15:00,347.90313054,348.493915015,347.549644496,348.395450936,22616.0
2021-11-03 15:30:00,348.469298995,348.469298995,347.844052093,347.932669764,21411.0
2021-11-03 15:45:00,348.031133843,349.119161917,347.932669764,349.119161917,32202.0
2021-11-03 16:00:00,349.06589285,349.301320463,348.51360783,348.651457541,82558.0
2021-11-03 16:15:00,348.671150357,348.671150357,348.671150357,348.671150357,8219.0
2021-11-03 16:30:00,349.842872898,349.842872898,349.842872898,349.842872898,190.0
2021-11-04 09:45:00,347.844052093,351.388758939,347.844052093,351.369066123,22678.0
2021-11-04 10:00:00,351.605281449,352.597110117,350.463196596,352.590020704,23691.0
2021-11-04 10:15:00,352.393092545,353.446559727,352.041083463,352.944491388,21017.0
2021-11-04 10:30:00,353.141419546,353.771491188,351.812154479,351.812154479,40830.0
2021-11-04 10:45:00,351.999236229,352.471863809,351.034288254,351.034288254,62684.0
2021-11-04 11:00:00,351.034288254,351.177061169,349.985645812,351.093366702,40707.0
2021-11-04 11:15:00,351.615226321,352.421647128,351.575840689,351.881079334,16004.0
2021-11-04 11:30:00,351.615226321,352.452170993,351.615226321,352.210933999,18485.0
2021-11-04 11:45:00,352.432478177,352.708177598,351.605379913,352.009082637,29945.0
2021-11-04 12:00:00,352.009082637,352.93464498,351.615226321,352.93464498,47258.0
2021-11-04 12:15:00,352.688484783,353.978364218,352.639252743,353.978364218,12177.0
2021-11-04 12:30:00,353.791282468,354.016765209,352.914952164,353.003569836,24678.0
2021-11-04 12:45:00,352.993723428,353.082341099,352.550635072,352.658945559,16892.0
2021-11-04 13:00:00,352.530942256,352.767256046,352.422631769,352.422631769,6611.0
2021-11-04 13:15:00,352.274935651,352.274935651,351.753076032,352.196164387,9921.0
2021-11-04 13:30:00,352.186317979,352.462017401,351.812154479,351.812154479,9120.0
2021-11-04 13:45:00,351.930311374,352.176471571,351.792461663,352.176471571,9677.0
2021-11-04 14:00:00,352.176471571,352.389744767,352.018929045,352.314321282,10992.0
2021-11-04 14:15:00,352.32416769,352.914952164,352.274935651,352.69833119,12056.0
2021-11-04 14:30:00,352.69833119,352.752486434,352.294628466,352.383246137,10561.0
2021-11-04 14:45:00,352.363553322,352.624483131,352.107546716,352.491556624,12448.0
2021-11-04 15:00:00,352.51124944,352.855873717,351.940157782,352.009082637,99966.0
2021-11-04 15:15:00,352.097700308,352.334014098,351.831847295,352.122316328,59574.0
2021-11-04 15:30:00,352.122316328,352.158748037,351.487223018,351.812154479,51462.0
2021-11-04 15:45:00,351.822000887,351.935234578,351.47737661,351.68907438,102704.0
2021-11-04 16:00:00,351.659535156,351.684151176,350.463196596,351.221370005,146318.0
2021-11-04 16:15:00,351.181984373,351.181984373,351.181984373,351.181984373,7895.0
2021-11-04 16:30:00,351.181984373,351.181984373,351.181984373,351.181984373,755.0
2021-11-04 17:30:00,351.181984373,351.181984373,351.181984373,351.181984373,100.0
2021-11-04 17:45:00,350.541967859,350.541967859,350.541967859,350.541967859,285.0
2021-11-05 09:30:00,354.155599561,356.164266773,354.155599561,356.164266773,2928.0
2021-11-05 09:45:00,355.455325404,355.750717641,353.023262651,355.396246957,72134.0
2021-11-05 10:00:00,355.612867931,359.00003225,354.450991798,357.227678827,116763.0
2021-11-05 10:15:00,357.271987663,357.857848933,356.676378449,357.089829117,48067.0
2021-11-05 10:30:00,357.345835722,357.473839025,356.646740761,357.276910867,39919.0
2021-11-05 10:45:00,357.124291544,357.690459999,356.577815905,356.577815905,39001.0
2021-11-05 11:00:00,356.577815905,358.232012434,356.479351826,357.680613591,44735.0
2021-11-05 11:15:00,357.695383203,357.823386506,356.587662313,357.463992617,16693.0
2021-11-05 11:30:00,357.572303104,357.995698644,357.05635133,357.227678827,27824.0
2021-11-05 11:45:00,357.217832419,357.877541749,356.784590471,356.922440182,20792.0
2021-11-05 12:00:00,356.784590471,357.375374946,356.528583866,357.089829117,17409.0
2021-11-05 12:15:00,357.129214748,358.724332829,356.922440182,358.610705282,31847.0
2021-11-05 12:30:00,358.704640013,359.89605537,358.704640013,359.84682333,31257.0
2021-11-05 12:45:00,359.876362554,360.870849752,359.876362554,360.811771305,35841.0
2021-11-05 13:00:00,360.91013692,360.91013692,359.177267593,359.324963711,23642.0
2021-11-05 13:15:00,359.42342779,359.42342779,358.675100789,358.808027296,15983.0
2021-11-05 13:30:00,358.842489724,358.842489724,357.232602031,357.838156117,25777.0
2021-11-05 13:45:00,357.680613591,358.497865447,357.641227959,358.409247776,17303.0
2021-11-05 14:00:00,358.20247321,358.62586875,357.996978677,358.222166026,21171.0
2021-11-05 14:15:00,358.300937289,358.980339434,358.300937289,358.734179237,17508.0
2021-11-05 14:30:00,358.872028948,359.50308523,358.872028948,359.226499632,20497.0
2021-11-05 14:45:00,359.226499632,359.310194099,358.291090881,358.440756281,16991.0
2021-11-05 15:00:00,358.38955496,358.951292531,358.345246125,358.822796908,37418.0
2021-11-05 15:15:00,358.940953803,360.088060324,358.872028948,359.275731672,41789.0
2021-11-05 15:30:00,359.324963711,359.640048764,358.960646619,359.00003225,47626.0
2021-11-05 15:45:00,358.931107395,360.152061975,358.931107395,360.014212265,65125.0
2021-11-05 16:00:00,360.08313712,360.299758094,358.724332829,358.842489724,126555.0
2021-11-05 16:15:00,358.773564868,358.773564868,358.773564868,358.773564868,8136.0
2021-11-05 16:45:00,358.773564868,358.773564868,358.773564868,358.773564868,2997.0
2021-11-08 08:00:00,360.378529357,360.378529357,360.378529357,360.378529357,107.0
2021-11-08 08:15:00,362.347810938,362.347810938,362.347810938,362.347810938,102.0
2021-11-08 09:45:00,359.393888567,359.841900126,355.889650457,357.818463302,36543.0
2021-11-08 10:00:00,358.143394762,358.143394762,356.27257726,357.680613591,20867.0
2021-11-08 10:15:00,357.335989314,357.335989314,355.543943075,356.233191629,16070.0
2021-11-08 10:30:00,356.380887747,357.267064459,356.282423668,356.351348524,15473.0
2021-11-08 10:45:00,356.715665616,357.395067762,356.410426971,356.410426971,11567.0
2021-11-08 11:00:00,356.439966195,357.572303104,356.331655708,357.109521932,16290.0
2021-11-08 11:15:00,356.986441834,357.700306407,356.597508721,356.597508721,15855.0
2021-11-08 11:30:00,356.577815905,356.988903435,356.243038037,356.494121438,15880.0
2021-11-08 11:45:00,356.380887747,356.479351826,355.799949681,356.164266773,12970.0
2021-11-08 12:00:00,355.987031431,356.267654056,354.943312193,355.42578618,14850.0
2021-11-08 12:15:00,355.42578618,355.731024826,354.903926561,355.150086759,11839.0
2021-11-08 12:30:00,355.061469088,355.691639194,355.061469088,355.691639194,14622.0
2021-11-08 12:45:00,355.71133201,356.055956286,355.553789483,355.553789483,9887.0
2021-11-08 13:00:00,355.47501822,355.780256865,355.358732143,355.671946378,9464.0
2021-11-08 13:15:00,355.878720944,355.98772068,354.825155298,355.071315496,12091.0
2021-11-08 13:30:00,354.943312193,355.824565701,354.923619377,355.598098319,8444.0
2021-11-08 13:45:00,355.593175115,357.139061156,355.593175115,357.11936834,12392.0
2021-11-08 14:00:00,357.099675524,357.267064459,356.705819208,357.267064459,16764.0
2021-11-08 14:15:00,357.390144558,357.892311361,357.385221354,357.54276388,8694.0
2021-11-08 14:30:00,357.454146209,357.700306407,357.158753972,357.54276388,8784.0
2021-11-08 14:45:00,357.552610288,357.897234565,357.468915821,357.577226308,9247.0
2021-11-08 15:00:00,357.641227959,357.857848933,357.473839025,357.769231262,9749.0
2021-11-08 15:15:00,357.769231262,357.808616894,357.276910867,357.276910867,10917.0
2021-11-08 15:30:00,357.365528538,357.660920775,356.971672222,357.532917472,15596.0
2021-11-08 15:45:00,357.532917472,359.147728369,357.414859042,359.004955454,28616.0
2021-11-08 16:00:00,359.004955454,359.004955454,357.690459999,357.710152815,62247.0
2021-11-08 16:15:00,357.690459999,357.690459999,357.690459999,357.690459999,6608.0
2021-11-08 17:15:00,357.690459999,357.690459999,357.690459999,357.690459999,2233.0
2021-11-09 09:45:00,358.113855539,360.329297318,357.124291544,357.719999223,35854.0
2021-11-09 10:00:00,358.049853887,359.04926429,358.049853887,358.665254381,18772.0
2021-11-09 10:15:00,358.501016298,358.501016298,357.198139603,357.710152815,22145.0
2021-11-09 10:30:00,357.700306407,357.719999223,356.686126392,356.93228659,17691.0
2021-11-09 10:45:00,356.942132998,357.77907767,356.686126392,357.129214748,17682.0
2021-11-09 11:00:00,357.129214748,357.129214748,355.89841376,355.977185023,11674.0
2021-11-09 11:15:00,356.124881142,356.922440182,355.327322101,355.652253562,18557.0
2021-11-09 11:30:00,355.888567352,356.233191629,355.091008312,356.001801043,20552.0
2021-11-09 11:45:00,355.996877839,357.640243318,355.957492207,357.640243318,17407.0
2021-11-09 12:00:00,357.523071064,358.054777091,357.478762229,358.054777091,17170.0
2021-11-09 12:15:00,358.054777091,358.903438989,358.054777091,358.903438989,12250.0
2021-11-09 12:30:00,358.872028948,359.275731672,358.62586875,359.019725066,21936.0
2021-11-09 12:45:00,359.167421185,359.777898475,358.901568171,359.054187494,11405.0
2021-11-09 13:00:00,359.078803514,359.078803514,358.684947197,358.856471623,7917.0
2021-11-09 13:15:00,358.763718461,359.256038856,358.616022342,359.196960408,11852.0
2021-11-09 13:30:00,359.246192448,359.620355948,359.189181746,359.61050954,13704.0
2021-11-09 13:45:00,359.531738277,359.630202356,359.265885264,359.354502935,11493.0
2021-11-09 14:00:00,359.413482918,359.630202356,359.393888567,359.393888567,7421.0
2021-11-09 14:15:00,359.369272547,359.595739929,358.255053028,358.255053028,11438.0
2021-11-09 14:30:00,358.281244473,358.822796908,358.261551657,358.635715158,12880.0
2021-11-09 14:45:00,358.645561566,358.773564868,358.192626802,358.724332829,7268.0
2021-11-09 15:00:00,358.586483118,359.211434628,358.586483118,359.078803514,10021.0
2021-11-09 15:15:00,359.068957106,359.413581382,359.068957106,359.295424487,15707.0
2021-11-09 15:30:00,359.433274198,359.644971968,359.28557808,359.344656527,13218.0
2021-11-09 15:45:00,359.364349343,359.374195751,358.980339434,359.280654876,22849.0
2021-11-09 16:00:00,359.349579731,359.502199053,358.734179237,358.921260987,69367.0
2021-11-09 16:15:00,358.921260987,358.921260987,358.921260987,358.921260987,4560.0
2021-11-09 16:45:00,358.921260987,358.921260987,358.921260987,358.921260987,771.0
2021-11-10 09:15:00,356.93228659,356.93228659,356.93228659,356.93228659,297.0
2021-11-10 09:45:00,358.20247321,359.910824982,358.123701947,359.393888567,18873.0
2021-11-10 10:00:00,359.428350994,360.496686252,358.948240145,359.374195751,11451.0
2021-11-10 10:15:00,359.28557808,359.492352646,357.562456696,357.562456696,9403.0
2021-11-10 10:30:00,357.562456696,359.098496329,357.473839025,358.773564868,8519.0
2021-11-10 10:45:00,358.773564868,359.526815073,358.561867098,359.177267593,9236.0
2021-11-10 11:00:00,359.039417882,359.512045461,358.995109046,359.482506238,7457.0
2021-11-10 11:15:00,359.630202356,360.03390508,359.374195751,359.925594593,8556.0
2021-11-10 11:30:00,360.053597896,360.575457515,360.024058672,360.540995088,11674.0
2021-11-10 11:45:00,360.536071884,361.176088397,360.447454212,361.027407638,8807.0
2021-11-10 12:00:00,361.018545871,361.262736787,360.683768002,360.683768002,11438.0
2021-11-10 12:15:00,360.664075186,360.861003345,360.142215567,360.27021887,8347.0
2021-11-10 12:30:00,360.27021887,360.27021887,359.905901778,359.945287409,5697.0
2021-11-10 12:45:00,359.955133817,360.142215567,359.807437699,360.014212265,8639.0
2021-11-10 13:00:00,359.964980225,359.964980225,359.452967014,359.541584685,7585.0
2021-11-10 13:15:00,359.531738277,359.531738277,358.374785348,358.645561566,43065.0
2021-11-10 13:30:00,358.517558263,358.793257684,358.232012434,358.586483118,11203.0
2021-11-10 13:45:00,358.630791954,358.630791954,358.025237868,358.330476513,7604.0
2021-11-10 14:00:00,358.586483118,358.586483118,357.720097687,357.995698644,8078.0
2021-11-10 14:15:00,357.798770486,357.798770486,356.902747366,356.902747366,17001.0
2021-11-10 14:30:00,357.109521932,357.493531841,356.843668919,356.853515327,11489.0
2021-11-10 14:45:00,356.631971149,357.040597077,356.258792289,356.661510373,15132.0
2021-11-10 15:00:00,356.656587169,357.292862048,356.597508721,356.755051248,10604.0
2021-11-10 15:15:00,356.725512024,356.814129695,355.918106576,356.277500464,26245.0
2021-11-10 15:30:00,356.390734155,356.55812309,356.065802694,356.449812603,23923.0
2021-11-10 15:45:00,356.538430274,356.627047945,356.080572306,356.317870737,42359.0
2021-11-10 16:00:00,356.449812603,357.207986011,355.819642497,356.410426971,68871.0
2021-11-10 16:15:00,356.538430274,356.538430274,356.538430274,356.538430274,3259.0
2021-11-10 17:00:00,356.538430274,356.538430274,356.538430274,356.538430274,2200.0
2021-11-10 17:15:00,356.93228659,357.178446788,356.93228659,357.178446788,489.0
2021-11-10 18:00:00,358.409247776,358.409247776,358.409247776,358.409247776,200.0
2021-11-10 20:00:00,356.93228659,356.93228659,356.93228659,356.93228659,172.0
2021-11-11 09:45:00,355.504557444,356.046109879,353.348194112,354.22944762,22304.0
2021-11-11 10:00:00,354.352527719,354.716844811,351.605379913,352.74756323,27763.0
2021-11-11 10:15:00,352.590020704,353.030745921,351.516762242,352.993723428,25403.0
2021-11-11 10:30:00,353.092187507,354.224524416,353.092187507,354.037442666,12330.0
2021-11-11 10:45:00,354.057135482,354.835001706,353.446658191,354.835001706,18025.0
2021-11-11 11:00:00,354.835001706,354.844848114,354.096521113,354.342681311,10943.0
2021-11-11 11:15:00,354.342681311,354.342681311,353.761743244,353.981810461,11554.0
2021-11-11 11:30:00,354.096521113,355.037640781,353.978364218,354.825155298,13754.0
2021-11-11 11:45:00,354.588841508,355.05162268,354.471669254,354.471669254,11676.0
2021-11-11 12:00:00,354.616214522,354.844848114,354.012826646,354.155599561,11503.0
2021-11-11 12:15:00,354.155599561,354.234370824,353.348194112,353.476197415,8888.0
2021-11-11 12:30:00,353.510659843,354.01774985,353.417118968,353.919285771,8735.0
2021-11-11 12:45:00,353.919285771,354.078206794,353.633739942,353.742050429,7357.0
2021-11-11 13:00:00,353.742050429,353.801128876,353.554968678,353.554968678,7318.0
2021-11-11 13:15:00,353.638663146,353.638663146,352.964184204,353.316193287,12642.0
2021-11-11 13:30:00,353.59435431,354.086674705,353.584507902,354.086674705,7862.0
2021-11-11 13:45:00,354.01774985,354.639353581,353.820821692,354.638073548,14221.0
2021-11-11 14:00:00,354.623303936,354.746384035,353.958671402,353.973441014,11476.0
2021-11-11 14:15:00,353.850360915,354.027596258,353.8306681,353.889746547,8270.0
2021-11-11 14:30:00,353.850360915,354.175292376,353.722357613,353.771589652,8478.0
2021-11-11 14:45:00,354.002980238,354.332834903,353.80605208,353.820821692,8028.0
2021-11-11 15:00:00,353.938978587,354.785769667,353.879900139,354.534686265,9222.0
2021-11-11 15:15:00,354.44114539,354.490377429,354.076828297,354.160522765,16076.0
2021-11-11 15:30:00,354.268833251,354.667612772,354.268833251,354.313142087,17481.0
2021-11-11 15:45:00,354.283602863,354.864442466,354.007903442,354.510070245,26816.0
2021-11-11 16:00:00,354.431298982,354.716844811,353.958671402,354.44114539,75679.0
2021-11-11 16:15:00,354.411606166,354.411606166,354.411606166,354.411606166,3071.0
2021-11-12 09:30:00,354.411606166,354.411606166,354.411606166,354.411606166,2207.0
2021-11-12 09:45:00,354.086674705,355.337759294,352.875566533,354.519916653,17048.0
2021-11-12 10:00:00,354.519916653,354.708967685,353.889746547,354.234370824,11823.0
2021-11-12 10:15:00,354.25406364,354.825155298,353.958671402,354.185138784,15304.0
2021-11-12 10:30:00,354.258986844,354.711330823,354.155599561,354.236340105,10489.0
2021-11-12 10:45:00,354.234370824,354.726691219,354.155599561,354.578995101,12799.0
2021-11-12 11:00:00,354.569148693,354.687305587,353.983287422,354.46576141,8608.0
2021-11-12 11:15:00,354.460838206,354.824269121,354.066981889,354.135906745,11485.0
2021-11-12 11:30:00,354.480531021,354.727282004,354.076828297,354.411606166,15731.0
2021-11-12 11:45:00,354.411606166,354.578995101,354.313142087,354.332834903,15925.0
2021-11-12 12:00:00,354.352527719,354.614737561,354.332834903,354.421452574,33468.0
2021-11-12 12:15:00,354.421452574,354.945576867,354.396836554,354.81530889,51175.0
2021-11-12 12:30:00,354.785769667,354.785769667,354.347604515,354.431298982,17098.0
2021-11-12 12:45:00,354.431298982,354.500223837,354.086674705,354.106367521,9719.0
2021-11-12 13:00:00,354.362374127,354.500223837,354.258986844,354.332834903,8974.0
2021-11-12 13:15:00,354.332834903,354.342681311,353.919285771,354.037442666,7039.0
2021-11-12 13:30:00,354.011054293,354.027596258,353.554968678,354.027596258,8006.0
2021-11-12 13:45:00,354.027596258,354.529763061,354.027596258,354.470684614,11900.0
2021-11-12 14:00:00,354.470684614,354.539609469,354.352527719,354.470684614,21237.0
2021-11-12 14:15:00,354.426375778,354.564225489,354.322988495,354.480531021,13247.0
2021-11-12 14:30:00,354.470684614,354.510070245,354.329487124,354.470684614,12563.0
2021-11-12 14:45:00,354.470684614,354.500223837,354.002980238,354.002980238,12544.0
2021-11-12 15:00:00,353.953748198,354.135906745,353.953748198,354.037442666,8498.0
2021-11-12 15:15:00,354.081751501,354.313142087,354.037442666,354.313142087,9775.0
2021-11-12 15:30:00,354.313142087,354.352527719,354.190061988,354.342681311,10915.0
2021-11-12 15:45:00,354.357450923,354.795616074,354.234370824,354.372220534,27591.0
2021-11-12 16:00:00,354.352527719,354.352527719,353.771589652,354.126060337,50325.0
2021-11-12 16:15:00,354.126060337,354.126060337,354.126060337,354.126060337,5943.0
2021-11-12 17:45:00,354.126060337,354.126060337,354.126060337,354.126060337,474.0
2021-11-12 19:30:00,353.732204021,353.732204021,353.732204021,353.732204021,300.0
2021-11-15 08:15:00,356.479351826,356.479351826,356.479351826,356.479351826,109.0
2021-11-15 09:45:00,354.963005009,356.036263471,353.929132179,354.519916653,26455.0
2021-11-15 10:00:00,354.490377429,355.504557444,354.421452574,354.559302285,30850.0
2021-11-15 10:15:00,354.578995101,355.278090062,353.751896836,354.086674705,30800.0
2021-11-15 10:30:00,354.086674705,354.874387338,353.988210626,354.446068594,44086.0
2021-11-15 10:45:00,354.401759758,354.854694522,354.2048316,354.426375778,63432.0
2021-11-15 11:00:00,354.372220534,355.374092539,354.278679659,354.450991798,79873.0
2021-11-15 11:15:00,354.618380732,354.647919956,354.303295679,354.332834903,31344.0
2021-11-15 11:30:00,354.411606166,354.569148693,354.283602863,354.332834903,27621.0
2021-11-15 11:45:00,354.244217232,354.687305587,354.027596258,354.510070245,74012.0
2021-11-15 12:00:00,354.480531021,354.766076851,354.39191335,354.490377429,40247.0
2021-11-15 12:15:00,354.470684614,354.598687916,354.352527719,354.470684614,32032.0
2021-11-15 12:30:00,354.470684614,354.79069287,354.234370824,354.618380732,33828.0
2021-11-15 12:45:00,354.657766364,354.81530889,354.41652937,354.692228791,53386.0
2021-11-15 13:00:00,354.697151995,355.347014917,354.44114539,355.199318799,33073.0
2021-11-15 13:15:00,355.120547535,355.130393943,354.923619377,355.081161904,39498.0
2021-11-15 13:30:00,355.022083456,355.187010789,354.86454093,354.86454093,20815.0
2021-11-15 13:45:00,354.86454093,355.091008312,354.524839857,355.017160252,16864.0
2021-11-15 14:00:00,354.992544233,355.219011614,354.817376636,355.061469088,30854.0
2021-11-15 14:15:00,355.071315496,355.2461877,354.943312193,355.022083456,41987.0
2021-11-15 14:30:00,355.066392292,355.110701127,354.716844811,354.716844811,19229.0
2021-11-15 14:45:00,354.810385686,355.0762387,354.697151995,355.022083456,11771.0
2021-11-15 15:00:00,354.953158601,355.015190971,354.766076851,354.800539278,16822.0
2021-11-15 15:15:00,354.81530889,354.963005009,354.638073548,354.638073548,10950.0
2021-11-15 15:30:00,354.67745918,354.775923259,354.214678008,354.214678008,12803.0
2021-11-15 15:45:00,354.214678008,354.593764712,354.066981889,354.421452574,19741.0
2021-11-15 16:00:00,354.39191335,354.480531021,354.01774985,354.480531021,65287.0
2021-11-15 16:15:00,354.470684614,354.470684614,354.470684614,354.470684614,2728.0
2021-11-15 16:45:00,354.470684614,354.470684614,353.761743244,353.761743244,1693.0
2021-11-16 09:45:00,354.923619377,355.676869582,354.022673054,354.25406364,43065.0
2021-11-16 10:00:00,354.377143738,354.780846463,353.840514508,354.411606166,20496.0
2021-11-16 10:15:00,354.411606166,354.514993449,353.815898488,354.362374127,18230.0
2021-11-16 10:30:00,354.39191335,354.457982747,352.575251092,352.79679527,17283.0
2021-11-16 10:45:00,352.895259349,353.230037217,352.506326236,352.506326236,15996.0
2021-11-16 11:00:00,352.609713519,353.042955467,352.516172644,352.77217925,11713.0
2021-11-16 11:15:00,352.895259349,353.097603031,352.570327888,352.570327888,10303.0
2021-11-16 11:30:00,352.526019052,352.944491388,352.014005841,352.014005841,16374.0
2021-11-16 11:45:00,352.255242835,352.609713519,351.861386518,351.861386518,11577.0
2021-11-16 12:00:00,351.861386518,351.861386518,351.063827478,351.206600393,13346.0
2021-11-16 12:15:00,351.162291557,351.206600393,350.138265135,350.44350378,19772.0
2021-11-16 12:30:00,350.374775853,350.482889412,350.236729214,350.473043004,11184.0
2021-11-16 12:45:00,350.349962905,350.876745728,350.349962905,350.571507083,20045.0
2021-11-16 13:00:00,350.640431938,350.955516991,350.44350378,350.497659024,41769.0
2021-11-16 13:15:00,350.522275043,350.650278346,350.39427174,350.512428635,13491.0
2021-11-16 13:30:00,350.546891063,350.684740774,350.354886109,350.502582227,22179.0
2021-11-16 13:45:00,350.541967859,350.802897669,350.39427174,350.49273582,54589.0
2021-11-16 14:00:00,350.448426984,350.699510386,350.034877852,350.325346885,20753.0
2021-11-16 14:15:00,350.413964556,350.571507083,349.51390441,349.547480661,17761.0
2021-11-16 14:30:00,349.458862989,349.714771131,349.301320463,349.62132872,19633.0
2021-11-16 14:45:00,349.586866292,350.285961254,349.478555805,350.200494433,10948.0
2021-11-16 15:00:00,350.226882806,351.270602044,350.177650767,351.063827478,18187.0
2021-11-16 15:15:00,350.985056215,350.985056215,350.384425333,350.65520155,23381.0
2021-11-16 15:30:00,350.65520155,350.694587182,350.433657372,350.532121451,22456.0
2021-11-16 15:45:00,350.404118148,350.591199899,349.922628802,349.951183385,24095.0
2021-11-16 16:00:00,349.970876201,350.108725911,349.124085121,349.17331716,139289.0
2021-11-16 16:15:00,349.153624344,349.153624344,349.153624344,349.153624344,8389.0
2021-11-16 16:45:00,349.153624344,349.153624344,349.153624344,349.153624344,1427.0
2021-11-17 09:45:00,349.980722608,351.295218064,349.547480661,350.098879503,31146.0
2021-11-17 10:00:00,350.098879503,350.502582227,349.606559108,350.098879503,23729.0
2021-11-17 10:15:00,350.06934028,350.276114846,349.813333674,350.025031444,37608.0
2021-11-17 10:30:00,349.931490569,350.098879503,349.598977374,350.059493872,13614.0
2021-11-17 10:45:00,350.02010824,350.423810964,349.813333674,349.980722608,52473.0
2021-11-17 11:00:00,349.990569016,349.990569016,348.877924923,349.380091726,10032.0
2021-11-17 11:15:00,349.296397259,350.20718999,349.296397259,350.153034747,11097.0
2021-11-17 11:30:00,350.118572319,350.177650767,349.40963095,349.458862989,14472.0
2021-11-17 11:45:00,349.389938134,349.567173476,349.134916169,349.537634253,9983.0
2021-11-17 12:00:00,349.626251924,350.128418727,349.626251924,349.921644161,9037.0
2021-11-17 12:15:00,349.99549222,350.108725911,349.917804062,349.975799404,13170.0
2021-11-17 12:30:00,349.941336977,350.192420378,349.829777175,350.167804359,53548.0
2021-11-17 12:45:00,350.177650767,350.182573971,349.921644161,350.039801056,24270.0
2021-11-17 13:00:00,349.980722608,350.282908867,349.980722608,350.089033095,33504.0
2021-11-17 13:15:00,350.089033095,350.271191642,349.961029793,350.000415424,50742.0
2021-11-17 13:30:00,349.990569016,350.039801056,349.764101635,349.764101635,7378.0
2021-11-17 13:45:00,349.793640858,350.177650767,349.5967127,350.000415424,11175.0
2021-11-17 14:00:00,349.970876201,350.089033095,349.852719306,350.000415424,14420.0
2021-11-17 14:15:00,349.921644161,350.06934028,349.892104937,350.000415424,9655.0
2021-11-17 14:30:00,350.02010824,350.059493872,349.842872898,349.980722608,10390.0
2021-11-17 14:45:00,350.000415424,350.039801056,349.862565714,350.010261832,12760.0
2021-11-17 15:00:00,350.010261832,350.039801056,349.705023187,349.734562411,17046.0
2021-11-17 15:15:00,349.705023187,349.773948042,349.380091726,349.380091726,15341.0
2021-11-17 15:30:00,349.449016582,349.705023187,349.370245318,349.483479009,36358.0
2021-11-17 15:45:00,349.449016582,349.449016582,348.32652608,348.444682975,46976.0
2021-11-17 16:00:00,348.641611133,349.271781239,348.32652608,348.51360783,140100.0
2021-11-17 16:15:00,348.523454238,348.523454238,348.523454238,348.523454238,12185.0
2021-11-17 17:30:00,348.385604528,348.385604528,348.385604528,348.385604528,100.0
2021-11-18 09:45:00,348.917310555,348.917310555,344.712894379,346.672329552,61190.0
2021-11-18 10:00:00,346.696945572,347.194189171,345.746767209,345.943695367,38550.0
2021-11-18 10:15:00,346.032313038,346.544326249,345.697535169,345.963388183,20859.0
2021-11-18 10:30:00,345.83538488,345.874770512,343.974413786,344.220573983,44498.0
2021-11-18 10:45:00,344.456887773,346.593558289,343.639635917,346.426169354,140589.0
2021-11-18 11:00:00,346.426169354,346.677252756,344.151649128,344.486426997,38455.0
2021-11-18 11:15:00,344.9885938,344.9885938,343.659328733,343.920258542,54523.0
2021-11-18 11:30:00,343.93010495,344.476580589,342.280831626,343.176854745,50660.0
2021-11-18 11:45:00,343.196547561,343.619943101,342.369449297,342.796192616,58414.0
2021-11-18 12:00:00,342.861769692,343.10792989,340.587249466,341.01556821,52178.0
2021-11-18 12:15:00,341.109109085,343.15716193,340.862948888,342.330063666,46066.0
2021-11-18 12:30:00,342.453143764,343.797178444,342.453143764,343.797178444,17223.0
2021-11-18 12:45:00,343.95472097,344.235343595,343.462400575,344.235343595,15845.0
2021-11-18 13:00:00,344.220573983,344.640424817,343.639635917,344.368073174,61631.0
2021-11-18 13:15:00,344.496273405,344.75228001,344.112263497,344.619353504,27203.0
2021-11-18 13:30:00,344.639046319,344.639046319,344.307123909,344.486426997,15314.0
2021-11-18 13:45:00,344.486426997,345.431682156,344.476580589,345.431682156,27651.0
2021-11-18 14:00:00,345.59907109,348.149290738,345.59907109,347.885407006,44560.0
2021-11-18 14:15:00,347.863744909,347.863744909,346.908643342,347.272960434,53490.0
2021-11-18 14:30:00,347.312346066,347.332038882,346.734361922,347.164649947,31067.0
2021-11-18 14:45:00,347.179419559,347.228651599,345.707381577,346.46565345,191871.0
2021-11-18 15:00:00,346.623097513,346.84464169,346.327705275,346.692022368,21536.0
2021-11-18 15:15:00,346.628020716,346.928336158,346.081545078,346.760947223,44150.0
2021-11-18 15:30:00,346.780640039,347.361578105,346.504940618,346.91848975,26486.0
2021-11-18 15:45:00,346.938182566,347.184342763,346.386783723,346.534479841,50112.0
2021-11-18 16:00:00,346.721561592,346.992337809,345.894463327,346.150469933,111151.0
2021-11-18 16:15:00,346.02246663,346.02246663,346.02246663,346.02246663,3852.0
2021-11-18 17:15:00,345.855077696,345.855077696,345.855077696,345.855077696,150.0
2021-11-19 09:45:00,346.229241196,346.63294392,345.17567555,345.17567555,70666.0
2021-11-19 10:00:00,345.367680505,345.367680505,343.275318825,343.738099996,49510.0
2021-11-19 10:15:00,343.649482325,344.555351852,342.349756481,343.472246983,54465.0
2021-11-19 10:30:00,343.728253588,345.855077696,343.324550864,345.613840702,27774.0
2021-11-19 10:45:00,345.628610314,347.263114026,345.451374972,347.263114026,30884.0
2021-11-19 11:00:00,347.154803539,348.454529383,347.076032276,348.257601225,22150.0
2021-11-19 11:15:00,348.247754817,349.055160265,348.090212291,348.710535989,23793.0
2021-11-19 11:30:00,348.715459193,348.82376968,346.829872079,346.829872079,26134.0
2021-11-19 11:45:00,347.021877033,347.026800237,346.485247802,346.583711881,20241.0
2021-11-19 12:00:00,346.760947223,347.642200731,346.662483144,347.578199079,14178.0
2021-11-19 12:15:00,347.55358306,347.55358306,346.662483144,346.987414605,25673.0
2021-11-19 12:30:00,346.879104118,347.400963737,346.524633433,347.400963737,11083.0
2021-11-19 12:45:00,347.440349369,347.548659856,347.095725092,347.371424513,11688.0
2021-11-19 13:00:00,347.479735,347.696355974,347.204035579,347.396040533,15567.0
2021-11-19 13:15:00,347.381270921,347.391117329,346.603404697,346.647713532,14200.0
2021-11-19 13:30:00,346.603404697,347.263114026,346.594444466,346.839718486,12262.0
2021-11-19 13:45:00,346.829872079,347.558506264,346.829872079,347.238498007,14114.0
2021-11-19 14:00:00,347.233574803,347.799743257,346.928336158,347.588045487,19588.0
2021-11-19 14:15:00,347.588045487,348.198522777,347.519120632,348.198522777,14754.0
2021-11-19 14:30:00,348.100058698,348.503761423,348.060673067,348.287140449,16333.0
2021-11-19 14:45:00,348.365911712,348.37575812,347.553779988,347.607738303,17248.0
2021-11-19 15:00:00,347.607738303,348.001594619,347.519120632,347.962208988,11359.0
2021-11-19 15:15:00,347.942516172,348.050826659,347.287730046,347.578199079,19588.0
2021-11-19 15:30:00,347.607738303,347.844052093,347.036646645,347.794820053,17980.0
2021-11-19 15:45:00,347.863744909,348.208369185,347.676663158,347.981901804,27971.0
2021-11-19 16:00:00,348.021287435,348.356065304,347.686509566,347.735741606,89876.0
2021-11-19 16:15:00,347.706202382,347.706202382,347.706202382,347.706202382,17028.0
2021-11-22 09:45:00,348.996081818,351.802308071,347.90313054,351.487223018,37105.0
2021-11-22 10:00:00,351.467530202,354.170369172,351.280448452,354.170369172,36936.0
2021-11-22 10:15:00,354.460838206,355.977185023,354.460838206,355.396246957,37128.0
2021-11-22 10:30:00,355.297782878,356.213498813,354.81530889,355.799949681,18566.0
2021-11-22 10:45:00,355.603021523,356.656587169,355.603021523,356.055956286,31122.0
2021-11-22 11:00:00,356.124881142,356.676279984,355.642407154,356.582739109,25821.0
2021-11-22 11:15:00,356.582739109,357.33106611,355.888567352,357.33106611,28548.0
2021-11-22 11:30:00,357.237525235,357.956313012,356.735358432,357.956313012,27424.0
2021-11-22 11:45:00,357.946466604,359.137881961,357.414760577,359.03479007,38932.0
2021-11-22 12:00:00,358.911414579,358.945877007,357.651074367,358.181697289,28295.0
2021-11-22 12:15:00,358.074469907,359.724727872,358.074469907,359.098496329,25511.0
2021-11-22 12:30:00,359.029571474,359.147728369,358.084316315,358.300937289,16843.0
2021-11-22 12:45:00,358.41417098,358.41417098,357.026812106,357.084905913,18059.0
2021-11-22 13:00:00,357.109521932,357.316296498,356.449812603,357.316296498,19446.0
2021-11-22 13:15:00,357.286757275,358.074469907,356.991365037,357.739692038,17534.0
2021-11-22 13:30:00,357.96615942,358.035084275,357.483685433,357.931696992,14840.0
2021-11-22 13:45:00,358.005545052,358.044930683,356.823976103,356.833822511,14361.0
2021-11-22 14:00:00,356.892900958,357.040597077,356.499044642,356.709166987,13823.0
2021-11-22 14:15:00,356.686126392,356.892900958,356.183959589,356.489198234,12870.0
2021-11-22 14:30:00,356.50889105,357.065213097,356.203652405,357.065213097,24034.0
2021-11-22 14:45:00,356.853515327,357.596919124,356.656587169,357.434453393,17941.0
2021-11-22 15:00:00,357.523071064,357.897234565,357.365528538,357.690459999,13222.0
2021-11-22 15:15:00,357.705229611,357.818463302,357.429530189,357.513224656,23598.0
2021-11-22 15:30:00,357.513224656,357.77907767,357.134137952,357.681598232,55180.0
2021-11-22 15:45:00,357.601842328,358.803104092,357.148907564,357.148907564,44359.0
2021-11-22 16:00:00,357.099773989,358.025237868,357.099773989,357.651074367,178896.0
2021-11-22 16:15:00,357.572303104,357.572303104,357.572303104,357.572303104,19467.0
2021-11-22 17:00:00,358.291090881,358.291090881,358.291090881,358.291090881,112.0
2021-11-23 09:45:00,358.005545052,361.96380103,358.005545052,361.412402187,40923.0
2021-11-23 10:00:00,361.491567307,362.593971136,360.831464121,361.91456899,34351.0
2021-11-23 10:15:00,361.973647438,361.973647438,360.147138771,361.343477332,30982.0
2021-11-23 10:30:00,361.35332374,362.131189964,360.585303923,360.861003345,30238.0
2021-11-23 10:45:00,360.752692858,360.772385673,358.694793605,359.251115652,26122.0
2021-11-23 11:00:00,359.334810119,360.664075186,359.078803514,360.309604502,27132.0
2021-11-23 11:15:00,360.060785774,360.453657449,359.324963711,360.348990133,24579.0
2021-11-23 11:30:00,360.211140423,360.851156937,359.807437699,360.614843147,24905.0
2021-11-23 11:45:00,360.575457515,360.74284645,359.669587988,359.669587988,20869.0
2021-11-23 12:00:00,359.738512843,360.550841495,359.679434396,360.550841495,22733.0
2021-11-23 12:15:00,360.427761397,360.959467424,360.08313712,360.427761397,37214.0
2021-11-23 12:30:00,360.440364799,360.570534311,359.640048764,360.45730062,15937.0
2021-11-23 12:45:00,360.398222173,360.723153634,359.728666435,360.723153634,19431.0
2021-11-23 13:00:00,360.526225476,360.870849752,359.84682333,360.08313712,16171.0
2021-11-23 13:15:00,360.132369159,360.181601199,358.921260987,359.147728369,16805.0
2021-11-23 13:30:00,359.295424487,359.295424487,358.921260987,358.975416231,13655.0
2021-11-23 13:45:00,359.157574777,359.886208962,359.157574777,359.598496923,8211.0
2021-11-23 14:00:00,359.492352646,359.761159581,359.275731672,359.28557808,11262.0
2021-11-23 14:15:00,359.275731672,359.275731672,358.428940592,358.428940592,12215.0
2021-11-23 14:30:00,358.556943895,358.911414579,358.369862144,358.660331178,15822.0
2021-11-23 14:45:00,358.753872053,358.891721763,358.040007479,358.448633408,13903.0
2021-11-23 15:00:00,358.497865447,358.596329526,357.961236216,358.035084276,13738.0
2021-11-23 15:15:00,357.995698644,358.113855539,356.627047945,356.75751285,20488.0
2021-11-23 15:30:00,356.686126392,357.77907767,356.449812603,357.601842328,17341.0
2021-11-23 15:45:00,357.51814786,358.635715158,357.503378249,358.241858842,23998.0
2021-11-23 16:00:00,358.251705249,359.098496329,358.251705249,358.566790302,90181.0
2021-11-23 16:15:00,358.616022342,358.616022342,358.616022342,358.616022342,15690.0
2021-11-24 08:15:00,361.461634227,361.461634227,361.461634227,361.461634227,100.0
2021-11-24 09:45:00,358.793257684,362.643203175,358.793257684,361.550251898,28104.0
2021-11-24 10:00:00,361.205627621,361.648715977,360.250526054,361.550251898,26893.0
2021-11-24 10:15:00,361.451787819,361.501019858,360.122522752,360.723153634,23346.0
2021-11-24 10:30:00,360.644382371,360.644382371,358.872028948,358.911414579,23211.0
2021-11-24 10:45:00,358.734179237,358.734179237,357.40491417,357.774154466,24120.0
2021-11-24 11:00:00,357.631381551,358.182780394,357.40491417,357.818463302,12901.0
2021-11-24 11:15:00,357.670767183,358.044930683,356.833822511,357.173523584,19291.0
2021-11-24 11:30:00,357.227678827,357.818463302,356.538430274,357.660920775,13189.0
2021-11-24 11:45:00,357.705229611,357.887388157,356.952964047,356.952964047,12944.0
2021-11-24 12:00:00,356.951979406,357.59199592,356.390734155,356.538430274,13557.0
2021-11-24 12:15:00,356.676279984,356.942132998,356.193904461,356.883054551,12525.0
2021-11-24 12:30:00,356.843668919,357.385221354,356.804283287,356.922440182,12492.0
2021-11-24 12:45:00,356.833822511,357.651074367,356.833822511,357.276910867,15381.0
2021-11-24 13:00:00,357.060289893,357.267064459,356.887977754,357.257218051,7196.0
2021-11-24 13:15:00,357.030750669,357.385221354,357.030750669,357.35568213,30013.0
2021-11-24 13:30:00,357.198139603,357.198139603,356.646740761,356.646740761,9104.0
2021-11-24 13:45:00,356.538430274,356.686126392,356.336578912,356.479351826,7875.0
2021-11-24 14:00:00,356.380887747,356.489198234,356.105188326,356.119957938,13027.0
2021-11-24 14:15:00,356.341502116,356.341502116,355.57446694,355.878720944,12787.0
2021-11-24 14:30:00,356.006724247,356.252884445,355.780256865,356.011647451,14573.0
2021-11-24 14:45:00,356.154420365,356.164266773,355.740871233,355.992939276,10141.0
2021-11-24 15:00:00,355.984077509,356.046109879,355.681792786,355.760564049,14662.0
2021-11-24 15:15:00,355.603021523,355.908260168,355.386400549,355.563635891,17164.0
2021-11-24 15:30:00,355.622714339,356.115034734,355.258397246,356.046109879,17523.0
2021-11-24 15:45:00,355.996877839,355.996877839,355.347014917,355.519327056,35147.0
2021-11-24 16:00:00,355.573482299,355.987031431,355.268243654,355.878720944,57696.0
2021-11-24 16:15:00,355.819642497,355.819642497,355.819642497,355.819642497,36331.0
2021-11-26 09:00:00,351.839577162,351.839577162,351.839577162,351.839577162,100.0
2021-11-26 09:15:00,351.671445811,351.671445811,350.19782397,350.247274367,1065.0
2021-11-26 09:45:00,348.912113638,353.3626494,347.873655294,351.898917639,42275.0
2021-11-26 10:00:00,351.87419244,352.383531533,348.684641811,349.881341427,55013.0
2021-11-26 10:15:00,349.554968804,349.554968804,347.863765215,348.783542605,33316.0
2021-11-26 10:30:00,348.753872367,351.240633949,348.575850936,351.16606275,33092.0
2021-11-26 10:45:00,351.206612076,351.562654937,349.861561268,351.478589261,28238.0
2021-11-26 11:00:00,351.176941837,351.354963268,350.301669804,350.989030327,21693.0
2021-11-26 11:15:00,350.900019612,351.354963268,349.891231506,350.652767625,19566.0
2021-11-26 11:30:00,350.553866831,350.820898976,350.040571706,350.544965759,22371.0
2021-11-26 11:45:00,350.682437864,350.682437864,349.149475546,350.079143016,35246.0
2021-11-26 12:00:00,350.207714049,350.904964652,349.367057294,349.81705591,21052.0
2021-11-26 12:15:00,349.960462062,352.215400182,349.485738248,352.086829148,29166.0
2021-11-26 12:30:00,352.096719228,352.096719228,351.018700566,351.898917639,25552.0
2021-11-26 12:45:00,351.948368036,352.452762089,351.275842632,351.30551287,32196.0
2021-11-26 13:00:00,351.241227354,351.241227354,349.208816023,349.911011665,61589.0
2021-11-26 13:15:00,350.089033095,350.089033095,350.089033095,350.089033095,55701.0
2021-11-26 15:45:00,350.089033095,350.089033095,350.089033095,350.089033095,0.0
2021-11-26 16:15:00,350.089033095,350.089033095,350.089033095,350.089033095,100.0
2021-11-29 09:45:00,351.414303744,352.442773109,348.917058678,349.43628785,29462.0
2021-11-29 10:00:00,349.564858883,350.781338658,349.090135069,349.693429917,24716.0
2021-11-29 10:15:00,349.619254321,350.138483493,348.753872367,349.62419936,17076.0
2021-11-29 10:30:00,349.970352142,351.097821201,349.678594797,350.445075956,27583.0
2021-11-29 10:45:00,350.514306513,351.443973983,350.168153731,350.38573548,17689.0
2021-11-29 11:00:00,350.712108102,350.766503539,350.207714049,350.657712665,18831.0
2021-11-29 11:15:00,350.75166842,351.8692474,350.75166842,351.49342438,7912.0
2021-11-29 11:30:00,351.523094619,351.839577162,351.335183109,351.621995413,13240.0
2021-11-29 11:45:00,351.641775572,353.332979162,351.374743427,353.332979162,18642.0
2021-11-29 12:00:00,353.421989877,354.025284725,352.724343671,353.421989877,18562.0
2021-11-29 12:15:00,353.293418844,354.406052784,353.293418844,354.183525996,11568.0
2021-11-29 12:30:00,354.064845043,354.589019254,354.025284725,354.470338301,10837.0
2021-11-29 12:45:00,354.652909168,354.8560514,354.346712307,354.8560514,7004.0
2021-11-29 13:00:00,354.757150605,354.758733018,354.084625201,354.420887903,9939.0
2021-11-29 13:15:00,354.331877188,354.648359731,353.778032738,354.312097029,9892.0
2021-11-29 13:30:00,354.410997824,354.48022838,353.095617254,353.55056091,10542.0
2021-11-29 13:45:00,353.669241864,353.906603771,353.392319639,353.426934917,7149.0
2021-11-29 14:00:00,353.486275394,353.486275394,353.075837095,353.273638685,7421.0
2021-11-29 14:15:00,353.145067652,353.669241864,353.006606539,353.604956347,7480.0
2021-11-29 14:30:00,353.689022023,353.689022023,353.253858526,353.476385314,9935.0
2021-11-29 14:45:00,353.382429559,353.679131943,353.036276778,353.036276778,9828.0
2021-11-29 15:00:00,352.868145427,352.98682638,352.452762089,352.630783519,7782.0
2021-11-29 15:15:00,352.42309185,352.79891487,352.324191056,352.591223201,13754.0
2021-11-29 15:30:00,352.749464473,352.868145427,352.254960499,352.571443042,14302.0
2021-11-29 15:45:00,352.601113281,352.976936301,352.482432327,352.828585109,26278.0
2021-11-29 16:00:00,352.917595824,353.065947016,352.06704899,352.62089344,85988.0
2021-11-29 16:15:00,352.472542248,352.472542248,352.472542248,352.472542248,7125.0
2021-11-30 09:00:00,350.108813254,350.108813254,350.108813254,350.108813254,478.0
2021-11-30 09:45:00,350.217604129,350.890129533,346.914317585,349.208816023,32402.0
2021-11-30 10:00:00,349.119805307,349.682353028,347.982446168,348.664861652,19234.0
2021-11-30 10:15:00,348.239588234,350.286834685,348.051676724,349.505518407,13261.0
2021-11-30 10:30:00,349.25826642,349.752770393,347.374206281,348.249478314,20295.0
2021-11-30 10:45:00,348.486840221,349.297826738,348.13079736,349.035838533,22026.0
2021-11-30 11:00:00,348.991234274,348.991234274,346.429703691,346.597835042,26355.0
2021-11-30 11:15:00,346.429703691,347.636293387,346.034100513,346.864867188,31136.0
2021-11-30 11:30:00,346.761021354,347.300030685,346.335747936,346.83519695,24389.0
2021-11-30 11:45:00,346.884647347,346.884647347,345.668167572,345.742343168,25044.0
2021-11-30 12:00:00,345.846189003,346.27146242,345.411025506,345.836298923,18871.0
2021-11-30 12:15:00,345.687947731,346.231902102,345.045092565,346.152781466,16206.0
2021-11-30 12:30:00,346.142891387,346.508824327,345.678057652,346.296187618,28198.0
2021-11-30 12:45:00,346.291242579,346.296187618,345.411025506,345.776958446,21622.0
2021-11-30 13:00:00,345.846189003,346.133001307,345.262674314,345.371465188,16496.0
2021-11-30 13:15:00,345.509926301,345.574211817,344.501138195,344.684104665,21695.0
2021-11-30 13:30:00,344.639599307,345.470365983,344.629709228,345.163773519,12363.0
2021-11-30 13:45:00,345.198388797,346.558274724,345.134103281,346.558274724,19622.0
2021-11-30 14:00:00,346.548384645,347.047833658,346.256627301,346.538494566,19926.0
2021-11-30 14:15:00,346.479154089,347.052778698,346.08355091,346.320912817,23929.0
2021-11-30 14:30:00,346.340692976,347.774754499,346.301132658,347.636293387,175758.0
2021-11-30 14:45:00,347.685743784,348.378049347,347.458271956,347.784644579,17943.0
2021-11-30 15:00:00,347.799479698,347.94288585,346.741241195,346.904427506,21278.0
2021-11-30 15:15:00,346.681900718,346.953877903,346.244759205,346.311022738,25316.0
2021-11-30 15:30:00,346.498934248,346.538494566,345.569266777,346.202231864,36583.0
2021-11-30 15:45:00,346.142891387,347.220910049,346.043990592,346.963767983,59873.0
2021-11-30 16:00:00,346.785746552,346.973658062,344.876961214,344.96597193,196899.0
2021-11-30 16:15:00,344.96597193,344.96597193,344.96597193,344.96597193,52319.0
2021-12-01 09:45:00,345.776958446,347.181349731,344.985752089,346.247033924,26564.0
2021-12-01 10:00:00,345.618717175,345.618717175,343.363779055,344.194545731,26519.0
2021-12-01 10:15:00,344.382457241,346.246737221,344.308281645,345.88574932,17177.0
2021-12-01 10:30:00,345.430805665,346.934097744,345.430805665,345.826408844,20728.0
2021-12-01 10:45:00,345.856079082,346.024210433,344.422017559,345.14399336,26071.0
2021-12-01 11:00:00,345.213223916,346.004430274,345.213223916,345.683002691,18078.0
2021-12-01 11:15:00,345.658277493,346.26157234,344.926411612,346.177506665,17145.0
2021-12-01 11:30:00,346.291242579,347.112119175,346.291242579,346.805526711,14826.0
2021-12-01 11:45:00,346.696735837,347.745084261,346.479154089,347.220910049,19067.0
2021-12-01 12:00:00,347.112119175,348.031896566,346.298759039,347.94288585,14483.0
2021-12-01 12:15:00,348.180247758,348.991234274,347.527502513,348.912113638,12795.0
2021-12-01 12:30:00,348.902223559,348.902223559,347.992336248,347.992336248,11450.0
2021-12-01 12:45:00,347.982446168,348.971454115,347.715414023,348.635191413,17288.0
2021-12-01 13:00:00,348.575850936,348.69453189,348.091237042,348.091237042,22082.0
2021-12-01 13:15:00,348.368159268,349.040684672,347.547282672,348.546180698,40475.0
2021-12-01 13:30:00,348.496730301,348.922003718,348.071456883,348.714312049,22382.0
2021-12-01 13:45:00,348.70442197,348.842883082,347.507722354,347.834094976,17991.0
2021-12-01 14:00:00,347.621458268,347.621458268,346.538494566,346.726406075,14198.0
2021-12-01 14:15:00,346.64728544,346.904427506,346.241792181,346.706625917,15266.0
2021-12-01 14:30:00,346.864867188,347.784644579,346.469264009,347.611568188,14448.0
2021-12-01 14:45:00,347.596733069,347.962666009,346.667065599,346.864867188,19047.0
2021-12-01 15:00:00,346.594868018,347.072558857,346.034100513,346.597835042,14942.0
2021-12-01 15:15:00,346.686845758,347.131899334,346.133001307,346.370363215,18783.0
2021-12-01 15:30:00,346.212121943,346.281352499,344.471467956,344.96597193,32693.0
2021-12-01 15:45:00,344.876961214,346.44948385,344.827510817,346.370363215,39211.0
2021-12-01 16:00:00,346.419813612,346.489044168,342.107738963,342.127519122,97076.0
2021-12-01 16:15:00,342.176969519,342.176969519,342.176969519,342.176969519,4282.0
2021-12-02 08:15:00,342.097848883,342.097848883,342.097848883,342.097848883,132.0
2021-12-02 09:45:00,344.609929069,347.745084261,344.046194539,347.478052115,28065.0
2021-12-02 10:00:00,347.151679493,348.447279903,346.568164804,348.447279903,22432.0
2021-12-02 10:15:00,348.526400539,349.742880314,347.553216719,349.742880314,28597.0
2021-12-02 10:30:00,349.663759678,350.118703334,349.079453783,349.545078725,15734.0
2021-12-02 10:45:00,349.505518407,349.723100155,348.447279903,348.610466215,25083.0
2021-12-02 11:00:00,348.842883082,349.396727532,348.32869785,349.367057294,24469.0
2021-12-02 11:15:00,349.367057294,349.43628785,347.841512536,348.170357678,15135.0
2021-12-02 11:30:00,348.724202128,349.802220791,348.716191164,349.297826738,15386.0
2021-12-02 11:45:00,349.327496976,349.82200095,348.739037248,349.495628327,15929.0
2021-12-02 12:00:00,349.614309281,349.960462062,349.129695387,349.663759678,15822.0
2021-12-02 12:15:00,350.296724764,350.830789056,349.970352142,350.677492824,12348.0
2021-12-02 12:30:00,350.276944605,350.761558499,349.901121585,350.128593413,9390.0
2021-12-02 12:45:00,350.059362857,350.484636274,349.82200095,350.148373572,12624.0
2021-12-02 13:00:00,349.960462062,351.167051758,349.960462062,350.842657151,13826.0
2021-12-02 13:15:00,350.75166842,351.49342438,349.851671188,351.49342438,20569.0
2021-12-02 13:30:00,351.661555731,351.889027559,350.707163062,350.707163062,13986.0
2021-12-02 13:45:00,350.840679135,351.038480725,350.524196592,350.623097387,18613.0
2021-12-02 14:00:00,350.608262268,350.608262268,349.703319996,350.524196592,19628.0
2021-12-02 14:15:00,350.474746195,350.850569215,350.336285082,350.682437864,17740.0
2021-12-02 14:30:00,350.811008897,350.959360089,350.247274367,350.890129533,25074.0
2021-12-02 14:45:00,350.652767625,350.833953881,350.410460678,350.578592029,16710.0
2021-12-02 15:00:00,350.632987466,350.632987466,349.81211087,349.82200095,17656.0
2021-12-02 15:15:00,349.713210076,350.38573548,349.535188645,349.742880314,15554.0
2021-12-02 15:30:00,349.854143708,349.881539228,349.011014433,349.228596181,25726.0
2021-12-02 15:45:00,349.233541221,350.346175162,349.119805307,350.108813254,36631.0
2021-12-02 16:00:00,349.970352142,350.593427148,348.348379109,348.823102923,98471.0
2021-12-02 16:15:00,348.69453189,348.69453189,348.69453189,348.69453189,10944.0
2021-12-03 09:45:00,348.724202128,352.512102566,348.724202128,352.373641453,19346.0
2021-12-03 10:00:00,352.383531533,352.383531533,350.356065241,351.008810486,14192.0
2021-12-03 10:15:00,351.299578823,351.730786288,349.956209328,349.956209328,15249.0
2021-12-03 10:30:00,350.098923175,352.838475188,349.960462062,352.838475188,14647.0
2021-12-03 10:45:00,352.581333122,352.62089344,350.909909691,351.130458464,23266.0
2021-12-03 11:00:00,350.108813254,351.058260884,349.357167215,350.74672338,14550.0
2021-12-03 11:15:00,350.608262268,351.725841248,350.608262268,351.325293029,10122.0
2021-12-03 11:30:00,351.523094619,352.300257063,351.176941837,351.898917639,12598.0
2021-12-03 11:45:00,351.671445811,352.334081135,351.068150963,351.068150963,25676.0
2021-12-03 12:00:00,351.226392235,351.958258115,350.959360089,351.196721996,13464.0
2021-12-03 12:15:00,351.354963268,351.992873393,351.354963268,351.918697797,9229.0
2021-12-03 12:30:00,351.908807718,352.945090245,351.908807718,352.670343837,18568.0
2021-12-03 12:45:00,352.541772804,352.80880495,352.007708513,352.264850579,18057.0
2021-12-03 13:00:00,352.106609307,352.512102566,351.87419244,352.512102566,11998.0
2021-12-03 13:15:00,352.492322407,353.120342453,351.997818433,352.927485903,16877.0
2021-12-03 13:30:00,353.332979162,354.225954437,353.332979162,353.703857142,14803.0
2021-12-03 13:45:00,353.540670831,353.540670831,352.452762089,352.561552963,7997.0
2021-12-03 14:00:00,352.571443042,352.897815665,351.809906923,351.981895405,13769.0
2021-12-03 14:15:00,351.740676367,351.87913748,351.265952552,351.463754142,12200.0
2021-12-03 14:30:00,351.31540295,351.938477956,350.445075956,350.688470812,19199.0
2021-12-03 14:45:00,350.702218023,351.354963268,349.995868547,351.345073188,17843.0
2021-12-03 15:00:00,351.473644221,351.473644221,350.217604129,350.685305987,17608.0
2021-12-03 15:15:00,350.445075956,351.147172698,350.118703334,350.731888261,15037.0
2021-12-03 15:30:00,350.593427148,352.037378751,350.509361473,351.671445811,22396.0
2021-12-03 15:45:00,351.572545016,352.591223201,351.384633506,351.631885493,32455.0
2021-12-03 16:00:00,351.592325175,354.035174804,351.078041042,353.946164089,132355.0
2021-12-03 16:15:00,353.906603771,353.906603771,353.906603771,353.906603771,69891.0
2021-12-06 09:30:00,356.042860937,356.042860937,356.042860937,356.042860937,269.0
2021-12-06 09:45:00,357.249450632,359.682410182,356.052849917,359.266334538,20984.0
2021-12-06 10:00:00,359.682410182,360.096211107,358.841753427,360.048343122,23043.0
2021-12-06 10:15:00,360.394495904,361.917568142,359.568674268,361.630755837,36103.0
2021-12-06 10:30:00,361.779107029,361.889381416,360.898889957,361.363723692,20259.0
2021-12-06 10:45:00,360.997790751,362.688994341,360.997790751,362.268665963,25712.0
2021-12-06 11:00:00,362.491192751,362.876905851,361.561525281,362.194490367,22320.0
2021-12-06 11:15:00,361.907678063,362.125259811,360.562627255,361.903722031,30430.0
2021-12-06 11:30:00,361.887897904,362.787895135,361.670316155,362.085699493,25769.0
2021-12-06 11:45:00,362.13514989,362.659324102,361.967018539,362.639543943,35235.0
2021-12-06 12:00:00,362.451632433,362.530753069,361.373613771,362.303281241,19662.0
2021-12-06 12:15:00,362.184600288,362.184600288,361.284603056,361.362042378,20760.0
2021-12-06 12:30:00,360.987900672,361.932403261,360.537902056,361.695338056,21789.0
2021-12-06 12:45:00,361.714821513,362.115369731,361.146141943,362.110424692,19557.0
2021-12-06 13:00:00,362.095589573,362.580203467,361.937348301,362.33295148,17878.0
2021-12-06 13:15:00,362.392291957,362.738444738,362.14503997,362.224160606,18353.0
2021-12-06 13:30:00,362.13514989,362.609873705,361.912623102,362.293391162,16470.0
2021-12-06 13:45:00,362.451632433,362.679104261,361.640645917,362.679104261,26347.0
2021-12-06 14:00:00,362.590093546,362.842290573,362.402182036,362.842290573,18283.0
2021-12-06 14:15:00,362.842290573,363.321959427,362.33295148,362.33295148,24996.0
2021-12-06 14:30:00,362.382401877,362.52580803,361.58625048,361.58625048,19292.0
2021-12-06 14:45:00,361.630755837,362.263720924,361.610975679,361.788997109,20825.0
2021-12-06 15:00:00,361.917568142,361.917568142,360.176914155,360.364825665,15960.0
2021-12-06 15:15:00,360.364825665,360.799989162,359.801091135,359.995925701,37770.0
2021-12-06 15:30:00,360.028562963,360.691198288,359.682410182,359.771420897,33804.0
2021-12-06 15:45:00,359.90988201,360.0829584,358.910983983,359.989002645,42756.0
2021-12-06 16:00:00,360.048343122,360.681308208,359.356037559,359.959332407,121898.0
2021-12-06 16:15:00,359.959332407,361.167603416,359.959332407,359.959332407,155410.0
2021-12-06 19:15:00,360.978010592,360.978010592,360.978010592,360.978010592,100.0
2021-12-07 08:45:00,362.965916566,362.965916566,362.965916566,362.965916566,120.0
2021-12-07 09:30:00,360.305485188,360.443946301,360.058233202,360.443946301,1138.0
2021-12-07 09:45:00,359.138455811,360.078013361,356.784616897,358.317579215,33432.0
2021-12-07 10:00:00,358.545051043,359.919772089,357.852448777,359.128565731,35729.0
2021-12-07 10:15:00,358.96537942,359.563729228,358.268128817,358.347249453,45538.0
2021-12-07 10:30:00,358.465930407,359.820871294,358.41153497,358.732962553,33851.0
2021-12-07 10:45:00,358.950544301,359.019774857,357.506592698,357.913074964,46551.0
2021-12-07 11:00:00,358.010986751,358.841753427,357.407691904,358.841753427,24955.0
2021-12-07 11:15:00,359.118675652,360.078013361,358.312634175,359.464828433,26818.0
2021-12-07 11:30:00,359.454938354,360.750538765,359.34614748,359.969222486,30838.0
2021-12-07 11:45:00,360.018672884,361.02746099,359.568674268,360.958230433,35062.0
2021-12-07 12:00:00,361.057131228,361.057131228,359.395597877,360.369770705,11545.0
2021-12-07 12:15:00,360.513176857,360.513176857,358.930764142,359.959332407,24023.0
2021-12-07 12:30:00,360.068123281,360.285705029,359.029664937,359.029664937,11884.0
2021-12-07 12:45:00,358.901093904,358.999994698,357.902195877,358.515380804,19838.0
2021-12-07 13:00:00,358.426370089,359.237356606,358.020876831,358.04065699,23301.0
2021-12-07 13:15:00,358.208788341,358.97032446,357.66483397,358.901093904,28090.0
2021-12-07 13:30:00,358.77252287,358.851643506,358.462172177,358.604391519,5269.0
2021-12-07 13:45:00,358.693402235,359.3362574,358.525270884,359.029664937,15114.0
2021-12-07 14:00:00,359.128565731,359.919772089,359.009884778,359.445048274,18868.0
2021-12-07 14:15:00,359.395597877,359.791201056,359.267026844,359.583509387,15444.0
2021-12-07 14:30:00,359.385707798,359.454938354,358.930764142,359.182961169,13582.0
2021-12-07 14:45:00,359.108785572,360.048343122,358.737907592,358.999994698,31573.0
2021-12-07 15:00:00,359.019774857,359.578564347,358.742852632,359.474718513,27687.0
2021-12-07 15:15:00,359.365927639,359.682410182,359.084060374,359.682410182,26793.0
2021-12-07 15:30:00,359.662630023,359.736805619,358.475820486,358.554941122,27286.0
2021-12-07 15:45:00,358.564831202,358.614281599,357.437362142,358.03076691,34632.0
2021-12-07 16:00:00,358.139557784,359.108785572,357.427472062,358.673622076,109403.0
2021-12-07 16:15:00,358.683512155,358.683512155,358.683512155,358.683512155,6490.0
2021-12-08 09:45:00,359.543949069,362.629653864,359.543949069,362.425918227,25793.0
2021-12-08 10:00:00,361.798887188,362.679104261,360.523066937,362.679104261,30156.0
2021-12-08 10:15:00,363.26261895,363.287344149,361.294493135,361.739546712,12260.0
2021-12-08 10:30:00,361.512074884,361.95712846,360.295595109,360.295595109,7382.0
2021-12-08 10:45:00,360.740648685,361.116471705,360.315375268,360.315375268,10939.0
2021-12-08 11:00:00,360.434056222,360.809879241,359.326367321,359.672520102,18657.0
2021-12-08 11:15:00,359.791201056,359.791201056,359.247246685,359.395597877,9805.0
2021-12-08 11:30:00,359.356037559,359.375817718,358.376919692,358.920874063,7908.0
2021-12-08 11:45:00,359.029664937,359.860431612,358.574721281,359.71208042,9335.0
2021-12-08 12:00:00,359.573619308,360.516143881,359.445048274,360.516143881,10044.0
2021-12-08 12:15:00,360.513176857,360.799989162,359.998892725,359.998892725,9194.0
2021-12-08 12:30:00,360.08790344,360.167024076,359.689333237,360.058233202,6222.0
2021-12-08 12:45:00,360.265924871,360.672703839,360.265924871,360.374715745,7604.0
2021-12-08 13:00:00,360.364825665,361.042296109,360.364825665,360.958230433,13634.0
2021-12-08 13:15:00,360.918670116,360.948340354,360.404385983,360.493396698,8692.0
2021-12-08 13:30:00,360.582407414,360.582407414,359.353070535,359.637904824,13182.0
2021-12-08 13:45:00,359.751640738,359.850541533,359.267026844,359.850541533,6909.0
2021-12-08 14:00:00,359.802772449,360.809879241,359.178016129,360.0829584,21734.0
2021-12-08 14:15:00,360.117573678,361.136251864,359.998892725,360.987900672,15551.0
2021-12-08 14:30:00,360.888999877,360.913725076,359.880211771,360.09779352,9812.0
2021-12-08 14:45:00,360.127463758,360.958230433,359.751640738,360.45383638,9304.0
2021-12-08 15:00:00,360.424166142,360.45383638,360.147243917,360.394495904,10473.0
2021-12-08 15:15:00,360.424166142,360.987900672,360.424166142,360.8296594,15730.0
2021-12-08 15:30:00,360.780209003,360.809879241,360.364825665,360.532957016,11474.0
2021-12-08 15:45:00,360.137353837,360.987900672,360.08790344,360.987900672,19252.0
2021-12-08 16:00:00,360.987900672,361.151086983,360.008782804,360.058233202,53144.0
2021-12-08 16:15:00,360.08790344,360.08790344,360.08790344,360.08790344,8326.0
2021-12-09 09:45:00,358.604391519,359.563729228,357.041758963,358.090107387,22682.0
2021-12-09 10:00:00,357.575823255,358.96043438,356.92307801,357.941756195,35866.0
2021-12-09 10:15:00,357.823075241,359.623069705,357.407691904,359.623069705,37759.0
2021-12-09 10:30:00,359.969222486,360.799989162,359.603289546,360.770318924,14798.0
2021-12-09 10:45:00,360.562627255,360.701088367,359.247246685,360.621967731,12377.0
2021-12-09 11:00:00,360.493396698,360.671418129,359.860431612,359.930354474,10681.0
2021-12-09 11:15:00,360.443946301,361.047241149,359.741750659,359.893958982,15779.0
2021-12-09 11:30:00,359.7219705,360.552737175,359.306587162,360.345045506,16737.0
2021-12-09 11:45:00,360.107683599,360.295595109,359.267026844,359.484608592,13040.0
2021-12-09 12:00:00,359.494498672,360.45383638,359.474718513,360.45383638,11149.0
2021-12-09 12:15:00,360.285705029,360.315375268,359.860431612,359.998892725,8293.0
2021-12-09 12:30:00,360.127463758,361.136251864,359.781310976,361.106581626,26287.0
2021-12-09 12:45:00,360.928560195,362.412072116,360.918670116,362.412072116,20081.0
2021-12-09 13:00:00,362.417017155,363.581771815,362.412072116,363.104377679,22800.0
2021-12-09 13:15:00,362.491192751,362.491192751,362.085798394,362.115369731,5421.0
2021-12-09 13:30:00,362.204380447,362.283501082,361.833007963,362.154930049,6403.0
2021-12-09 13:45:00,362.243940765,362.349369012,361.762788398,362.234050685,8937.0
2021-12-09 14:00:00,362.718664579,363.490090778,362.609873705,362.728554659,14659.0
2021-12-09 14:15:00,362.718664579,363.045037202,362.501082831,363.045037202,16786.0
2021-12-09 14:30:00,363.114267758,363.153828076,362.471412592,362.768114977,8613.0
2021-12-09 14:45:00,362.654379063,363.035147122,362.629653864,362.867015771,16167.0
2021-12-09 15:00:00,362.837345533,363.144036897,362.451632433,362.738444738,28641.0
2021-12-09 15:15:00,362.669214182,363.776903083,362.540643149,363.465365579,25083.0
2021-12-09 15:30:00,363.460420539,363.460420539,362.7087745,362.916466169,20584.0
2021-12-09 15:45:00,363.005476884,363.885693957,362.926356248,363.658222129,42076.0
2021-12-09 16:00:00,363.658222129,364.301077294,363.62855189,363.717562606,125693.0
2021-12-09 16:15:00,363.8164634,363.8164634,355.073633149,355.073633149,18259.0
2021-12-10 09:45:00,364.152726102,364.498878884,361.976908619,364.498878884,27627.0
2021-12-10 10:00:00,364.048880268,364.607669758,363.519761016,363.846133639,10882.0
2021-12-10 10:15:00,363.925254275,364.518659043,363.45053046,363.608771732,14068.0
2021-12-10 10:30:00,363.658222129,363.796683241,362.421962195,363.094487599,13124.0
2021-12-10 10:45:00,363.717562606,364.00437491,362.827455453,363.193388394,13891.0
2021-12-10 11:00:00,363.223058632,364.642581739,363.223058632,364.429648328,12779.0
2021-12-10 11:15:00,364.627449917,365.092283652,363.806573321,364.538439202,12994.0
2021-12-10 11:30:00,364.825251506,365.369205877,364.162319479,365.013163016,13352.0
2021-12-10 11:45:00,365.092283652,365.932940407,364.993382857,364.993382857,10337.0
2021-12-10 12:00:00,365.13184397,365.675798341,364.919207261,365.675798341,10413.0
2021-12-10 12:15:00,365.616457864,365.665908261,365.092283652,365.230744765,11949.0
2021-12-10 12:30:00,364.795581268,365.230744765,364.488988804,364.914262222,7283.0
2021-12-10 12:45:00,364.845031665,365.072503493,364.676900314,364.94393246,8700.0
2021-12-10 13:00:00,364.983492778,365.567007467,364.751174811,365.092283652,6469.0
2021-12-10 13:15:00,365.072503493,365.596677705,365.072503493,365.290085242,7513.0
2021-12-10 13:30:00,365.428546354,365.6955785,365.339535639,365.6955785,6208.0
2021-12-10 13:45:00,365.804369374,366.694476526,365.665908261,366.323598546,14326.0
2021-12-10 14:00:00,366.323598546,366.43733446,365.87359993,366.06151144,7273.0
2021-12-10 14:15:00,366.081291599,366.476894778,365.547227308,366.476894778,11482.0
2021-12-10 14:30:00,366.496674937,366.81315748,366.180192394,366.654916208,17171.0
2021-12-10 14:45:00,366.615355891,366.664806288,365.898325129,366.664806288,8582.0
2021-12-10 15:00:00,366.763707083,366.80821244,366.080401492,366.298873347,8273.0
2021-12-10 15:15:00,366.160412235,367.1889805,365.853819771,367.169200341,14606.0
2021-12-10 15:30:00,366.981288831,367.604363838,366.951618593,367.58853971,24425.0
2021-12-10 15:45:00,367.460957685,367.483605967,366.951618593,367.36700193,36090.0
2021-12-10 16:00:00,367.322496573,367.767550149,366.763707083,366.81315748,60179.0
2021-12-10 16:15:00,366.981288831,366.981288831,366.981288831,366.981288831,10229.0
2021-12-10 17:00:00,367.020849149,367.020849149,367.020849149,367.020849149,366.0
2021-12-10 18:15:00,366.951618593,366.951618593,366.921948354,366.921948354,328.0
2021-12-13 09:30:00,364.627449917,366.99117891,364.627449917,366.981288831,839.0
2021-12-13 09:45:00,367.139530102,370.828529745,366.823047559,370.156004341,76978.0
2021-12-13 10:00:00,369.80985156,370.393366248,369.471610842,370.057103546,62792.0
2021-12-13 10:15:00,369.661500367,369.997763069,368.158208288,368.716997778,78053.0
2021-12-13 10:30:00,368.988974963,371.595010904,368.988974963,371.041166454,27265.0
2021-12-13 10:45:00,370.907650381,371.056001573,370.1757845,370.235124977,22925.0
2021-12-13 11:00:00,370.294465454,370.294465454,368.168098367,368.48458091,21431.0
2021-12-13 11:15:00,368.573591626,369.226336871,368.291724361,368.801063454,11844.0
2021-12-13 11:30:00,369.147216235,369.43402854,368.801063454,369.038425361,12241.0
2021-12-13 11:45:00,368.919744407,370.1757845,368.806008493,370.1757845,18651.0
2021-12-13 12:00:00,370.284575374,372.153800394,370.057103546,372.153800394,19362.0
2021-12-13 12:15:00,372.079624798,372.925226593,371.936218646,372.635743967,30185.0
2021-12-13 12:30:00,372.747205162,372.895556354,372.272481348,372.346656944,25664.0
2021-12-13 12:45:00,372.272481348,372.331821824,371.506000189,371.926328566,18399.0
2021-12-13 13:00:00,371.926328566,372.267536308,371.698856738,372.242811109,10247.0
2021-12-13 13:15:00,372.331821824,372.490063096,372.04006448,372.465337897,19307.0
2021-12-13 13:30:00,372.660963669,372.776875401,372.440612699,372.618634129,15015.0
2021-12-13 13:45:00,372.509843255,372.79665556,371.965888884,372.521315747,22935.0
2021-12-13 14:00:00,372.648304368,372.776875401,372.519733334,372.588963891,9427.0
2021-12-13 14:15:00,372.673029566,372.806446738,371.866988089,372.653249407,23722.0
2021-12-13 14:30:00,372.727425003,373.142808341,371.738417056,371.84720793,18264.0
2021-12-13 14:45:00,371.782922414,371.896658328,371.036221414,371.827427771,14785.0
2021-12-13 15:00:00,372.015339281,372.143910315,371.688966659,371.955998805,17233.0
2021-12-13 15:15:00,372.01138325,372.945006752,372.01138325,372.945006752,22298.0
2021-12-13 15:30:00,372.880721235,373.696652791,372.60874405,373.637312315,21863.0
2021-12-13 15:45:00,373.607642076,374.398848434,373.587861917,374.121926209,38806.0
2021-12-13 16:00:00,374.186211725,374.784561533,372.915336513,373.182368659,137436.0
2021-12-13 16:15:00,373.182368659,373.182368659,373.182368659,373.182368659,8923.0
2021-12-13 17:00:00,373.924124619,373.924124619,373.924124619,373.924124619,234.0
2021-12-13 19:15:00,373.924124619,373.924124619,373.924124619,373.924124619,100.0
2021-12-14 09:45:00,372.509843255,376.851588142,371.352703957,376.711445716,58381.0
2021-12-14 10:00:00,376.999939335,378.117518315,376.070271864,376.841698063,48355.0
2021-12-14 10:15:00,376.990049255,377.309993326,376.376864328,377.262026441,43858.0
2021-12-14 10:30:00,376.653786553,376.90103854,373.518631361,373.72632303,53259.0
2021-12-14 10:45:00,374.072475811,374.08731093,373.172478579,373.845003983,46576.0
2021-12-14 11:00:00,373.9092895,374.230717083,373.607642076,374.10214605,41901.0
2021-12-14 11:15:00,373.943904778,374.448298831,373.498851202,373.968629977,31621.0
2021-12-14 11:30:00,374.003245255,375.199944871,373.732257077,375.101044076,22338.0
2021-12-14 11:45:00,374.992253202,374.992253202,373.90434446,374.250497242,17970.0
2021-12-14 12:00:00,374.191156765,374.369178195,373.241709136,373.563136719,23706.0
2021-12-14 12:15:00,373.479071043,373.854894063,373.172478579,373.53841152,21554.0
2021-12-14 12:30:00,373.459290884,374.023025414,373.310939692,373.617532156,26591.0
2021-12-14 12:45:00,373.518631361,374.023025414,373.251599215,373.419730566,19479.0
2021-12-14 13:00:00,373.414785526,373.657092474,372.114240076,372.114240076,17290.0
2021-12-14 13:15:00,372.440612699,372.574128772,371.550505546,371.728526977,18056.0
2021-12-14 13:30:00,371.545560507,372.559293652,371.545560507,372.529623414,14342.0
2021-12-14 13:45:00,372.470282937,372.539513493,371.832372811,372.292261507,45918.0
2021-12-14 14:00:00,372.203250791,372.450403877,371.777977374,371.916438487,13465.0
2021-12-14 14:15:00,372.03511944,372.480173017,371.965888884,372.134020235,17597.0
2021-12-14 14:30:00,372.094459917,372.654535118,371.975778964,372.539513493,13007.0
2021-12-14 14:45:00,372.430722619,373.330719851,372.292261507,373.147753381,15129.0
2021-12-14 15:00:00,373.251599215,373.845003983,372.875776195,373.385115288,15236.0
2021-12-14 15:15:00,373.558191679,373.775773427,373.192258738,373.755993268,19516.0
2021-12-14 15:30:00,373.72632303,373.830168864,373.241709136,373.558191679,19600.0
2021-12-14 15:45:00,373.503796242,373.607642076,372.97962203,373.063687705,27792.0
2021-12-14 16:00:00,373.113138103,373.113138103,371.708746818,372.203250791,119091.0
2021-12-14 16:15:00,372.084569838,372.084569838,372.084569838,372.084569838,16043.0
2021-12-15 09:45:00,372.59885397,374.062585732,371.768087295,373.135786385,29592.0
2021-12-15 10:00:00,373.469180964,374.883363427,372.658194447,373.795553586,17048.0
2021-12-15 10:15:00,373.953794858,375.091153997,373.577971838,373.72632303,25695.0
2021-12-15 10:30:00,373.825223825,373.825223825,372.173580553,373.014237308,16884.0
2021-12-15 10:45:00,373.024127387,373.024127387,371.471384911,371.832471712,17158.0
2021-12-15 11:00:00,371.580175785,371.698856738,370.086773785,371.29336348,27767.0
2021-12-15 11:15:00,371.29336348,373.182368659,371.29336348,372.717534924,17796.0
2021-12-15 11:30:00,372.905446434,372.964786911,371.748307136,371.817537692,24240.0
2021-12-15 11:45:00,371.738417056,372.59390893,371.679076579,372.425777579,14865.0
2021-12-15 12:00:00,372.321931745,373.034017467,372.173580553,373.034017467,9894.0
2021-12-15 12:15:00,373.1625885,373.770828387,372.925226593,373.770828387,15776.0
2021-12-15 12:30:00,373.815333745,374.072475811,373.508741281,374.062585732,14327.0
2021-12-15 12:45:00,373.924124619,375.012033361,373.9092895,374.705440897,14505.0
2021-12-15 13:00:00,374.725221056,375.486757176,374.725221056,374.853792089,12987.0
2021-12-15 13:15:00,374.853792089,375.447196858,374.547199626,374.720276017,12022.0
2021-12-15 13:30:00,374.616430182,374.952692884,374.063179137,374.126871248,12087.0
2021-12-15 13:45:00,373.948849818,374.65104546,373.90434446,374.497749229,10428.0
2021-12-15 14:00:00,374.403793474,374.669144306,374.10214605,374.349398036,7900.0
2021-12-15 14:15:00,374.171376606,375.288955586,373.701597831,375.288955586,15560.0
2021-12-15 14:30:00,375.229615109,375.229615109,373.790608546,374.107091089,13639.0
2021-12-15 14:45:00,374.084838411,375.348296063,374.003245255,375.056538719,12995.0
2021-12-15 15:00:00,374.957637924,375.338405984,374.201046844,374.255442281,39998.0
2021-12-15 15:15:00,374.270277401,375.20983495,374.270277401,374.448298831,18870.0
2021-12-15 15:30:00,374.408738513,375.338405984,374.369178195,375.249395268,30981.0
2021-12-15 15:45:00,375.39774646,375.476867096,374.418628593,374.510111828,32070.0
2021-12-15 16:00:00,374.512584348,374.942802805,373.216983937,374.557089705,80970.0
2021-12-15 16:15:00,374.6559905,374.6559905,374.6559905,374.6559905,47523.0
2021-12-15 17:30:00,374.210936924,374.210936924,374.210936924,374.210936924,338.0
2021-12-16 09:45:00,376.010931387,377.316421878,375.719174043,376.495545282,28193.0
2021-12-16 10:00:00,376.416424646,377.662574659,376.347194089,376.71312703,14599.0
2021-12-16 10:15:00,377.27686156,378.691142924,376.653588751,377.870167427,31091.0
2021-12-16 10:30:00,377.336202037,378.008727441,376.455984964,376.960379017,19543.0
2021-12-16 10:45:00,376.51532544,377.444992911,376.070271864,377.019719493,29226.0
2021-12-16 11:00:00,376.930708778,376.980159176,376.129612341,376.960379017,19647.0
2021-12-16 11:15:00,377.355982195,378.859274275,377.202685964,378.181803831,17713.0
2021-12-16 11:30:00,378.325209984,378.38455046,376.51532544,376.881258381,33174.0
2021-12-16 11:45:00,377.08400501,378.137298474,376.782357586,377.346092116,19240.0
2021-12-16 12:00:00,377.26697148,377.291696679,376.376864328,376.940598858,15872.0
2021-12-16 12:15:00,376.960379017,377.222466123,375.041703599,376.446094884,38888.0
2021-12-16 12:30:00,376.475765123,376.866423262,375.575767891,375.902140513,29718.0
2021-12-16 12:45:00,375.753789321,376.723017109,375.753789321,376.71312703,30731.0
2021-12-16 13:00:00,376.475765123,377.138400447,375.555987732,376.614226235,16045.0
2021-12-16 13:15:00,376.742797268,377.187850844,376.198842897,376.33730401,14143.0
2021-12-16 13:30:00,376.1493925,376.33730401,375.20983495,375.575767891,27377.0
2021-12-16 13:45:00,375.77356948,376.060381785,375.338405984,375.546097652,16851.0
2021-12-16 14:00:00,375.615328209,376.287853613,375.373021262,376.188952818,12846.0
2021-12-16 14:15:00,376.198842897,376.465875043,375.546097652,376.34224905,20811.0
2021-12-16 14:30:00,376.34224905,377.069169891,376.34224905,376.436204805,20673.0
2021-12-16 14:45:00,376.436204805,376.451039924,374.764781374,374.992253202,28690.0
2021-12-16 15:00:00,374.972473043,375.091153997,373.399950407,373.775773427,17944.0
2021-12-16 15:15:00,373.963684937,374.497749229,373.370280169,373.469180964,21795.0
2021-12-16 15:30:00,373.469180964,375.704338924,373.469180964,375.298845666,19803.0
2021-12-16 15:45:00,375.506537334,375.506537334,374.339507957,374.339507957,29272.0
2021-12-16 16:00:00,374.186211725,375.20983495,373.449400805,374.596650023,75717.0
2021-12-16 16:15:00,374.557089705,374.557089705,374.557089705,374.557089705,5720.0
2021-12-17 09:45:00,375.308735745,376.317523851,373.627422235,374.596650023,111603.0
2021-12-17 10:00:00,374.700495858,374.700495858,372.391162301,372.559293652,15100.0
2021-12-17 10:15:00,372.747205162,374.532364507,372.747205162,374.532364507,22647.0
2021-12-17 10:30:00,374.032915493,375.353241103,373.765883348,374.982363123,18356.0
2021-12-17 10:45:00,375.313680785,375.58565797,374.685660738,375.58565797,23373.0
2021-12-17 11:00:00,375.654888527,376.357084169,375.229615109,375.387856381,22744.0
2021-12-17 11:15:00,375.338405984,375.892250434,374.319727798,375.662899491,18428.0
2021-12-17 11:30:00,375.788404599,376.241370239,375.368076222,376.094997063,15513.0
2021-12-17 11:45:00,375.842800036,376.104887142,374.398255029,374.566979785,12199.0
2021-12-17 12:00:00,374.487859149,374.735111136,373.72632303,374.735111136,13350.0
2021-12-17 12:15:00,374.616430182,374.616430182,373.360390089,373.91423454,12227.0
2021-12-17 12:30:00,373.696652791,374.497749229,373.399950407,374.497749229,12332.0
2021-12-17 12:45:00,374.497749229,375.03181352,374.369178195,374.834011931,14463.0
2021-12-17 13:00:00,374.982363123,375.061483758,374.418628593,374.606540103,13061.0
2021-12-17 13:15:00,374.507639308,374.745001215,373.587861917,373.587861917,18986.0
2021-12-17 13:30:00,373.746103189,375.03181352,373.696652791,374.883462328,24022.0
2021-12-17 13:45:00,375.061483758,375.516427414,374.641155381,375.348296063,15245.0
2021-12-17 14:00:00,375.486757176,376.085106984,375.457086937,375.907085553,12785.0
2021-12-17 14:15:00,376.050491705,376.060381785,374.10214605,374.418628593,15824.0
2021-12-17 14:30:00,374.379068275,375.081263917,374.359288116,374.448298831,27448.0
2021-12-17 14:45:00,374.47302403,374.616430182,373.518631361,373.815333745,24572.0
2021-12-17 15:00:00,373.934014699,374.700495858,373.785663507,374.700495858,15663.0
2021-12-17 15:15:00,374.834011931,375.051593679,374.201046844,374.715330977,21826.0
2021-12-17 15:30:00,374.675770659,374.913132566,374.388958354,374.507639308,16968.0
2021-12-17 15:45:00,374.547199626,374.735111136,373.657092474,373.943904778,30028.0
2021-12-17 16:00:00,374.141706368,374.240607162,372.999402189,373.301049613,123928.0
2021-12-17 16:15:00,373.310939692,373.310939692,373.310939692,373.310939692,41063.0
2021-12-20 04:15:00,373.320829772,373.320829772,373.320829772,373.320829772,201.0
2021-12-20 09:45:00,372.074679758,373.024127387,369.888972195,371.995559122,35979.0
2021-12-20 10:00:00,372.064789679,372.292261507,370.749409109,371.323033718,27619.0
2021-12-20 10:15:00,371.599955944,371.758197215,369.038425361,369.532929334,26310.0
2021-12-20 10:30:00,369.473588858,370.017543228,368.798492033,369.42413846,30367.0
2021-12-20 10:45:00,369.473588858,370.205454738,368.30655948,368.642822182,23747.0
2021-12-20 11:00:00,368.524141228,368.909854328,367.634034076,368.543921387,17029.0
2021-12-20 11:15:00,368.440075553,368.899964248,368.098867811,368.534031308,16546.0
2021-12-20 11:30:00,368.568646586,368.652712261,367.451067606,367.451067606,36262.0
2021-12-20 11:45:00,366.981288831,367.228540818,365.804369374,365.942830487,25942.0
2021-12-20 12:00:00,365.923050328,366.279093189,365.567007467,366.036786242,22162.0
2021-12-20 12:15:00,366.150522155,366.556015414,365.735138818,365.735138818,28704.0
2021-12-20 12:30:00,365.68568842,365.68568842,363.747232844,363.930199314,50696.0
2021-12-20 12:45:00,363.925254275,364.261516977,362.965916566,364.083495546,34584.0
2021-12-20 13:00:00,364.093385626,365.586787626,364.083495546,364.983492778,17866.0
2021-12-20 13:15:00,364.660087179,365.161514208,364.660087179,365.121953891,15111.0
2021-12-20 13:30:00,365.210964606,365.804369374,365.013163016,365.430919973,16410.0
2021-12-20 13:45:00,365.596677705,365.651073142,364.093385626,364.894482063,34477.0
2021-12-20 14:00:00,364.884591983,365.683018099,364.558219361,364.918317154,17079.0
2021-12-20 14:15:00,364.924152301,365.346458694,363.964814592,363.964814592,18528.0
2021-12-20 14:30:00,364.053825308,364.94393246,363.618661811,364.775801109,32054.0
2021-12-20 14:45:00,364.647230076,364.94393246,363.964814592,364.360417771,24859.0
2021-12-20 15:00:00,364.241736818,365.329645559,363.974704672,364.647230076,26294.0
2021-12-20 15:15:00,364.686790394,364.854921745,363.747232844,364.399978089,27941.0
2021-12-20 15:30:00,364.38019793,365.339535639,364.261516977,365.023053096,30991.0
2021-12-20 15:45:00,365.121953891,365.31975548,364.538439202,365.181294367,36800.0
2021-12-20 16:00:00,365.210964606,366.081291599,364.805471347,365.853819771,79617.0
2021-12-20 16:15:00,365.88349001,365.88349001,365.88349001,365.88349001,9364.0
2021-12-21 07:45:00,369.147216235,369.147216235,368.899964248,368.899964248,777.0
2021-12-21 09:15:00,368.405460275,368.405460275,368.405460275,368.405460275,100.0
2021-12-21 09:45:00,367.347221771,369.760401162,366.902168195,369.760401162,17286.0
2021-12-21 10:00:00,369.80985156,370.432926566,368.415350354,370.329080732,10808.0
2021-12-21 10:15:00,370.655453354,371.53478032,370.086773785,371.387319235,19034.0
2021-12-21 10:30:00,371.649406341,372.109987342,370.373586089,370.373586089,15954.0
2021-12-21 10:45:00,370.662079707,371.698856738,370.660398394,371.649406341,20093.0
2021-12-21 11:00:00,371.886768248,372.549403573,371.510945228,372.04500952,52919.0
2021-12-21 11:15:00,372.04500952,372.60874405,371.892998998,372.242811109,12608.0
2021-12-21 11:30:00,372.321931745,373.320829772,372.252701189,373.068632745,11063.0
2021-12-21 11:45:00,372.964786911,373.765883348,372.554150811,373.568081758,19881.0
2021-12-21 12:00:00,373.765883348,373.934014699,373.399950407,373.607543175,10478.0
2021-12-21 12:15:00,373.894454381,374.369178195,373.755993268,374.28016748,8598.0
2021-12-21 12:30:00,374.448298831,375.061483758,374.448298831,375.061483758,12542.0
2021-12-21 12:45:00,375.071373838,375.931810752,374.754891295,375.417526619,18291.0
2021-12-21 13:00:00,375.59060301,375.882360354,375.541152613,375.58565797,9810.0
2021-12-21 13:15:00,375.684558765,375.684558765,375.432361738,375.605438129,11814.0
2021-12-21 13:30:00,375.575767891,375.862580195,375.338504884,375.674668685,15484.0
2021-12-21 13:45:00,375.684558765,376.010931387,375.387856381,375.387856381,16346.0
2021-12-21 14:00:00,375.452141897,375.452141897,374.052695652,374.238728047,11272.0
2021-12-21 14:15:00,374.042805573,374.717803497,373.780718467,374.601595063,21068.0
2021-12-21 14:30:00,374.616430182,374.764781374,374.388958354,374.636210341,40419.0
2021-12-21 14:45:00,374.685660738,375.041703599,374.032915493,374.032915493,25598.0
2021-12-21 15:00:00,373.953794858,373.973575017,373.192258738,373.805443666,15888.0
2021-12-21 15:15:00,373.785663507,375.041703599,373.72632303,374.937857765,36197.0
2021-12-21 15:30:00,374.937857765,375.150494474,374.562034745,374.799396652,22925.0
2021-12-21 15:45:00,374.789506573,375.308735745,374.487859149,374.873572248,58002.0
2021-12-21 16:00:00,374.814231772,374.814231772,373.241709136,374.339507957,181308.0
2021-12-21 16:15:00,374.329617878,374.329617878,374.329617878,374.329617878,5606.0
2021-12-22 09:45:00,374.329617878,376.416424646,374.329617878,375.803239719,15521.0
2021-12-22 10:00:00,375.160384553,376.1493925,374.759836334,375.536207573,23391.0
2021-12-22 10:15:00,375.256911729,376.1493925,375.041703599,375.41010906,20759.0
2021-12-22 10:30:00,375.496647255,375.916975633,375.217747014,375.496647255,22669.0
2021-12-22 10:45:00,375.600493089,376.050491705,375.437306778,375.852690116,15621.0
2021-12-22 11:00:00,375.852690116,376.812027825,375.763679401,376.060381785,25602.0
2021-12-22 11:15:00,376.248293295,376.693346871,375.951590911,376.619171275,8349.0
2021-12-22 11:30:00,376.406534566,376.455984964,375.832909957,376.040601626,15339.0
2021-12-22 11:45:00,375.991151229,376.634006394,375.951590911,376.416424646,12605.0
2021-12-22 12:00:00,376.263128414,376.762577427,376.080161944,376.20408464,9845.0
2021-12-22 12:15:00,376.330479855,376.564775838,375.97137107,376.198842897,14819.0
2021-12-22 12:30:00,376.109832182,376.366974248,375.941700831,376.258183374,20655.0
2021-12-22 12:45:00,376.248293295,376.406534566,375.921920672,375.97137107,14466.0
2021-12-22 13:00:00,375.926865712,376.33730401,375.926865712,376.030019241,9207.0
2021-12-22 13:15:00,376.060381785,376.51532544,376.060381785,376.357084169,16304.0
2021-12-22 13:30:00,376.228513136,376.554885758,375.931810752,376.347194089,15236.0
2021-12-22 13:45:00,376.347194089,376.535105599,376.030711546,376.035656586,8532.0
2021-12-22 14:00:00,375.832909957,376.396644487,375.832909957,376.114777222,10292.0
2021-12-22 14:15:00,376.119722262,376.366974248,375.625218288,376.109832182,29801.0
2021-12-22 14:30:00,376.001041308,376.119722262,375.348296063,375.714229003,17021.0
2021-12-22 14:45:00,375.59060301,376.164227619,375.565877811,375.872470275,18497.0
2021-12-22 15:00:00,375.872470275,376.050491705,375.704338924,375.704338924,15952.0
2021-12-22 15:15:00,375.699393884,375.991151229,375.654888527,375.753789321,23249.0
2021-12-22 15:30:00,375.714229003,375.872470275,375.476867096,375.654888527,15323.0
2021-12-22 15:45:00,375.447196858,375.753789321,375.234560149,375.674668685,20489.0
2021-12-22 16:00:00,375.674668685,375.852690116,375.239505189,375.615328209,50003.0
2021-12-22 16:15:00,375.635108368,375.635108368,375.635108368,375.635108368,2593.0
2021-12-23 09:45:00,376.33730401,379.472459202,375.832909957,379.200482017,24202.0
2021-12-23 10:00:00,379.200482017,379.947183017,377.974112162,378.790043719,14632.0
2021-12-23 10:15:00,378.473561176,379.105240551,378.053232798,378.879054434,14955.0
2021-12-23 10:30:00,378.710923083,378.829604037,377.6427945,378.008727441,9989.0
2021-12-23 10:45:00,378.20652903,378.20652903,376.381809368,376.653786553,12031.0
2021-12-23 11:00:00,376.970269096,377.440047871,376.673566712,377.26697148,9149.0
2021-12-23 11:15:00,377.435102831,377.988947282,376.490600242,377.603234182,25059.0
2021-12-23 11:30:00,377.553783785,377.553783785,376.920818699,377.336202037,9116.0
2021-12-23 11:45:00,377.257081401,377.474663149,376.980159176,377.217521083,6917.0
2021-12-23 12:00:00,377.217521083,377.543893705,376.821917904,377.46477307,7066.0
2021-12-23 12:15:00,377.484553229,377.524113546,377.029609573,377.118620288,7162.0
2021-12-23 12:30:00,377.128510368,377.355982195,376.752687348,377.009829414,7683.0
2021-12-23 12:45:00,377.118620288,377.316421878,377.009829414,377.056510589,4725.0
2021-12-23 13:00:00,376.920818699,377.019719493,376.52027048,376.846643103,11310.0
2021-12-23 13:15:00,377.029609573,377.133455407,376.673566712,377.069169891,9561.0
2021-12-23 13:30:00,377.108730209,377.163125646,376.554885758,376.752687348,13139.0
2021-12-23 13:45:00,376.851588142,377.029609573,376.673566712,377.029609573,15002.0
2021-12-23 14:00:00,376.89114846,377.573563944,376.89114846,377.39880624,11358.0
2021-12-23 14:15:00,377.375762354,377.65268458,377.217521083,377.425212752,7532.0
2021-12-23 14:30:00,377.346092116,377.998837361,377.346092116,377.801035772,26296.0
2021-12-23 14:45:00,377.712025056,377.810925851,377.415322672,377.502553173,10477.0
2021-12-23 15:00:00,377.514223467,377.850486169,377.504333388,377.726860176,9662.0
2021-12-23 15:15:00,377.712025056,377.751585374,377.316421878,377.346092116,13984.0
2021-12-23 15:30:00,377.257081401,377.6427945,376.990049255,377.6427945,10692.0
2021-12-23 15:45:00,377.553783785,377.741695295,377.286751639,377.543893705,24689.0
2021-12-23 16:00:00,377.568618904,378.008727441,376.782357586,377.08895005,62857.0
2021-12-23 16:15:00,376.980159176,377.405432593,376.980159176,377.405432593,55550.0
2021-12-27 09:45:00,377.296641719,377.850486169,376.999939335,377.207631003,14320.0
2021-12-27 10:00:00,378.097738156,378.987845308,377.175982749,377.484553229,9726.0
2021-12-27 10:15:00,377.988947282,378.176858792,377.405432593,377.405432593,4005.0
2021-12-27 10:30:00,377.435102831,378.315319904,377.435102831,377.84059609,9952.0
2021-12-27 10:45:00,377.949386964,378.226309189,377.346092116,378.166968712,9107.0
2021-12-27 11:00:00,378.265869507,378.305429825,377.514223467,378.068067917,16143.0
2021-12-27 11:15:00,378.087848076,378.849384196,377.979057202,378.641692527,5177.0
2021-12-27 11:30:00,378.404330619,379.047185785,378.404330619,378.849384196,8148.0
2021-12-27 11:45:00,378.837812803,379.601030235,378.837812803,379.363668328,10976.0
2021-12-27 12:00:00,379.492239361,379.561469917,378.968065149,379.5219096,6258.0
2021-12-27 12:15:00,379.33399809,379.588272033,379.116416341,379.502129441,7620.0
2021-12-27 12:30:00,379.477404242,379.848282222,379.477404242,379.680150871,5633.0
2021-12-27 12:45:00,379.413118725,379.766689066,379.343888169,379.581250076,5937.0
2021-12-27 13:00:00,379.51953598,379.709821109,379.284547692,379.502129441,5293.0
2021-12-27 13:15:00,379.531799679,379.739491348,379.180701858,379.739491348,5476.0
2021-12-27 13:30:00,379.749381427,379.749381427,379.531799679,379.561469917,8019.0
2021-12-27 13:45:00,379.640590553,379.917512778,379.581250076,379.917512778,7990.0
2021-12-27 14:00:00,379.966963176,380.016413573,379.51201952,379.769161586,12720.0
2021-12-27 14:15:00,379.640590553,380.026303653,379.630700474,379.868062381,6680.0
2021-12-27 14:30:00,379.749381427,380.204226182,379.690040951,380.154874686,4942.0
2021-12-27 14:45:00,380.204325083,380.313115957,379.976853255,380.006523494,10601.0
2021-12-27 15:00:00,380.095534209,380.144984606,379.680150871,379.818611984,9096.0
2021-12-27 15:15:00,379.729601268,379.88784254,379.353778249,379.779051666,6911.0
2021-12-27 15:30:00,379.709821109,379.897732619,379.393338566,379.818611984,8844.0
2021-12-27 15:45:00,379.818611984,379.937292937,379.437843924,379.907622699,18500.0
2021-12-27 16:00:00,379.937292937,380.590038182,379.798831825,379.986743335,69254.0
2021-12-27 16:15:00,379.986743335,379.986743335,379.986743335,379.986743335,5146.0
2021-12-28 09:30:00,379.32410801,379.32410801,379.32410801,379.32410801,206.0
2021-12-28 09:45:00,378.493341335,382.340582249,377.805980811,382.301021931,13465.0
2021-12-28 10:00:00,381.93508899,382.296076891,381.494980454,382.033989785,6418.0
2021-12-28 10:15:00,381.766957639,382.49882352,381.218058229,382.016088741,10625.0
2021-12-28 10:30:00,382.063660023,382.419702884,381.618606447,381.846078275,8206.0
2021-12-28 10:45:00,381.668056845,382.103220341,381.608716368,381.855968355,7101.0
2021-12-28 11:00:00,382.048824904,382.350472328,381.786737798,382.063660023,4332.0
2021-12-28 11:15:00,382.043879864,382.676844951,382.043879864,382.558163997,7323.0
2021-12-28 11:30:00,383.112008447,383.468051308,382.741130467,383.468051308,7849.0
2021-12-28 11:45:00,383.482886427,383.680688017,383.181239004,383.210909242,7682.0
2021-12-28 12:00:00,383.408710831,383.646072739,383.161458845,383.364205474,8318.0
2021-12-28 12:15:00,383.369150514,383.557062023,382.765855666,383.210909242,5680.0
2021-12-28 12:30:00,383.171348924,383.230689401,382.256516573,382.533438798,7681.0
2021-12-28 12:45:00,382.627394553,382.844976302,382.370252487,382.755965586,4856.0
2021-12-28 13:00:00,382.755965586,383.032887812,382.409812805,382.828360968,5479.0
2021-12-28 13:15:00,382.805415984,383.022997732,382.652119752,382.953767176,3848.0
2021-12-28 13:30:00,383.077393169,383.2554146,382.87464654,382.87464654,4119.0
2021-12-28 13:45:00,382.894426699,382.983437414,382.49753781,382.612559434,5950.0
2021-12-28 14:00:00,382.602669355,382.904316778,382.483988401,382.627394553,8445.0
2021-12-28 14:15:00,382.637284633,382.68673503,381.74717748,381.875748513,6943.0
2021-12-28 14:30:00,381.954869149,382.396560098,381.613661408,381.613661408,4963.0
2021-12-28 14:45:00,381.539485811,381.717507242,381.114212394,381.648276686,8340.0
2021-12-28 15:00:00,381.524650692,381.75706756,381.331794143,381.677946924,7466.0
2021-12-28 15:15:00,381.519705653,382.073550103,381.133992553,382.033989785,11360.0
2021-12-28 15:30:00,381.974649308,382.207066176,381.494980454,381.796627878,10656.0
2021-12-28 15:45:00,381.628496527,381.727397321,380.921355845,381.18838799,20596.0
2021-12-28 16:00:00,381.262563586,381.796627878,380.857070328,381.401024699,51249.0
2021-12-28 16:15:00,381.094432235,381.094432235,381.094432235,381.094432235,3680.0
2021-12-29 09:45:00,381.094432235,382.496548802,379.996633414,382.024099706,11156.0
2021-12-29 10:00:00,381.781792759,381.781792759,380.599928262,381.262563586,9954.0
2021-12-29 10:15:00,381.103432208,381.262563586,380.342786196,381.153772712,12710.0
2021-12-29 10:30:00,381.449486088,381.885638593,380.07575405,380.105424288,8182.0
2021-12-29 10:45:00,380.184544924,380.797729851,380.111160534,380.44168699,8540.0
2021-12-29 11:00:00,380.397181633,381.173552871,380.224105242,380.293335798,11033.0
2021-12-29 11:15:00,380.847180249,380.847180249,380.184544924,380.758169533,3551.0
2021-12-29 11:30:00,381.173552871,381.173552871,380.550477864,380.550477864,3536.0
2021-12-29 11:45:00,380.342885096,380.965861202,380.342885096,380.886740566,4924.0
2021-12-29 12:00:00,380.777949692,381.38124454,380.698829056,380.842235209,8409.0
2021-12-29 12:15:00,380.975751282,380.975751282,380.412016752,380.412016752,4861.0
2021-12-29 12:30:00,380.194435003,380.570258023,380.174654845,380.570258023,8515.0
2021-12-29 12:45:00,381.109267355,381.277398706,380.911465765,381.094432235,8275.0
2021-12-29 13:00:00,381.163662792,381.351574302,380.906520725,381.148827672,11232.0
2021-12-29 13:15:00,381.183442951,381.232893348,380.6295985,380.847180249,7800.0
2021-12-29 13:30:00,380.738389374,381.242783427,380.570258023,381.203223109,7486.0
2021-12-29 13:45:00,381.074652076,381.351475401,380.985641361,380.985641361,9888.0
2021-12-29 14:00:00,381.143882633,381.302123904,380.857070328,381.292233825,7018.0
2021-12-29 14:15:00,381.232893348,381.341684222,380.797729851,381.292233825,9631.0
2021-12-29 14:30:00,381.292233825,381.440585017,380.758169533,381.158717752,7511.0
2021-12-29 14:45:00,381.084542156,381.143882633,380.738389374,380.985641361,4187.0
2021-12-29 15:00:00,381.00542152,381.054871917,380.609818341,380.787839772,10028.0
2021-12-29 15:15:00,380.81751001,381.440585017,380.718609215,381.440585017,11533.0
2021-12-29 15:30:00,381.440585017,381.490035414,381.054871917,381.485090374,12704.0
2021-12-29 15:45:00,381.549375891,381.568167042,380.946081043,381.084542156,17576.0
2021-12-29 16:00:00,381.044981838,381.242783427,380.619708421,380.758169533,47865.0
2021-12-29 16:15:00,380.758169533,380.758169533,380.758169533,380.758169533,2051.0
2021-12-30 09:45:00,381.509815573,383.468051308,380.392236593,382.805415984,16247.0
2021-12-30 10:00:00,382.014209626,382.87464654,381.826298116,382.212011215,14172.0
2021-12-30 10:15:00,382.113110421,382.390032646,381.717507242,382.32080209,13112.0
2021-12-30 10:30:00,381.964759229,382.162560818,381.205695629,381.608716368,13587.0
2021-12-30 10:45:00,381.677946924,382.073550103,381.410914778,381.786737798,10490.0
2021-12-30 11:00:00,381.905418752,381.974649308,381.588936209,381.677946924,17069.0
2021-12-30 11:15:00,381.677946924,381.816408037,381.213113189,381.252673507,6089.0
2021-12-30 11:30:00,381.074652076,381.331794143,380.995531441,381.084542156,8505.0
2021-12-30 11:45:00,381.094432235,381.707617162,381.054871917,381.292233825,16384.0
2021-12-30 12:00:00,381.341684222,381.707617162,381.310431571,381.310431571,6287.0
2021-12-30 12:15:00,381.223003268,381.331794143,381.104322315,381.173552871,5851.0
2021-12-30 12:30:00,381.410914778,381.450475096,381.227354903,381.341684222,4787.0
2021-12-30 12:45:00,381.430694937,381.618606447,381.152091399,381.450475096,8273.0
2021-12-30 13:00:00,381.514760613,381.766957639,381.460365176,381.677946924,5370.0
2021-12-30 13:15:00,381.668056845,381.697727083,381.460365176,381.638386606,6783.0
2021-12-30 13:30:00,381.74717748,381.74717748,381.213113189,381.262563586,5849.0
2021-12-30 13:45:00,381.331794143,381.677946924,381.272453666,381.677946924,12998.0
2021-12-30 14:00:00,381.737287401,381.94497907,381.440585017,381.440585017,9646.0
2021-12-30 14:15:00,381.529595732,381.964759229,381.519705653,381.964759229,6609.0
2021-12-30 14:30:00,381.865858434,382.31091201,381.776847719,382.231791374,5189.0
2021-12-30 14:45:00,382.172450898,382.360362408,382.103220341,382.32080209,5753.0
2021-12-30 15:00:00,382.251571533,382.577944156,382.251571533,382.32080209,5124.0
2021-12-30 15:15:00,382.241681454,382.854866381,382.093429163,382.775745745,14449.0
2021-12-30 15:30:00,382.844976302,382.933987017,382.330692169,382.449373123,13564.0
2021-12-30 15:45:00,382.32080209,382.350472328,381.509815573,381.509815573,19945.0
2021-12-30 16:00:00,381.519705653,381.549375891,379.976853255,380.431796911,62919.0
2021-12-30 16:15:00,380.303225878,380.303225878,380.303225878,380.303225878,3542.0
2021-12-31 09:45:00,379.788941745,381.401024699,379.788941745,380.501027467,9941.0
2021-12-31 10:00:00,380.25377548,380.876850487,379.803776864,379.907622699,8808.0
2021-12-31 10:15:00,379.907622699,381.312013984,379.907622699,380.995531441,26385.0
2021-12-31 10:30:00,380.718609215,381.223003268,380.278500679,381.223003268,8742.0
2021-12-31 10:45:00,381.183442951,381.183442951,379.764216547,380.293335798,8114.0
2021-12-31 11:00:00,380.278500679,381.272453666,380.278500679,381.272453666,8086.0
2021-12-31 11:15:00,381.223003268,381.634034971,380.501027467,381.375607195,4865.0
2021-12-31 11:30:00,381.420804858,381.579046129,380.402126672,380.402126672,5177.0
2021-12-31 11:45:00,380.6295985,381.203223109,380.44168699,381.19333303,5337.0
2021-12-31 12:00:00,381.143882633,381.183442951,380.575203063,380.575203063,4815.0
2021-12-31 12:15:00,380.768059613,380.797729851,379.987831243,380.283445719,12469.0
2021-12-31 12:30:00,380.06586397,381.035091758,380.06586397,380.777949692,8357.0
2021-12-31 12:45:00,380.560367944,381.599716395,380.560367944,381.420804858,7156.0
2021-12-31 13:00:00,381.440585017,382.073550103,381.178497911,382.073550103,6377.0
2021-12-31 13:15:00,381.855968355,382.261461613,381.658166765,382.014209626,9315.0
2021-12-31 13:30:00,381.816408037,382.152670739,381.811462997,382.152670739,3705.0
2021-12-31 13:45:00,382.182340977,382.271351692,381.470255255,381.865858434,11605.0
2021-12-31 14:00:00,381.499925494,382.216956255,381.499925494,381.865858434,9381.0
2021-12-31 14:15:00,382.261461613,382.726295348,382.1230005,382.399922725,10893.0
2021-12-31 14:30:00,382.765855666,382.765855666,382.1230005,382.716405268,7997.0
2021-12-31 14:45:00,382.844976302,383.102118368,382.711460229,382.711460229,10243.0
2021-12-31 15:00:00,382.627394553,382.844976302,382.301021931,382.538383838,6891.0
2021-12-31 15:15:00,382.69662511,383.082338209,382.558163997,382.820251103,9855.0
2021-12-31 15:30:00,382.963657255,383.80925905,382.815306063,383.566952103,12952.0
2021-12-31 15:45:00,383.418600911,383.942775123,383.146623725,383.655962818,17538.0
2021-12-31 16:00:00,383.537281865,383.735083454,382.479043361,382.953767176,65748.0
2021-12-31 16:15:00,382.815306063,382.815306063,382.815306063,382.815306063,4766.0
2022-01-03 08:15:00,390.757039878,390.757039878,390.757039878,390.757039878,101.0
2022-01-03 09:30:00,382.577944156,382.577944156,381.974649308,381.974649308,631.0
2022-01-03 09:45:00,382.69662511,383.80431401,381.816408037,382.736185427,17929.0
2022-01-03 10:00:00,382.13289058,383.383985633,380.372456434,382.597724315,15034.0
2022-01-03 10:15:00,382.953767176,382.953767176,379.986743335,381.272453666,13506.0
2022-01-03 10:30:00,380.946081043,381.93508899,380.758169533,381.93508899,17921.0
2022-01-03 10:45:00,381.855968355,381.855968355,379.808721904,380.866960407,20033.0
2022-01-03 11:00:00,380.491137388,381.460365176,379.754326467,381.064761997,13234.0
2022-01-03 11:15:00,380.362566354,380.679048898,379.601030235,379.828502063,14540.0
2022-01-03 11:30:00,380.07575405,380.233995321,379.571359997,379.996633414,10073.0
2022-01-03 11:45:00,379.976853255,380.085644129,378.916438934,379.749381427,14029.0
2022-01-03 12:00:00,379.838392143,380.164764765,379.472459202,380.041138772,7201.0
2022-01-03 12:15:00,379.897732619,380.293335798,379.620810394,379.655425672,12322.0
2022-01-03 12:30:00,379.610920315,380.055973891,379.442788964,379.556524878,12593.0
2022-01-03 12:45:00,379.630700474,379.957073096,379.403228646,379.482349282,3960.0
2022-01-03 13:00:00,379.472459202,379.472459202,378.581560843,378.581560843,11903.0
2022-01-03 13:15:00,378.701033003,378.94828499,378.532901652,378.94828499,8449.0
2022-01-03 13:30:00,378.918614752,379.254877454,378.918614752,379.086746103,7351.0
2022-01-03 13:45:00,379.076856023,379.155976659,378.656527646,379.027405626,10799.0
2022-01-03 14:00:00,378.94828499,379.630700474,378.790043719,379.630700474,8968.0
2022-01-03 14:15:00,379.675205831,380.580148103,379.413118725,380.154874686,10179.0
2022-01-03 14:30:00,380.051028851,380.174654845,379.779051666,379.978336767,10013.0
2022-01-03 14:45:00,380.016413573,380.243885401,379.620810394,380.130149487,25341.0
2022-01-03 15:00:00,380.130149487,380.163775757,379.897732619,380.095534209,9898.0
2022-01-03 15:15:00,380.243885401,380.421906831,379.937292937,379.937292937,13918.0
2022-01-03 15:30:00,379.973490628,380.525752666,379.769161586,380.357621315,19254.0
2022-01-03 15:45:00,380.471357229,380.926300884,379.838392143,379.976853255,20607.0
2022-01-03 16:00:00,379.912567739,381.465310215,379.912567739,381.312013984,73929.0
2022-01-03 16:15:00,381.292233825,381.292233825,381.292233825,381.292233825,25806.0
2022-01-04 09:45:00,383.280139798,385.337177427,383.280139798,384.912002911,15564.0
2022-01-04 10:00:00,384.462004295,386.553756103,384.105961434,386.108702527,17494.0
2022-01-04 10:15:00,385.901010858,387.493313653,385.901010858,387.483423573,15347.0
2022-01-04 10:30:00,387.54276405,387.54276405,386.731777533,387.384522779,15302.0
2022-01-04 10:45:00,387.196611269,387.839466434,386.252108679,387.631774765,24343.0
2022-01-04 11:00:00,387.582324368,389.599801679,387.305402143,389.159792043,20035.0
2022-01-04 11:15:00,388.947155335,390.549249308,388.907595017,389.926273202,13521.0
2022-01-04 11:30:00,389.876822805,390.054844236,389.184517242,389.461439467,12167.0
2022-01-04 11:45:00,389.500999785,389.59990058,388.966935494,389.357593633,8851.0
2022-01-04 12:00:00,389.629570818,390.470227573,389.619680739,390.035064077,10362.0
2022-01-04 12:15:00,390.193305348,390.658139083,389.748251772,390.242755745,13282.0
2022-01-04 12:30:00,390.420777176,391.46418056,390.193305348,391.258466907,14084.0
2022-01-04 12:45:00,391.192203375,391.320774408,390.544403169,391.300994249,17370.0
2022-01-04 13:00:00,391.024072024,391.993299812,390.865830752,391.993299812,19287.0
2022-01-04 13:15:00,391.943849414,392.512528984,391.528466077,392.512528984,19840.0
2022-01-04 13:30:00,392.507583944,392.59164962,391.914179176,392.204551909,16545.0
2022-01-04 13:45:00,392.136705964,392.275167077,391.122972818,391.993299812,15532.0
2022-01-04 14:00:00,391.701542467,392.309782355,391.676817269,391.736157746,10135.0
2022-01-04 14:15:00,392.052640289,392.522419063,391.45923552,391.45923552,16812.0
2022-01-04 14:30:00,391.686707348,392.507583944,391.409785123,392.339452593,19146.0
2022-01-04 14:45:00,392.369122832,392.942747441,392.161431163,392.744945852,32338.0
2022-01-04 15:00:00,392.848791686,393.476811732,392.76472601,393.288900222,14870.0
2022-01-04 15:15:00,393.269713468,393.283955183,392.223540862,392.616374818,19972.0
2022-01-04 15:30:00,392.626264898,392.723978883,392.179925611,392.290002196,24892.0
2022-01-04 15:45:00,392.260331957,392.428463308,391.894399017,392.388902991,67868.0
2022-01-04 16:00:00,392.517474024,393.189999428,392.423518269,392.636154977,114337.0
2022-01-04 16:15:00,392.626264898,392.626264898,392.626264898,392.626264898,5356.0
2022-01-04 16:45:00,392.626264898,392.626264898,392.626264898,392.626264898,24872.0
2022-01-04 19:30:00,393.615272845,393.615272845,393.615272845,393.615272845,200.0
2022-01-05 06:15:00,390.549348209,390.549348209,390.549348209,390.549348209,126.0
2022-01-05 09:15:00,390.549348209,390.549348209,390.549348209,390.549348209,100.0
2022-01-05 09:30:00,389.540560103,390.222975587,389.540560103,390.114184712,1302.0
2022-01-05 09:45:00,386.741667613,389.896602964,385.891120778,389.22407756,39214.0
2022-01-05 10:00:00,389.817482328,390.044954156,387.958147388,388.986715653,32693.0
2022-01-05 10:15:00,389.138033869,389.138033869,387.572434288,388.640562871,28540.0
2022-01-05 10:30:00,388.492211679,391.132862898,388.492211679,391.09330258,31352.0
2022-01-05 10:45:00,390.71747956,390.71747956,388.610892633,389.446604348,26431.0
2022-01-05 11:00:00,389.639460898,390.618578765,389.639460898,389.995503759,19196.0
2022-01-05 11:15:00,390.143854951,391.350444646,389.520779944,391.350444646,25406.0
2022-01-05 11:30:00,391.291104169,391.528466077,390.242755745,390.574073408,19030.0
2022-01-05 11:45:00,390.569128368,391.27132401,390.569128368,391.068577381,14693.0
2022-01-05 12:00:00,391.014181944,391.503740878,390.944951388,391.503740878,10475.0
2022-01-05 12:15:00,391.548246236,391.884508938,391.290609665,391.884508938,14472.0
2022-01-05 12:30:00,392.031475519,392.863626805,391.825168461,392.804286328,16705.0
2022-01-05 12:45:00,392.883406964,394.277908169,392.730110732,394.277908169,25031.0
2022-01-05 13:00:00,394.129556977,394.347138726,393.51637205,394.248237931,26390.0
2022-01-05 13:15:00,394.060326421,394.431204401,393.793294275,393.991095865,27102.0
2022-01-05 13:30:00,393.971315706,394.245864312,393.224614706,393.471866693,32795.0
2022-01-05 13:45:00,393.457031573,394.357028805,393.392746057,394.040546262,17999.0
2022-01-05 14:00:00,394.104831779,395.098784765,394.104831779,394.999883971,16825.0
2022-01-05 14:15:00,394.965268693,395.172960362,393.684503401,393.793294275,46308.0
2022-01-05 14:30:00,393.536152209,394.490544878,393.219669666,393.555932368,45684.0
2022-01-05 14:45:00,393.51637205,393.654833163,392.03286013,392.527364103,36153.0
2022-01-05 15:00:00,392.428463308,392.576814501,391.795498222,392.418573229,28986.0
2022-01-05 15:15:00,392.319672434,392.977362719,391.548246236,391.548246236,26125.0
2022-01-05 15:30:00,391.696597428,392.918022242,390.964731547,392.58175954,32584.0
2022-01-05 15:45:00,392.448243467,392.596594659,391.716377587,391.879563898,38833.0
2022-01-05 16:00:00,391.854838699,392.072420448,389.688911295,390.697699401,183432.0
2022-01-05 16:15:00,390.648249004,392.416990816,390.648249004,392.416990816,18371.0
2022-01-05 19:45:00,390.648249004,390.648249004,390.648249004,390.648249004,100.0
2022-01-06 09:45:00,393.189999428,394.63395103,390.71747956,391.28121409,35054.0
2022-01-06 10:00:00,390.954841467,393.051538315,390.064734315,392.725165693,56982.0
2022-01-06 10:15:00,392.814176408,393.194944467,392.067475408,393.194944467,26339.0
2022-01-06 10:30:00,393.130658951,393.130658951,391.65703711,392.230661719,16503.0
2022-01-06 10:45:00,392.299892275,395.435047467,392.299892275,395.435047467,23710.0
2022-01-06 11:00:00,395.405377229,395.405377229,393.981205785,394.134502017,26790.0
2022-01-06 11:15:00,394.149337136,394.149337136,392.225716679,393.125713911,26018.0
2022-01-06 11:30:00,393.209779587,393.466921653,392.695495454,393.15043911,16204.0
2022-01-06 11:45:00,393.14054903,393.911975229,392.735055772,392.992197838,37725.0
2022-01-06 12:00:00,392.873516885,392.908132163,392.191101401,392.438353388,22518.0
2022-01-06 12:15:00,392.438353388,392.95263752,392.161431163,392.671462561,18898.0
2022-01-06 12:30:00,392.621319858,394.179007375,392.621319858,394.179007375,11070.0
2022-01-06 12:45:00,394.436149441,395.029554209,394.179007375,394.861422858,23802.0
2022-01-06 13:00:00,394.881203017,394.881203017,394.315490471,394.564720474,9070.0
2022-01-06 13:15:00,394.564720474,394.970213732,394.342193686,394.891093097,15797.0
2022-01-06 13:30:00,394.792192302,395.029554209,394.45098456,394.940939097,16281.0
2022-01-06 13:45:00,394.950433573,395.242190918,394.688346467,395.054279408,23804.0
2022-01-06 14:00:00,394.989993891,395.19768556,394.732851825,395.098784765,21161.0
2022-01-06 14:15:00,395.108674845,395.108674845,393.209779587,393.209779587,26979.0
2022-01-06 14:30:00,393.100988712,393.758678997,392.883406964,393.209779587,17630.0
2022-01-06 14:45:00,393.451888732,393.946590507,393.130658951,393.822964514,11649.0
2022-01-06 15:00:00,393.872414911,394.089996659,393.536152209,393.664723242,16510.0
2022-01-06 15:15:00,393.531207169,393.852634752,393.224614706,393.224614706,37862.0
2022-01-06 15:30:00,393.279010143,393.783404196,392.596594659,393.506481971,25773.0
2022-01-06 15:45:00,393.51637205,393.946590507,393.031758156,393.724063719,28525.0
2022-01-06 16:00:00,393.654833163,393.674613322,392.903187123,392.913077203,63324.0
2022-01-06 16:15:00,392.903187123,392.903187123,392.903187123,392.903187123,9056.0
2022-01-06 16:30:00,392.903187123,392.903187123,392.903187123,392.903187123,441.0
2022-01-07 09:45:00,393.941645467,394.614170871,391.726267666,394.287798249,52903.0
2022-01-07 10:00:00,394.544940315,395.034499249,393.531207169,394.000985944,11786.0
2022-01-07 10:15:00,394.554830395,395.069114527,393.34952641,394.742741905,15180.0
2022-01-07 10:30:00,394.772412143,396.12735303,394.663621269,395.266916116,44792.0
2022-01-07 10:45:00,395.044389328,395.177905401,393.664723242,394.099886739,32413.0
2022-01-07 11:00:00,394.297688328,395.088894686,393.71417364,394.82186254,19614.0
2022-01-07 11:15:00,394.900983176,396.424945522,394.900983176,395.474607785,29970.0
2022-01-07 11:30:00,395.603178818,395.909771282,393.71417364,394.277908169,18603.0
2022-01-07 11:45:00,393.971315706,395.079004607,393.798239315,394.989993891,24423.0
2022-01-07 12:00:00,394.871312938,395.830650646,394.653731189,395.637794097,20028.0
2022-01-07 12:15:00,395.435047467,396.32515462,395.435047467,395.959221679,17794.0
2022-01-07 12:30:00,396.157023269,396.216363746,395.39548715,395.820760567,9875.0
2022-01-07 12:45:00,395.741639931,395.964166719,395.38065203,395.870210964,8952.0
2022-01-07 13:00:00,396.028452236,396.028452236,394.851532779,395.563618501,13538.0
2022-01-07 13:15:00,395.613068898,395.815815527,395.355926832,395.692189534,17581.0
2022-01-07 13:30:00,395.632849057,395.800980408,395.098784765,395.791090328,23853.0
2022-01-07 13:45:00,395.840540726,395.988891918,395.247135958,395.57350858,11925.0
2022-01-07 14:00:00,395.771310169,396.246033984,395.57350858,395.820760567,10415.0
2022-01-07 14:15:00,395.880101044,396.364714938,395.880101044,396.018562156,10776.0
2022-01-07 14:30:00,396.018562156,396.13724311,395.177905401,395.217465719,18477.0
2022-01-07 14:45:00,395.346036752,395.711969693,395.079004607,395.553728421,20147.0
2022-01-07 15:00:00,395.514168103,395.830650646,395.247135958,395.57350858,21949.0
2022-01-07 15:15:00,395.524058183,395.682299454,395.306476434,395.306476434,17915.0
2022-01-07 15:30:00,395.336146673,396.740537958,395.19768556,396.740537958,39724.0
2022-01-07 15:45:00,396.493285971,396.498231011,395.682299454,395.9493316,26516.0
2022-01-07 16:00:00,395.959221679,396.260869103,395.662519295,396.107572871,135478.0
2022-01-07 16:15:00,396.018562156,396.018562156,396.018562156,396.018562156,9348.0
2022-01-07 17:30:00,396.968009785,396.987789944,396.968009785,396.987789944,858.0
2022-01-10 05:30:00,398.57020266,398.57020266,398.57020266,398.57020266,121.0
2022-01-10 07:15:00,398.837234805,398.837234805,398.837234805,398.837234805,315.0
2022-01-10 09:45:00,400.548218554,402.031730474,398.085588766,401.87437931,48381.0
2022-01-10 10:00:00,401.260304276,402.367993176,400.330636805,401.972389997,42271.0
2022-01-10 10:15:00,401.9229396,401.992170156,398.9361356,399.064706633,33420.0
2022-01-10 10:30:00,399.331738779,399.331738779,396.839438752,397.432843521,28140.0
2022-01-10 10:45:00,397.511964156,397.897677256,395.632849057,396.246924091,60317.0
2022-01-10 11:00:00,395.979001838,396.621857004,395.227157997,396.181748467,29834.0
2022-01-10 11:15:00,396.186693507,396.631747083,395.622958977,396.32515462,39410.0
2022-01-10 11:30:00,396.250979024,396.250979024,394.851532779,395.346135653,26851.0
2022-01-10 11:45:00,395.524058183,395.988891918,395.044389328,395.791090328,31063.0
2022-01-10 12:00:00,395.919661362,396.611966924,395.603178818,396.424055415,21312.0
2022-01-10 12:15:00,396.414165335,396.958119706,396.147133189,396.611966924,56675.0
2022-01-10 12:30:00,396.641637163,397.749326064,396.592186766,397.561414554,75247.0
2022-01-10 12:45:00,397.373503044,397.699875666,397.180646494,397.294382408,26812.0
2022-01-10 13:00:00,397.190536573,397.876908089,397.121306017,397.876908089,41963.0
2022-01-10 13:15:00,397.887787176,398.639433216,397.826468683,398.56031258,30510.0
2022-01-10 13:30:00,398.619653057,398.643883752,397.897677256,397.897677256,17777.0
2022-01-10 13:45:00,398.154819322,398.164709401,397.531744315,397.739435984,11294.0
2022-01-10 14:00:00,398.046028448,398.629543136,397.699875666,398.550422501,13946.0
2022-01-10 14:15:00,398.530642342,398.688883613,398.340752816,398.629543136,23551.0
2022-01-10 14:30:00,398.669103454,398.718553852,398.144929242,398.520752262,15014.0
2022-01-10 14:45:00,398.514818215,398.514818215,397.660315348,398.224049878,16254.0
2022-01-10 15:00:00,398.224049878,398.436686587,397.289437368,397.62075503,11381.0
2022-01-10 15:15:00,397.759216143,397.759216143,397.225151852,397.403173282,32656.0
2022-01-10 15:30:00,397.472403838,397.516909196,396.488340931,397.284492328,21035.0
2022-01-10 15:45:00,397.175701454,397.561414554,396.760318117,397.027350262,28147.0
2022-01-10 16:00:00,396.987789944,397.917457415,396.829548673,397.848226858,133801.0
2022-01-10 16:15:00,397.80866654,397.80866654,397.80866654,397.80866654,5737.0
2022-01-10 16:30:00,396.018575013,396.018575013,396.018575013,396.018575013,576.0
2022-01-10 17:00:00,397.017460183,397.017460183,397.017460183,397.017460183,178.0
2022-01-11 09:45:00,393.32846054,396.977899865,391.152643057,395.494387944,28505.0
2022-01-11 10:00:00,394.44603952,396.196583587,394.000985944,395.069114527,43252.0
2022-01-11 10:15:00,395.217465719,395.346036752,391.449345441,392.843846646,29924.0
2022-01-11 10:30:00,392.665825216,393.298790302,391.355389686,392.606484739,21058.0
2022-01-11 10:45:00,392.903286024,393.496591891,391.182313295,393.102373324,24059.0
2022-01-11 11:00:00,393.244394865,394.376808964,392.987252799,394.060326421,23385.0
2022-01-11 11:15:00,394.060326421,394.44603952,392.34400203,392.433408348,22716.0
2022-01-11 11:30:00,392.433408348,393.496591891,392.21088156,393.377910938,19700.0
2022-01-11 11:45:00,393.387801017,393.877359951,392.596594659,393.674613322,13682.0
2022-01-11 12:00:00,393.753733958,393.753733958,392.477913706,392.972417679,10717.0
2022-01-11 12:15:00,392.972417679,393.501536931,392.576814501,393.239449825,10980.0
2022-01-11 12:30:00,393.625162924,394.337248646,392.636154977,392.814176408,15505.0
2022-01-11 12:45:00,392.843846646,393.773514116,392.561287076,393.407581176,15152.0
2022-01-11 13:00:00,393.249834408,393.89219507,393.110878792,393.664723242,15333.0
2022-01-11 13:15:00,393.664723242,394.505379997,393.575712527,394.480654799,16407.0
2022-01-11 13:30:00,394.485599838,395.247135958,394.485599838,395.247135958,10511.0
2022-01-11 13:45:00,395.306476434,395.850430805,395.247135958,395.405377229,16729.0
2022-01-11 14:00:00,395.286696275,396.562516527,395.286696275,396.562516527,15870.0
2022-01-11 14:15:00,396.448780613,397.274602249,396.335044699,396.476670637,24241.0
2022-01-11 14:30:00,396.424055415,396.433945494,395.771310169,396.12735303,11530.0
2022-01-11 14:45:00,396.285594302,396.621857004,395.771310169,396.028452236,11616.0
2022-01-11 15:00:00,396.068012554,396.384495097,395.70791476,396.275704222,8589.0
2022-01-11 15:15:00,396.414165335,396.788208141,396.335044699,396.631747083,14773.0
2022-01-11 15:30:00,396.661417322,397.091635779,396.542736368,396.789988355,21572.0
2022-01-11 15:45:00,396.671307401,396.839438752,395.97544141,396.31526454,19194.0
2022-01-11 16:00:00,396.275704222,396.374605017,395.692189534,396.275704222,61330.0
2022-01-11 16:15:00,396.196583587,396.196583587,396.196583587,396.196583587,7472.0
2022-01-12 09:45:00,396.908669309,397.80866654,394.995730137,395.662519295,21586.0
2022-01-12 10:00:00,395.850430805,396.780098275,395.494387944,395.603178818,16272.0
2022-01-12 10:15:00,395.682299454,395.682299454,393.793294275,394.119666898,16649.0
2022-01-12 10:30:00,394.040546262,395.247135958,393.575712527,393.684503401,13745.0
2022-01-12 10:45:00,393.850953439,394.357028805,392.240551799,392.369122832,29497.0
2022-01-12 11:00:00,392.58670458,393.096043673,392.240551799,393.096043673,19448.0
2022-01-12 11:15:00,392.972417679,393.51637205,392.576814501,392.881428948,32184.0
2022-01-12 11:30:00,392.9625276,393.249339905,392.487803785,392.655935136,31410.0
2022-01-12 11:45:00,392.814176408,393.011977997,392.418573229,392.814176408,14522.0
2022-01-12 12:00:00,392.685605375,392.754835931,392.141651004,392.646045057,11333.0
2022-01-12 12:15:00,392.517474024,392.695495454,391.924069255,392.428463308,15215.0
2022-01-12 12:30:00,392.497693865,392.576814501,391.64714703,391.686707348,9900.0
2022-01-12 12:45:00,391.686707348,391.765827984,390.974621626,391.498795838,12391.0
2022-01-12 13:00:00,391.706487507,392.02297005,391.508685918,391.741102785,12342.0
2022-01-12 13:15:00,391.65703711,391.874618858,391.310884328,391.382191801,12746.0
2022-01-12 13:30:00,391.320774408,391.392378583,390.880665871,390.895500991,9788.0
2022-01-12 13:45:00,390.964731547,390.964731547,390.030119037,390.875720832,11872.0
2022-01-12 14:00:00,390.880665871,390.885610911,389.78781209,389.886712885,9018.0
2022-01-12 14:15:00,389.96583352,390.282316063,389.688911295,389.9757236,10423.0
2022-01-12 14:30:00,389.931218242,390.287261103,389.886712885,389.926273202,16500.0
2022-01-12 14:45:00,389.946053361,390.074525494,389.510889865,389.522065654,38445.0
2022-01-12 15:00:00,389.322978355,389.797702169,389.322978355,389.718581534,31530.0
2022-01-12 15:15:00,389.679021216,390.15374503,389.40209899,389.985613679,19884.0
2022-01-12 15:30:00,389.900558996,390.218030547,389.679021216,390.054844236,29342.0
2022-01-12 15:45:00,390.173525189,390.776820037,389.768031931,390.668029163,58918.0
2022-01-12 16:00:00,390.697699401,391.914179176,390.450447414,391.182313295,91465.0
2022-01-12 16:15:00,391.182313295,391.182313295,391.182313295,391.182313295,15647.0
2022-01-12 17:00:00,391.182313295,391.182313295,391.182313295,391.182313295,1065.0
2022-01-12 18:00:00,391.182313295,391.182313295,391.182313295,391.182313295,15903.0
2022-01-13 09:45:00,391.182313295,392.136705964,390.035064077,392.136705964,14988.0
2022-01-13 10:00:00,392.181211322,392.903187123,391.538356156,392.784506169,25249.0
2022-01-13 10:15:00,392.735055772,394.218567693,392.646045057,393.585602607,12077.0
2022-01-13 10:30:00,393.061428395,394.065271461,393.021868077,394.065271461,15702.0
2022-01-13 10:45:00,394.297688328,394.787247262,393.911975229,394.611104947,37675.0
2022-01-13 11:00:00,394.614170871,394.713071666,393.091098633,394.4559296,25617.0
2022-01-13 11:15:00,394.539995275,394.811972461,394.134502017,394.436149441,27749.0
2022-01-13 11:30:00,394.515270077,394.663621269,394.119666898,394.287798249,13515.0
2022-01-13 11:45:00,394.26307305,394.737796865,393.971315706,394.559775434,20623.0
2022-01-13 12:00:00,394.64384111,394.861521759,394.360688135,394.718016706,29125.0
2022-01-13 12:15:00,394.722961746,394.792192302,394.25812801,394.347138726,24181.0
2022-01-13 12:30:00,394.401534163,394.960323653,394.048458326,394.658676229,26802.0
2022-01-13 12:45:00,394.594390712,395.141312107,394.564720474,394.989993891,21242.0
2022-01-13 13:00:00,395.079004607,395.474607785,393.941645467,394.099886739,13583.0
2022-01-13 13:15:00,393.981205785,394.381754004,393.669668282,394.188897454,13300.0
2022-01-13 13:30:00,394.4559296,394.891093097,394.218073189,394.713071666,9816.0
2022-01-13 13:45:00,394.742741905,394.742741905,393.486701812,393.501536931,11188.0
2022-01-13 14:00:00,393.501536931,394.119666898,393.447141494,393.738898838,15106.0
2022-01-13 14:15:00,393.654833163,393.803184355,393.437251414,393.447141494,15722.0
2022-01-13 14:30:00,393.635053004,393.822964514,392.77461609,393.555932368,22239.0
2022-01-13 14:45:00,393.546042289,393.89219507,393.32846054,393.89219507,21682.0
2022-01-13 15:00:00,394.020766103,394.574610554,393.822964514,394.554830395,11902.0
2022-01-13 15:15:00,394.525160156,394.525160156,393.768569077,394.050436342,20519.0
2022-01-13 15:30:00,394.000985944,394.179007375,393.249339905,393.447141494,19309.0
2022-01-13 15:45:00,393.486701812,393.763624037,392.908132163,392.992197838,24937.0
2022-01-13 16:00:00,392.932857361,393.397691097,392.22077164,393.239449825,90300.0
2022-01-13 16:15:00,393.239449825,393.239449825,393.239449825,393.239449825,6162.0
2022-01-13 16:30:00,393.239449825,393.239449825,393.239449825,393.239449825,967.0
2022-01-14 09:45:00,392.913077203,393.32846054,391.538356156,391.958684534,26485.0
2022-01-14 10:00:00,391.528466077,394.505379997,391.528466077,394.263270852,35619.0
2022-01-14 10:15:00,393.882304991,395.128455004,393.733953799,394.277908169,19061.0
2022-01-14 10:30:00,394.26307305,394.554830395,393.318570461,393.625162924,40309.0
2022-01-14 10:45:00,393.615272845,394.811972461,393.615272845,394.421709925,31382.0
2022-01-14 11:00:00,394.614170871,395.603178818,394.238347852,395.603178818,21024.0
2022-01-14 11:15:00,395.771310169,395.800980408,394.802082381,394.802082381,13579.0
2022-01-14 11:30:00,394.792192302,395.306476434,394.347138726,395.291344613,15102.0
2022-01-14 11:45:00,395.316366514,396.473505812,394.703181587,396.473505812,35244.0
2022-01-14 12:00:00,396.424055415,396.720757799,395.899881203,396.072364189,28903.0
2022-01-14 12:15:00,395.969111759,396.008672077,395.519113143,395.519113143,13833.0
2022-01-14 12:30:00,395.692189534,395.830650646,395.341586216,395.553728421,27644.0
2022-01-14 12:45:00,395.39548715,396.092737752,395.296586355,395.494387944,34940.0
2022-01-14 13:00:00,395.543838342,396.13724311,395.257026037,395.618013938,14772.0
2022-01-14 13:15:00,395.484497865,395.800980408,395.296586355,395.603178818,21659.0
2022-01-14 13:30:00,395.662519295,395.805925448,395.410322269,395.58339866,14313.0
2022-01-14 13:45:00,395.830650646,396.092737752,395.593288739,395.9493316,29023.0
2022-01-14 14:00:00,395.988891918,396.181748468,395.602486513,396.181748468,23884.0
2022-01-14 14:15:00,396.254737254,397.848523561,396.254737254,396.87899907,22185.0
2022-01-14 14:30:00,396.928449468,398.238884997,396.641637163,397.848226858,45924.0
2022-01-14 14:45:00,397.897677256,397.897677256,397.516909196,397.680095507,40744.0
2022-01-14 15:00:00,397.680095507,398.659213375,397.615809991,398.119313937,30381.0
2022-01-14 15:15:00,398.362510991,399.272398302,398.339170403,398.520752262,37932.0
2022-01-14 15:30:00,398.471301865,398.857014964,397.957017732,398.110313964,37280.0
2022-01-14 15:45:00,398.19437964,398.935146592,398.105368925,398.540532421,49439.0
2022-01-14 16:00:00,398.540532421,399.559210607,398.370423054,398.995476077,128327.0
2022-01-14 16:15:00,399.015256236,399.015256236,399.015256236,399.015256236,6233.0
2022-01-18 07:15:00,399.015256236,399.015256236,399.015256236,399.015256236,100.0
2022-01-18 09:45:00,398.901520322,399.559210607,394.030656183,394.980103812,66291.0
2022-01-18 10:00:00,394.466215283,394.772412143,393.229559746,393.560877408,25409.0
2022-01-18 10:15:00,393.803184355,394.208677613,391.765827984,392.042750209,57405.0
2022-01-18 10:30:00,392.136705964,392.566924421,391.538356156,392.502638904,22490.0
2022-01-18 10:45:00,392.794396249,394.277908169,392.616374818,394.119666898,13822.0
2022-01-18 11:00:00,394.228457772,394.614170871,393.684503401,394.44603952,17852.0
2022-01-18 11:15:00,394.26801809,395.57350858,394.26801809,395.57350858,12724.0
2022-01-18 11:30:00,396.211418706,396.646582203,395.474607785,395.524058183,34726.0
2022-01-18 11:45:00,395.049334368,395.049334368,393.308680381,394.119666898,20338.0
2022-01-18 12:00:00,394.169117295,394.426259361,393.630107964,393.674613322,10261.0
2022-01-18 12:15:00,393.853920463,394.871312938,393.387801017,394.698236547,12647.0
2022-01-18 12:30:00,394.940543494,395.214894298,394.040546262,394.772412143,10133.0
2022-01-18 12:45:00,395.039444289,395.870210964,395.039444289,395.533948262,11725.0
2022-01-18 13:00:00,395.336146673,395.484497865,394.663621269,394.673511348,11478.0
2022-01-18 13:15:00,394.841642699,395.316366514,394.653731189,395.266916116,16550.0
2022-01-18 13:30:00,395.276806196,396.958119706,395.158125242,395.593288739,35262.0
2022-01-18 13:45:00,395.652629216,396.354824858,395.336146673,396.221308785,18498.0
2022-01-18 14:00:00,396.221308785,397.353722885,395.885046083,397.353722885,40586.0
2022-01-18 14:15:00,397.287063749,397.353722885,396.537791328,396.542736368,19414.0
2022-01-18 14:30:00,396.354824858,397.052075461,395.850430805,396.592186766,21426.0
2022-01-18 14:45:00,396.770208196,397.877897097,396.394385176,397.338887766,19848.0
2022-01-18 15:00:00,397.571304633,397.770589734,396.928449468,397.037240342,26797.0
2022-01-18 15:15:00,397.086690739,397.571304633,396.654494266,397.551524474,21016.0
2022-01-18 15:30:00,397.383393123,397.99657805,396.730647878,397.99657805,13395.0
2022-01-18 15:45:00,398.065808607,398.421851468,397.729545905,397.986687971,29825.0
2022-01-18 16:00:00,397.887787176,398.619653057,396.453725653,397.215261772,104145.0
2022-01-18 16:15:00,397.215261772,397.215261772,397.215261772,397.215261772,6144.0
2022-01-18 17:00:00,397.215261772,397.215261772,397.215261772,397.215261772,654.0
2022-01-19 04:15:00,400.548218554,400.548218554,400.548218554,400.548218554,1000.0
2022-01-19 04:45:00,402.526234448,402.526234448,402.526234448,402.526234448,255.0
2022-01-19 09:45:00,398.619653057,400.162505454,397.581194713,399.569100686,19740.0
2022-01-19 10:00:00,400.05371458,400.05371458,398.332840752,398.589982819,18433.0
2022-01-19 10:15:00,398.481191944,398.481191944,397.116360977,397.986687971,20912.0
2022-01-19 10:30:00,398.37240107,398.866905044,397.155921295,397.155921295,18611.0
2022-01-19 10:45:00,397.378448083,398.906465362,397.165811375,398.906465362,10787.0
2022-01-19 11:00:00,399.084486792,400.765800302,399.074596713,400.765800302,14032.0
2022-01-19 11:15:00,400.558108633,402.29876262,400.219867915,401.418545547,15986.0
2022-01-19 11:30:00,401.54711658,402.763596355,401.467995944,402.763596355,17254.0
2022-01-19 11:45:00,402.882277309,403.193814812,402.338322938,402.338322938,19585.0
2022-01-19 12:00:00,402.13696092,403.930625733,402.100961031,403.930625733,25092.0
2022-01-19 12:15:00,403.940515812,404.474580103,403.940515812,404.044361647,15545.0
2022-01-19 12:30:00,404.074031885,404.444909865,402.659750521,402.684475719,17131.0
2022-01-19 12:45:00,402.595465004,402.595465004,402.061400713,402.585574925,7947.0
2022-01-19 13:00:00,402.47678405,403.465791997,402.47678405,403.327330885,9713.0
2022-01-19 13:15:00,403.198759852,403.406451521,402.793266594,403.198759852,10054.0
2022-01-19 13:30:00,403.104804097,403.465791997,402.635025322,402.842716991,8221.0
2022-01-19 13:45:00,402.555904686,403.099859057,402.130631269,402.278982461,8457.0
2022-01-19 14:00:00,402.407553494,402.536124527,401.9229396,401.972488898,9552.0
2022-01-19 14:15:00,401.972389997,402.239422143,401.205809938,401.289974514,16044.0
2022-01-19 14:30:00,401.304809633,401.354260031,400.736130064,400.849865978,14111.0
2022-01-19 14:45:00,400.884481256,400.914151494,399.697671719,399.915253468,21606.0
2022-01-19 15:00:00,399.92801167,400.963601891,399.92801167,400.924041574,6700.0
2022-01-19 15:15:00,400.963601891,401.18118364,400.43942768,400.43942768,13394.0
2022-01-19 15:30:00,400.350416964,400.538328474,399.786682434,400.06360466,19091.0
2022-01-19 15:45:00,399.836132832,399.836132832,398.713608812,398.837234805,37969.0
2022-01-19 16:00:00,398.965805838,399.31195862,397.06691058,397.244932011,89017.0
2022-01-19 16:15:00,397.235041931,397.235041931,397.235041931,397.235041931,5957.0
2022-01-19 18:00:00,398.075698686,398.57020266,398.075698686,398.57020266,500.0
2022-01-20 08:00:00,398.57020266,398.57020266,398.57020266,398.57020266,100.0
2022-01-20 09:45:00,397.07680066,398.847124885,395.959221679,397.027350262,23562.0
2022-01-20 10:00:00,396.246033984,398.852069925,396.246033984,398.852069925,22031.0
2022-01-20 10:15:00,398.56031258,398.604817938,395.781200249,395.815815527,20213.0
2022-01-20 10:30:00,396.018562156,396.710867719,395.603178818,396.453725653,19106.0
2022-01-20 10:45:00,396.394385176,398.56031258,396.048232395,398.411961388,18769.0
2022-01-20 11:00:00,398.431741547,398.857014964,397.739435984,398.055918527,20379.0
2022-01-20 11:15:00,398.026248289,398.505422639,397.858116938,398.100423885,15277.0
2022-01-20 11:30:00,398.095478845,398.303170514,397.452623679,398.288335395,16343.0
2022-01-20 11:45:00,398.471301865,399.272398302,398.352620911,398.725971411,15127.0
2022-01-20 12:00:00,398.768004249,398.916355441,398.432730555,398.486136984,11318.0
2022-01-20 12:15:00,398.525697302,398.708663772,398.332840752,398.609762977,16781.0
2022-01-20 12:30:00,398.639433216,399.049871514,398.342730832,398.708663772,26704.0
2022-01-20 12:45:00,398.575147699,398.795894273,397.788886381,398.629543136,11632.0
2022-01-20 13:00:00,398.708663772,398.708663772,398.283390355,398.397126269,19350.0
2022-01-20 13:15:00,398.397126269,399.381189176,398.18448956,399.381189176,7781.0
2022-01-20 13:30:00,399.400969335,399.771847315,399.272398302,399.717451878,12103.0
2022-01-20 13:45:00,399.786682434,399.956692901,398.975695918,399.400969335,12009.0
2022-01-20 14:00:00,399.559210607,399.603715964,398.649323295,398.718553852,21775.0
2022-01-20 14:15:00,398.896575282,399.742177077,398.738334011,399.148772309,20389.0
2022-01-20 14:30:00,399.054816554,399.697671719,398.164709401,398.456466746,33806.0
2022-01-20 14:45:00,398.303170514,398.411961388,397.759216143,397.759216143,35546.0
2022-01-20 15:00:00,397.778996302,398.56031258,397.436997354,397.436997354,25738.0
2022-01-20 15:15:00,397.511964156,398.046028448,397.027350262,397.408118322,24519.0
2022-01-20 15:30:00,397.511964156,397.521854236,396.157023269,397.047130421,34884.0
2022-01-20 15:45:00,396.982844905,396.982844905,395.365816911,395.731749852,54406.0
2022-01-20 16:00:00,395.553728421,396.12735303,392.616374818,392.9625276,134993.0
2022-01-20 16:15:00,393.041648236,393.041648236,393.041648236,393.041648236,32457.0
2022-01-20 18:45:00,390.658139083,390.658139083,390.658139083,390.658139083,176.0
2022-01-21 09:30:00,393.684503401,393.921865308,393.684503401,393.921865308,1388.0
2022-01-21 09:45:00,395.365816911,397.492183997,393.832854593,396.963064746,59454.0
2022-01-21 10:00:00,396.607021885,400.033934421,396.607021885,399.974593944,39980.0
2022-01-21 10:15:00,399.183387587,400.317680801,398.115259004,399.12404711,40582.0
2022-01-21 10:30:00,399.183387587,400.004264183,397.25482209,399.410859415,52799.0
2022-01-21 10:45:00,398.916355441,402.140521348,398.896575282,401.072392766,29174.0
2022-01-21 11:00:00,400.844920938,401.972389997,400.271296329,401.9229396,19916.0
2022-01-21 11:15:00,402.021840395,403.119540315,400.899316375,402.546014607,36995.0
2022-01-21 11:30:00,402.496564209,402.941617786,401.36909515,401.908104481,20248.0
2022-01-21 11:45:00,401.833928885,402.595465004,401.092172925,401.111953084,56330.0
2022-01-21 12:00:00,401.062502686,401.072392766,399.49987013,399.714979358,16273.0
2022-01-21 12:15:00,399.549320527,399.850967951,398.253720117,398.38229115,17879.0
2022-01-21 12:30:00,398.411961388,398.965805838,398.402071309,398.534301671,9516.0
2022-01-21 12:45:00,398.466356825,398.916355441,397.798776461,398.599872898,14692.0
2022-01-21 13:00:00,398.303170514,398.37240107,397.660315348,397.798776461,11048.0
2022-01-21 13:15:00,398.016358209,398.318005633,397.06691058,398.293280434,27167.0
2022-01-21 13:30:00,398.332840752,398.332840752,396.780098275,397.017460183,17566.0
2022-01-21 13:45:00,396.88888915,397.749326064,396.87899907,397.605919911,13500.0
2022-01-21 14:00:00,397.709765746,398.56031258,397.180646494,397.413063362,24526.0
2022-01-21 14:15:00,397.492183997,398.18448956,397.482293918,398.18448956,17543.0
2022-01-21 14:30:00,398.070753646,398.135039163,397.314162567,397.314162567,15800.0
2022-01-21 14:45:00,396.987789944,397.235041931,396.13229807,396.166913348,14465.0
2022-01-21 15:00:00,396.344934779,396.394385176,395.336146673,395.336146673,10360.0
2022-01-21 15:15:00,395.168015322,395.430596932,394.020766103,394.208677613,22781.0
2022-01-21 15:30:00,394.188897454,394.910873256,393.824645827,394.020766103,27778.0
2022-01-21 15:45:00,394.208677613,395.029554209,393.90208515,394.614170871,36743.0
2022-01-21 16:00:00,394.574610554,395.158125242,393.447141494,394.554830395,90374.0
2022-01-21 16:15:00,394.426259361,394.426259361,394.426259361,394.426259361,4734.0
2022-01-21 17:00:00,394.426259361,394.426259361,394.426259361,394.426259361,3609.0
2022-01-21 18:30:00,394.426259361,394.426259361,394.426259361,394.426259361,22212.0
2022-01-21 19:30:00,393.872414911,393.872414911,393.872414911,393.872414911,250.0
2022-01-21 19:45:00,394.426259361,394.426259361,394.426259361,394.426259361,250.0
2022-01-24 07:30:00,394.554830395,394.624060951,394.554830395,394.624060951,367.0
2022-01-24 09:30:00,390.658139083,392.557034342,390.658139083,392.557034342,412.0
2022-01-24 09:45:00,393.625162924,399.462881233,393.615272845,398.228994918,81368.0
2022-01-24 10:00:00,398.125149083,398.57020266,395.642739136,396.928449468,49420.0
2022-01-24 10:15:00,396.94991094,397.037240342,391.152643057,393.70428356,42558.0
2022-01-24 10:30:00,393.818019474,397.546579434,392.171321242,397.146031216,38147.0
2022-01-24 10:45:00,397.26471217,398.708663772,396.028452236,398.708663772,51589.0
2022-01-24 11:00:00,398.649323295,398.718553852,396.799878434,396.911141828,53211.0
2022-01-24 11:15:00,396.799878434,397.4427336,394.742741905,395.108674845,40244.0
2022-01-24 11:30:00,395.177905401,396.799878434,394.960323653,396.424055415,40210.0
2022-01-24 11:45:00,396.298253604,397.06691058,394.495489918,394.989993891,33531.0
2022-01-24 12:00:00,395.118564924,395.75647505,393.644943083,395.474607785,31892.0
2022-01-24 12:15:00,395.642739136,396.048529097,394.129556977,394.302633368,47076.0
2022-01-24 12:30:00,394.302633368,394.861422858,393.437251414,393.560877408,31103.0
2022-01-24 12:45:00,393.605382765,394.119666898,391.746047825,393.219669666,35343.0
2022-01-24 13:00:00,393.086153593,393.476811732,392.40868315,392.507583944,27349.0
2022-01-24 13:15:00,392.606484739,393.536152209,391.577916474,393.536152209,23341.0
2022-01-24 13:30:00,393.605382765,393.743843878,392.121870845,392.121870845,20063.0
2022-01-24 13:45:00,391.963629573,393.259229984,391.874618858,392.230661719,22902.0
2022-01-24 14:00:00,392.161431163,394.574610554,392.161431163,394.426259361,21231.0
2022-01-24 14:15:00,394.63889607,396.077902633,393.684503401,394.030656183,33280.0
2022-01-24 14:30:00,394.238347852,394.238347852,391.8301135,392.665825216,32765.0
2022-01-24 14:45:00,393.092977748,393.318570461,390.757039878,390.757039878,25950.0
2022-01-24 15:00:00,390.954841467,393.35951539,390.391106938,393.35951539,28334.0
2022-01-24 15:15:00,393.368020858,394.465819679,393.308680381,393.872414911,34838.0
2022-01-24 15:30:00,394.099886739,395.464717706,394.099886739,394.886148057,39871.0
2022-01-24 15:45:00,394.910873256,397.408118322,394.703181587,396.166913348,49911.0
2022-01-24 16:00:00,396.424055415,400.300966567,396.379550057,398.837234805,162972.0
2022-01-24 16:15:00,398.629543136,398.629543136,398.629543136,398.629543136,11757.0
2022-01-24 16:30:00,398.629543136,398.629543136,398.629543136,398.629543136,45000.0
2022-01-25 09:30:00,394.63395103,394.63395103,394.614170871,394.614170871,947.0
2022-01-25 09:45:00,395.316366514,397.670106527,393.476910633,393.486701812,62026.0
2022-01-25 10:00:00,393.457031573,395.153180203,391.192203375,391.933959335,30664.0
2022-01-25 10:15:00,391.587806553,391.637256951,388.690013269,389.421879149,38061.0
2022-01-25 10:30:00,389.847152567,391.736157746,388.729573587,391.736157746,34227.0
2022-01-25 10:45:00,392.042750209,393.224614706,390.902720749,393.224614706,30870.0
2022-01-25 11:00:00,393.261801405,393.659778203,391.330664487,391.330664487,31799.0
2022-01-25 11:15:00,391.231763693,391.419675202,389.006495812,389.283418037,29925.0
2022-01-25 11:30:00,389.491109706,393.071318474,389.181945821,393.071318474,24731.0
2022-01-25 11:45:00,392.913077203,393.318570461,390.90539107,391.607586712,38854.0
2022-01-25 12:00:00,391.637256951,392.735055772,391.370224805,391.390004964,16562.0
2022-01-25 12:15:00,391.770773024,394.233402812,391.449345441,394.233402812,27287.0
2022-01-25 12:30:00,394.342193686,394.693291507,393.279010143,394.26801809,30977.0
2022-01-25 12:45:00,393.783404196,394.386600143,393.397691097,394.094941699,26048.0
2022-01-25 13:00:00,394.218567693,394.238347852,393.15043911,393.664723242,24617.0
2022-01-25 13:15:00,393.921865308,394.792192302,393.862524832,394.179007375,15870.0
2022-01-25 13:30:00,394.060326421,395.998781997,393.743843878,395.973265592,25739.0
2022-01-25 13:45:00,395.687244494,397.689985587,395.57350858,397.689985587,26942.0
2022-01-25 14:00:00,397.63064511,399.089431832,396.977899865,398.965805838,25473.0
2022-01-25 14:15:00,398.866905044,399.015256236,398.24798387,398.609762977,24530.0
2022-01-25 14:30:00,398.708663772,399.203167746,398.225038886,399.153717348,27094.0
2022-01-25 14:45:00,399.272398302,399.855912991,398.738334011,399.747122117,23115.0
2022-01-25 15:00:00,399.697671719,401.052612607,399.618551083,400.790525501,25155.0
2022-01-25 15:15:00,400.844920938,401.107008044,398.639433216,398.965805838,30482.0
2022-01-25 15:30:00,399.035036395,399.593825885,398.00646813,398.00646813,41133.0
2022-01-25 15:45:00,398.055918527,398.37240107,397.155921295,397.848226858,37955.0
2022-01-25 16:00:00,397.927347494,398.985585997,396.562516527,398.362510991,135883.0
2022-01-25 16:15:00,398.74822409,401.022942368,398.74822409,401.022942368,7018.0
2022-01-25 16:45:00,398.075698686,398.075698686,398.075698686,398.075698686,102.0
2022-01-26 04:15:00,398.74822409,398.74822409,398.74822409,398.74822409,101.0
2022-01-26 07:30:00,402.526234448,402.526234448,402.526234448,402.526234448,331.0
2022-01-26 09:45:00,398.095478845,399.697671719,396.602076845,399.590858861,21924.0
2022-01-26 10:00:00,399.668001481,402.615245163,399.658111401,402.318542779,21905.0
2022-01-26 10:15:00,402.358103097,403.010848342,401.616347137,402.071290792,21153.0
2022-01-26 10:30:00,402.088598431,404.256998355,400.06360466,400.464152878,37292.0
2022-01-26 10:45:00,400.548218554,400.963601891,398.985585997,399.757012196,53091.0
2022-01-26 11:00:00,399.598770925,401.576786819,399.222947905,400.844920938,29964.0
2022-01-26 11:15:00,401.251897708,402.259202302,400.368318008,401.898214401,18248.0
2022-01-26 11:30:00,402.150411428,402.511399329,401.072392766,402.48172909,19062.0
2022-01-26 11:45:00,402.822936832,403.020738421,401.982280077,403.020738421,18438.0
2022-01-26 12:00:00,402.85260707,403.05040866,400.587778872,402.575684845,21933.0
2022-01-26 12:15:00,403.020738421,403.381726322,402.239422143,402.328432858,21688.0
2022-01-26 12:30:00,402.565794766,402.951507865,402.140521348,402.555904686,24969.0
2022-01-26 12:45:00,402.417443574,402.457003892,401.408655468,401.819093766,25359.0
2022-01-26 13:00:00,401.720192971,401.764698329,401.062502686,401.250414196,17607.0
2022-01-26 13:15:00,401.280084435,401.438325706,400.736130064,400.736130064,27372.0
2022-01-26 13:30:00,400.765800302,400.914151494,400.033934421,400.286131448,30519.0
2022-01-26 13:45:00,400.706459825,401.270194355,400.629712809,401.126788203,19636.0
2022-01-26 14:00:00,401.082282845,401.576786819,400.137780256,400.137780256,29673.0
2022-01-26 14:15:00,400.43942768,401.55700666,398.768004249,398.768004249,22326.0
2022-01-26 14:30:00,399.104266951,402.367993176,398.026248289,401.418545547,32848.0
2022-01-26 14:45:00,401.102063004,401.191073719,398.139984203,398.38229115,32838.0
2022-01-26 15:00:00,398.016358209,399.440529653,396.448780613,399.440529653,40014.0
2022-01-26 15:15:00,399.618551083,399.618551083,396.898779229,396.898779229,46199.0
2022-01-26 15:30:00,396.809768514,397.225151852,394.802082381,396.611966924,48513.0
2022-01-26 15:45:00,396.552626448,397.373503044,396.12735303,397.017460183,59520.0
2022-01-26 16:00:00,396.859218911,399.598770925,396.69108756,398.659213375,242618.0
2022-01-26 16:15:00,398.797674487,398.797674487,398.797674487,398.797674487,20149.0
2022-01-27 08:45:00,391.64714703,391.64714703,391.488905759,391.488905759,200.0
2022-01-27 09:00:00,388.788914063,388.788914063,387.691115242,387.691115242,533.0
2022-01-27 09:30:00,383.388930672,384.229587427,383.388930672,384.229587427,293.0
2022-01-27 09:45:00,385.465847361,385.465847361,374.883462328,384.664750924,123899.0
2022-01-27 10:00:00,384.55101501,386.271888838,380.402126672,381.608716368,114862.0
2022-01-27 10:15:00,382.063660023,386.899809984,380.580148103,385.396616805,81800.0
2022-01-27 10:30:00,385.396616805,386.299086557,381.105113521,381.272453666,69795.0
2022-01-27 10:45:00,381.099377275,382.666954871,378.790043719,382.221901295,75931.0
2022-01-27 11:00:00,382.49882352,382.726295348,380.738389374,382.449373123,42458.0
2022-01-27 11:15:00,382.479043361,382.968602295,380.82740009,382.083440182,35858.0
2022-01-27 11:30:00,382.1230005,382.1230005,377.83565105,378.354880222,50383.0
2022-01-27 11:45:00,378.305429825,380.565312984,378.305429825,379.160921699,35818.0
2022-01-27 12:00:00,379.155976659,381.381936846,379.027405626,381.064761997,25885.0
2022-01-27 12:15:00,381.124102474,381.312013984,379.343888169,379.5219096,33566.0
2022-01-27 12:30:00,379.610920315,379.739491348,378.260924467,378.76037348,32651.0
2022-01-27 12:45:00,378.839494116,378.968065149,376.416424646,376.826862944,33929.0
2022-01-27 13:00:00,376.71312703,376.999939335,375.882360354,376.33730401,32416.0
2022-01-27 13:15:00,376.070271864,377.355982195,374.507639308,377.123565328,49218.0
2022-01-27 13:30:00,376.940598858,378.107628235,375.377966301,375.377966301,50290.0
2022-01-27 13:45:00,375.229615109,376.020821467,373.627422235,373.91423454,39704.0
2022-01-27 14:00:00,373.948849818,373.948849818,372.074679758,372.252701189,45561.0
2022-01-27 14:15:00,372.391162301,373.35544505,371.230165872,371.230165872,33376.0
2022-01-27 14:30:00,371.164792447,371.164792447,367.277991215,369.097765838,64082.0
2022-01-27 14:45:00,369.028535281,370.482376964,368.761503136,369.765346202,99488.0
2022-01-27 15:00:00,369.785126361,369.997763069,367.55491344,368.30655948,64930.0
2022-01-27 15:15:00,368.375790036,371.273583321,368.222493805,368.385680116,56137.0
2022-01-27 15:30:00,368.12853805,370.571387679,367.980186857,369.98787299,61079.0
2022-01-27 15:45:00,370.136224182,371.184572606,368.899964248,369.913697394,114115.0
2022-01-27 16:00:00,369.908752354,370.492267043,368.67249242,370.017543228,205884.0
2022-01-27 16:15:00,369.879082116,369.879082116,369.879082116,369.879082116,10452.0
2022-01-28 07:45:00,367.910956301,367.910956301,367.910956301,367.910956301,135.0
2022-01-28 09:15:00,370.877980142,370.877980142,370.877980142,370.877980142,200.0
2022-01-28 09:45:00,366.377993983,371.946108725,365.280195162,368.331284679,85715.0
2022-01-28 10:00:00,367.579638639,370.007653149,367.362056891,369.038425361,39384.0
2022-01-28 10:15:00,369.463698778,374.10214605,369.147216235,373.320829772,36622.0
2022-01-28 10:30:00,372.776875401,373.617532156,370.907749282,371.263693242,29165.0
2022-01-28 10:45:00,371.733472017,372.025229361,369.888972195,370.521937281,31500.0
2022-01-28 11:00:00,370.660398394,371.84720793,370.027433308,371.248858122,23407.0
2022-01-28 11:15:00,371.728526977,371.768087295,369.859301957,371.461494831,23843.0
2022-01-28 11:30:00,371.197330808,372.509843255,370.897760301,371.599955944,26694.0
2022-01-28 11:45:00,371.545560507,372.54534864,370.388421209,371.580175785,19603.0
2022-01-28 12:00:00,372.005449202,372.203250791,370.719738871,372.094459917,15924.0
2022-01-28 12:15:00,372.099404957,372.905446434,371.797757533,372.618634129,18068.0
2022-01-28 12:30:00,372.509843255,373.202049917,372.203250791,373.024127387,24376.0
2022-01-28 12:45:00,373.587861917,373.691707752,372.945006752,373.370280169,20924.0
2022-01-28 13:00:00,373.607642076,373.627422235,372.687864685,373.251599215,18894.0
2022-01-28 13:15:00,373.439510725,375.476867096,373.261489295,375.204889911,15255.0
2022-01-28 13:30:00,375.091153997,375.358186142,374.220827003,374.69456181,19973.0
2022-01-28 13:45:00,374.695550818,374.923022646,374.418628593,374.923022646,14906.0
2022-01-28 14:00:00,375.150494474,376.119722262,374.972473043,374.972473043,18439.0
2022-01-28 14:15:00,374.942506102,375.308735745,373.894454381,373.894454381,19323.0
2022-01-28 14:30:00,373.845003983,373.845003983,372.480173017,372.480173017,24402.0
2022-01-28 14:45:00,372.41094246,373.884564301,371.599955944,373.740366943,24686.0
2022-01-28 15:00:00,373.958739897,374.853792089,373.795553586,374.715330977,19032.0
2022-01-28 15:15:00,374.957637924,374.957637924,373.647202394,373.924124619,28068.0
2022-01-28 15:30:00,374.072475811,375.071373838,374.023025414,374.339507957,27591.0
2022-01-28 15:45:00,374.359288116,375.635108368,373.815333745,374.952692884,39649.0
2022-01-28 16:00:00,374.84390201,376.554885758,374.398848434,375.77356948,116450.0
2022-01-28 16:15:00,376.020821467,376.020821467,376.020821467,376.020821467,17209.0
2022-01-31 09:45:00,372.618634129,373.983465096,369.958202752,371.11534205,43663.0
2022-01-31 10:00:00,371.468912391,371.555450586,367.767550149,368.227438844,39389.0
2022-01-31 10:15:00,368.093922771,368.855854494,367.010959069,367.228540818,33138.0
2022-01-31 10:30:00,367.277991215,368.454910672,367.010959069,367.287881295,22377.0
2022-01-31 10:45:00,367.545023361,367.713154712,365.932940407,366.091181679,27683.0
2022-01-31 11:00:00,366.101071758,366.497861746,365.171404288,365.487886831,29595.0
2022-01-31 11:15:00,365.290085242,365.290085242,363.8164634,365.171404288,32939.0
2022-01-31 11:30:00,365.28612921,365.349425718,363.193388394,364.01426499,28505.0
2022-01-31 11:45:00,364.108220745,364.419758248,363.232948712,363.232948712,25774.0
2022-01-31 12:00:00,363.499980857,365.013163016,363.391189983,364.845031665,28115.0
2022-01-31 12:15:00,364.696680473,364.998327897,364.340637612,364.429648328,38569.0
2022-01-31 12:30:00,364.38019793,365.052723334,364.38019793,364.558219361,25187.0
2022-01-31 12:45:00,364.558219361,364.607669758,363.529651096,363.935144354,18758.0
2022-01-31 13:00:00,364.25825325,364.741185831,364.043935228,364.657120155,19948.0
2022-01-31 13:15:00,364.360417771,364.548329281,363.836243559,364.058770347,17972.0
2022-01-31 13:30:00,364.123055864,365.931456895,363.717562606,365.567007467,37142.0
2022-01-31 13:45:00,365.794479295,365.804369374,364.746130871,365.299975321,29892.0
2022-01-31 14:00:00,365.171404288,365.240634844,364.301077294,364.94393246,18915.0
2022-01-31 14:15:00,364.94393246,365.586787626,364.488988804,365.250524924,27586.0
2022-01-31 14:30:00,365.171404288,366.753817003,364.884591983,366.560960453,47703.0
2022-01-31 14:45:00,366.753817003,366.773597162,365.418656275,365.418656275,33173.0
2022-01-31 15:00:00,365.31481044,365.349425718,364.449428487,364.607669758,25320.0
2022-01-31 15:15:00,364.76591103,364.934042381,362.965916566,362.965916566,36849.0
2022-01-31 15:30:00,363.104377679,363.707672526,362.936246328,363.232948712,51246.0
2022-01-31 15:45:00,363.094487599,364.960745595,362.847235612,364.543384241,95369.0
2022-01-31 16:00:00,364.518659043,367.00601403,364.01426499,365.952720566,149177.0
2022-01-31 16:15:00,365.834039612,365.834039612,365.834039612,365.834039612,19112.0
2022-01-31 16:45:00,365.834039612,365.834039612,365.834039612,365.834039612,133.0
2022-02-01 09:45:00,365.824149533,367.841725745,365.824149533,365.972500725,29521.0
2022-02-01 10:00:00,365.952720566,366.842827718,364.607669758,365.547227308,29238.0
2022-02-01 10:15:00,366.076346559,366.076346559,362.817565374,364.56810944,30384.0
2022-02-01 10:30:00,364.548329281,364.880240348,361.729656632,361.729656632,31997.0
2022-02-01 10:45:00,361.640645917,363.772254745,361.413174089,363.173608235,26311.0
2022-02-01 11:00:00,363.213168553,363.509870937,362.827455453,363.509870937,27153.0
2022-02-01 11:15:00,363.420959122,364.360417771,362.342841559,363.786793162,41254.0
2022-02-01 11:30:00,363.727452685,363.82635348,361.699986394,361.813722308,26782.0
2022-02-01 11:45:00,361.699986394,362.13514989,360.612077652,361.996688778,51492.0
2022-02-01 12:00:00,361.996688778,362.293391162,361.235152659,361.358778652,28645.0
2022-02-01 12:15:00,361.373613771,362.965916566,360.997790751,362.659324102,24864.0
2022-02-01 12:30:00,362.827455453,364.592834639,362.669214182,364.479098725,24774.0
2022-02-01 12:45:00,364.310967374,364.9488775,363.717562606,364.780746149,16294.0
2022-02-01 13:00:00,365.13184397,365.13184397,364.439538407,365.077448533,11170.0
2022-02-01 13:15:00,364.95382254,365.181294367,364.038990188,364.172506261,13838.0
2022-02-01 13:30:00,364.162616182,365.49777691,364.063715387,365.240634844,13013.0
2022-02-01 13:45:00,365.121953891,365.863709851,365.042833255,365.863709851,10455.0
2022-02-01 14:00:00,365.779248572,366.007116003,365.004360846,365.962610646,22331.0
2022-02-01 14:15:00,365.834039612,365.87359993,365.004459746,365.151624129,20209.0
2022-02-01 14:30:00,365.260415003,365.997225924,364.815361427,365.932940407,18830.0
2022-02-01 14:45:00,365.824149533,366.190082473,365.082393573,365.082393573,26111.0
2022-02-01 15:00:00,365.013163016,365.814259453,365.013163016,365.517557069,24636.0
2022-02-01 15:15:00,365.438436434,366.288983268,365.398876116,366.248730645,25303.0
2022-02-01 15:30:00,366.25931303,367.223595778,365.942830487,367.119749944,28356.0
2022-02-01 15:45:00,367.154365222,367.638979116,366.773597162,367.268101136,47525.0
2022-02-01 16:00:00,367.223595778,367.693374553,366.377993983,366.427444381,102728.0
2022-02-01 16:15:00,366.506565016,366.506565016,366.506565016,366.506565016,22982.0
2022-02-01 16:45:00,367.792275348,367.792275348,367.792275348,367.792275348,100.0
2022-02-01 19:30:00,366.427444381,366.427444381,366.427444381,366.427444381,281.0
2022-02-02 08:30:00,366.506565016,366.506565016,366.506565016,366.506565016,12898.0
2022-02-02 09:30:00,366.506565016,366.506565016,366.506565016,366.506565016,313.0
2022-02-02 09:45:00,363.361519745,364.528549122,361.235152659,362.326028424,72261.0
2022-02-02 10:00:00,362.659324102,365.141734049,361.793942149,361.816194828,42036.0
2022-02-02 10:15:00,361.991743738,362.342841559,361.442844328,361.996688778,42461.0
2022-02-02 10:30:00,361.838447506,363.07965248,361.601085599,362.857125692,16143.0
2022-02-02 10:45:00,362.718664579,364.726350712,362.412072116,364.704098033,11195.0
2022-02-02 11:00:00,364.904372142,365.240634844,364.00437491,364.246681857,12219.0
2022-02-02 11:15:00,364.142836023,364.41253849,363.63349693,364.41253849,15186.0
2022-02-02 11:30:00,364.103275705,364.94393246,364.083495546,364.780746149,17488.0
2022-02-02 11:45:00,364.830196546,365.992280884,364.657120155,365.804369374,16198.0
2022-02-02 12:00:00,365.834039612,366.07140152,364.859866785,364.859866785,11533.0
2022-02-02 12:15:00,364.746130871,365.567007467,364.696680473,365.290085242,9340.0
2022-02-02 12:30:00,365.408766195,366.031841202,365.235689804,365.636238023,15279.0
2022-02-02 12:45:00,365.487886831,365.774699136,365.13184397,365.260415003,17913.0
2022-02-02 13:00:00,365.169030669,365.379095957,364.785691189,365.230744765,12593.0
2022-02-02 13:15:00,365.398876116,365.997225924,365.398876116,365.88349001,7947.0
2022-02-02 13:30:00,365.745028897,365.992280884,365.018108056,365.191184447,11271.0
2022-02-02 13:45:00,365.220557983,365.87359993,365.112063811,365.834039612,7581.0
2022-02-02 14:00:00,365.814259453,365.893380089,365.260415003,365.725248738,14875.0
2022-02-02 14:15:00,365.713380643,365.715358659,365.339535639,365.527447149,11721.0
2022-02-02 14:30:00,365.468106672,365.562062427,364.76591103,364.869756864,13303.0
2022-02-02 14:45:00,364.869756864,365.141734049,364.518659043,365.141734049,69825.0
2022-02-02 15:00:00,365.112063811,366.763707083,365.112063811,366.654916208,14359.0
2022-02-02 15:15:00,366.645026129,367.285210973,366.308763427,366.506565016,20047.0
2022-02-02 15:30:00,366.511510056,366.921948354,366.343378705,366.793377321,27098.0
2022-02-02 15:45:00,366.763707083,367.762605109,366.605465811,367.762605109,32448.0
2022-02-02 16:00:00,367.812055506,367.831835665,366.734036844,367.00106899,87936.0
2022-02-02 16:15:00,366.902168195,366.902168195,366.902168195,366.902168195,15927.0
2022-02-03 09:45:00,368.405460275,368.669228694,364.696680473,365.290085242,24728.0
2022-02-03 10:00:00,365.220854685,365.354370758,364.19723146,364.726350712,23034.0
2022-02-03 10:15:00,364.449428487,366.546125334,364.39008801,366.110961838,19202.0
2022-02-03 10:30:00,365.942830487,365.942830487,364.083495546,364.5631644,9714.0
2022-02-03 10:45:00,364.182396341,366.125796957,363.954924513,366.091181679,21086.0
2022-02-03 11:00:00,366.25931303,366.679641407,365.87359993,366.323598546,12617.0
2022-02-03 11:15:00,366.546125334,367.312606493,366.199972553,366.43733446,18537.0
2022-02-03 11:30:00,366.407664222,366.907113235,366.204917593,366.674696367,13245.0
2022-02-03 11:45:00,366.62030093,367.149420182,366.476894778,366.986233871,14915.0
2022-02-03 12:00:00,366.862607877,367.75271503,366.823047559,367.599418798,14949.0
2022-02-03 12:15:00,367.426342407,368.613151944,366.867552917,368.415350354,17923.0
2022-02-03 12:30:00,368.242273963,368.276889242,366.195027513,367.287881295,20719.0
2022-02-03 12:45:00,367.307661453,368.323867119,367.292826334,368.059307493,21506.0
2022-02-03 13:00:00,367.990076937,368.190351046,367.490627924,368.182933487,15242.0
2022-02-03 13:15:00,367.980186857,368.168098367,367.1889805,367.451067606,14740.0
2022-02-03 13:30:00,367.446122566,368.148318208,367.307661453,368.009857096,13421.0
2022-02-03 13:45:00,368.197768606,369.028535281,368.197768606,369.028535281,12893.0
2022-02-03 14:00:00,369.087875758,369.572489652,368.939524566,369.166996394,18705.0
2022-02-03 14:15:00,369.152161275,370.225234897,368.929634487,370.225234897,21335.0
2022-02-03 14:30:00,370.225234897,370.408201367,369.483478937,369.691170606,22312.0
2022-02-03 14:45:00,369.552709493,370.1757845,369.038425361,369.097765838,25896.0
2022-02-03 15:00:00,369.117545997,369.938422593,368.993920003,369.760302261,21826.0
2022-02-03 15:15:00,369.750511083,370.009631165,369.513149175,369.928532513,28099.0
2022-02-03 15:30:00,370.017543228,370.630728156,370.017543228,370.578904139,31261.0
2022-02-03 15:45:00,370.512047202,370.675233513,369.829631718,369.977982911,46237.0
2022-02-03 16:00:00,369.859301957,370.383476169,369.038425361,369.592269811,92775.0
2022-02-03 16:15:00,369.701060685,369.701060685,369.701060685,369.701060685,8398.0
2022-02-03 17:30:00,369.948312672,369.98787299,369.948312672,369.958202752,646.0
2022-02-03 20:00:00,369.98787299,369.98787299,369.98787299,369.98787299,200.0
2022-02-04 09:45:00,368.207658685,370.798859507,366.714256685,370.274685295,20954.0
2022-02-04 10:00:00,370.413146407,370.413146407,368.430185473,368.430185473,22518.0
2022-02-04 10:15:00,368.721942818,368.721942818,366.496674937,367.545023361,13950.0
2022-02-04 10:30:00,367.91698925,368.227438844,366.318653506,366.318653506,13721.0
2022-02-04 10:45:00,366.516455096,366.654916208,363.143937996,363.678002288,28908.0
2022-02-04 11:00:00,363.747232844,364.538439202,363.052454761,363.593936612,18981.0
2022-02-04 11:15:00,363.371409824,364.726350712,362.965916566,364.459318566,19745.0
2022-02-04 11:30:00,364.291187215,365.379095957,364.281297136,364.859866785,15570.0
2022-02-04 11:45:00,365.013163016,366.298873347,365.013163016,365.418656275,13019.0
2022-02-04 12:00:00,365.764809056,365.982390804,365.210964606,365.6832159,7707.0
2022-02-04 12:15:00,365.784589215,366.387884063,365.784589215,366.363158864,5469.0
2022-02-04 12:30:00,366.190082473,366.62524597,366.190082473,366.62524597,7749.0
2022-02-04 12:45:00,366.694476526,366.694476526,365.913160248,366.170302314,7919.0
2022-02-04 13:00:00,366.24942295,366.684586447,365.838984652,366.684586447,7094.0
2022-02-04 13:15:00,366.823047559,367.653814235,366.645026129,367.520298162,9431.0
2022-02-04 13:30:00,367.663704314,367.663704314,366.753817003,366.778542202,8117.0
2022-02-04 13:45:00,366.7161358,367.879308047,366.605465811,367.693374553,8607.0
2022-02-04 14:00:00,367.614253917,367.841725745,367.465902725,367.713154712,12054.0
2022-02-04 14:15:00,367.634034076,368.247219003,366.734036844,366.77705869,17887.0
2022-02-04 14:30:00,366.892278116,367.208760659,366.595476831,367.208760659,6807.0
2022-02-04 14:45:00,367.109859864,367.386782089,366.704366606,367.208760659,14531.0
2022-02-04 15:00:00,366.981288831,367.920846381,366.457114619,367.920846381,7877.0
2022-02-04 15:15:00,367.594473758,368.692272579,367.077123701,368.608206904,18841.0
2022-02-04 15:30:00,368.623042023,369.226336871,368.331284679,368.543921387,20759.0
2022-02-04 15:45:00,368.786821739,369.256007109,367.401617208,367.505463043,20796.0
2022-02-04 16:00:00,367.396672169,367.841725745,365.616457864,365.616457864,70522.0
2022-02-04 16:15:00,365.68568842,365.68568842,365.68568842,365.68568842,12494.0
2022-02-07 09:45:00,366.467004698,366.467004698,364.395033049,365.408766195,15045.0
2022-02-07 10:00:00,365.087338612,365.90841301,364.157671142,365.57857886,31379.0
2022-02-07 10:15:00,365.87359993,367.149420182,365.191184447,365.646128102,28506.0
2022-02-07 10:30:00,366.021951122,367.475792804,365.992280884,366.976343791,14038.0
2022-02-07 10:45:00,367.886231103,368.949414646,367.809088483,368.49447099,18901.0
2022-02-07 11:00:00,368.454910672,368.741722977,367.530188242,367.831835665,12721.0
2022-02-07 11:15:00,367.901066222,368.088977732,367.163266293,368.088977732,13892.0
2022-02-07 11:30:00,368.084032692,369.414248381,367.975044016,369.171941434,11621.0
2022-02-07 11:45:00,369.374688063,369.503259096,368.712052738,369.068095599,18845.0
2022-02-07 12:00:00,368.959304725,370.36369601,368.959304725,370.116444023,10281.0
2022-02-07 12:15:00,370.066993626,370.066993626,368.632932103,368.632932103,10728.0
2022-02-07 12:30:00,368.627987063,368.929634487,368.454910672,368.810953533,20601.0
2022-02-07 12:45:00,368.692272579,369.097765838,368.692272579,369.095392219,9580.0
2022-02-07 13:00:00,368.979084884,368.979084884,368.079087652,368.12853805,17721.0
2022-02-07 13:15:00,368.273229912,369.384578142,368.207658685,369.127436076,13401.0
2022-02-07 13:30:00,369.24611703,369.285677348,368.712052738,369.166996394,12051.0
2022-02-07 13:45:00,369.275787268,369.730730924,369.275787268,369.532929334,10345.0
2022-02-07 14:00:00,369.701060685,370.343915851,369.384578142,369.98787299,12896.0
2022-02-07 14:15:00,369.720840844,369.968092831,369.453808699,369.681280526,13154.0
2022-02-07 14:30:00,369.790071401,370.215344818,369.750511083,369.879082116,9395.0
2022-02-07 14:45:00,369.760401162,369.918642434,369.295567427,369.666445407,12937.0
2022-02-07 15:00:00,369.760401162,370.996661096,369.599687371,370.828529745,17237.0
2022-02-07 15:15:00,370.853254944,371.471384911,370.699958712,371.471384911,14978.0
2022-02-07 15:30:00,371.382374195,371.446659712,370.492267043,370.492267043,15439.0
2022-02-07 15:45:00,370.472486884,370.73951903,369.513149175,369.62194005,20279.0
2022-02-07 16:00:00,369.562599573,370.017543228,368.187878526,369.295567427,61503.0
2022-02-07 16:15:00,369.05820552,369.05820552,369.05820552,369.05820552,7772.0
2022-02-08 09:45:00,370.1757845,370.264795215,367.574693599,368.257109083,22445.0
2022-02-08 10:00:00,368.553811467,370.989243536,368.553811467,370.989243536,29832.0
2022-02-08 10:15:00,370.981825977,372.341711904,369.62194005,370.91754046,20562.0
2022-02-08 10:30:00,371.046111493,371.639417361,370.36864105,371.436769632,12454.0
2022-02-08 10:45:00,371.362594036,372.658194447,371.243913083,371.787867454,19910.0
2022-02-08 11:00:00,372.143910315,372.569183732,372.143910315,372.376327182,15464.0
2022-02-08 11:15:00,372.628524209,373.775773427,372.628524209,373.073577785,18361.0
2022-02-08 11:30:00,373.034017467,374.552144666,372.994457149,374.309837719,22239.0
2022-02-08 11:45:00,374.314782758,375.190054791,374.062585732,374.319727798,20711.0
2022-02-08 12:00:00,374.428518672,375.753789321,374.28016748,375.526317493,25927.0
2022-02-08 12:15:00,375.427416699,375.59554805,374.932912725,375.333460944,14391.0
2022-02-08 12:30:00,375.308735745,375.704338924,374.903242487,375.180164712,13657.0
2022-02-08 12:45:00,375.140604394,375.259285348,374.596650023,374.987308162,12254.0
2022-02-08 13:00:00,375.152769192,375.279065507,374.774671454,374.774671454,12483.0
2022-02-08 13:15:00,374.606540103,375.466977017,374.606540103,375.457086937,11515.0
2022-02-08 13:30:00,375.684558765,375.684558765,374.636210341,374.863682169,9536.0
2022-02-08 13:45:00,374.883462328,375.823019878,374.883462328,375.377966301,14250.0
2022-02-08 14:00:00,375.160384553,375.694448844,375.071373838,375.578339311,8559.0
2022-02-08 14:15:00,375.605438129,375.605438129,374.972473043,375.150791176,12086.0
2022-02-08 14:30:00,375.288955586,375.288955586,374.438408752,374.448298831,10208.0
2022-02-08 14:45:00,374.448298831,374.675770659,373.637312315,373.696652791,10426.0
2022-02-08 15:00:00,373.845003983,374.042805573,373.459290884,373.676872632,8974.0
2022-02-08 15:15:00,373.676872632,374.6559905,373.251599215,374.596650023,13395.0
2022-02-08 15:30:00,374.705440897,374.873572248,374.250497242,374.675770659,22101.0
2022-02-08 15:45:00,374.646100421,375.437306778,374.517529387,374.873572248,27068.0
2022-02-08 16:00:00,374.804341692,375.605438129,374.745001215,375.249395268,74964.0
2022-02-08 16:15:00,375.150494474,375.150494474,375.150494474,375.150494474,4903.0
2022-02-08 20:00:00,384.486729494,384.486729494,384.486729494,384.486729494,200.0
2022-02-09 09:45:00,375.931810752,377.08400501,375.442251818,376.752687348,22453.0
2022-02-09 10:00:00,377.415322672,378.414220699,377.029609573,377.118620288,16254.0
2022-02-09 10:15:00,376.802137745,378.449132679,376.802137745,378.449132679,25115.0
2022-02-09 10:30:00,378.463671096,378.839494116,378.028507599,378.77026356,17426.0
2022-02-09 10:45:00,378.815757925,379.106526262,378.063122878,378.790043719,17062.0
2022-02-09 11:00:00,378.829604037,380.421906831,378.77026356,379.823557023,19228.0
2022-02-09 11:15:00,379.838392143,379.838392143,377.761475454,377.956903424,16797.0
2022-02-09 11:30:00,378.107628235,378.424110778,377.741695295,378.137298474,9820.0
2022-02-09 11:45:00,378.255979427,378.938394911,378.166968712,378.869164354,29645.0
2022-02-09 12:00:00,378.681252845,379.14608658,378.335100063,378.616967328,14990.0
2022-02-09 12:15:00,378.612022288,379.541689758,378.612022288,378.799933798,25860.0
2022-02-09 12:30:00,378.805076639,379.274657613,378.335100063,378.968065149,21216.0
2022-02-09 12:45:00,378.968065149,379.213932525,378.621912368,378.992592546,18313.0
2022-02-09 13:00:00,378.928504831,379.423008805,378.730703242,379.304327851,11690.0
2022-02-09 13:15:00,379.51201952,379.779051666,378.869164354,379.244987374,12300.0
2022-02-09 13:30:00,379.284547692,379.472459202,378.780153639,379.462569123,12287.0
2022-02-09 13:45:00,379.551579838,379.756996789,379.309272891,379.531799679,13904.0
2022-02-09 14:00:00,379.630700474,380.317566493,379.502129441,379.502129441,20347.0
2022-02-09 14:15:00,379.502129441,379.759271507,378.94828499,379.759271507,13474.0
2022-02-09 14:30:00,379.88784254,380.12184182,379.244987374,380.006523494,21061.0
2022-02-09 14:45:00,379.986743335,380.337841156,379.848282222,380.026303653,18144.0
2022-02-09 15:00:00,380.144984606,380.431796911,380.036193732,380.214215162,15048.0
2022-02-09 15:15:00,380.125204447,380.293335798,379.630700474,379.729601268,23788.0
2022-02-09 15:30:00,379.838392143,380.44168699,379.828502063,380.194435003,22845.0
2022-02-09 15:45:00,380.303225878,380.402126672,379.670260792,379.917512778,39563.0
2022-02-09 16:00:00,379.917512778,380.44168699,379.235097295,380.144984606,115818.0
2022-02-09 16:15:00,380.135094527,380.135094527,380.135094527,380.135094527,1413.0
2022-02-09 16:30:00,380.135094527,380.135094527,380.135094527,380.135094527,156.0
2022-02-10 09:45:00,378.552681811,382.029044745,378.552681811,381.583991169,28552.0
2022-02-10 10:00:00,381.776847719,382.056143563,381.341684222,381.588936209,18927.0
2022-02-10 10:15:00,381.608716368,381.875748513,380.323006037,380.481247308,29705.0
2022-02-10 10:30:00,380.402126672,380.412016752,379.027405626,379.660370712,23302.0
2022-02-10 10:45:00,379.650480633,381.252673507,379.650480633,380.795751835,27297.0
2022-02-10 11:00:00,380.654323699,380.763114573,379.709821109,379.709821109,33098.0
2022-02-10 11:15:00,379.729601268,380.62465346,379.472459202,379.966963176,27726.0
2022-02-10 11:30:00,380.085644129,380.481247308,379.531799679,380.154874686,34048.0
2022-02-10 11:45:00,380.016413573,381.074652076,379.497184401,380.857070328,37727.0
2022-02-10 12:00:00,381.094432235,381.534540772,380.63948858,381.143882633,19041.0
2022-02-10 12:15:00,381.109267355,381.984539388,381.0153116,381.93508899,20366.0
2022-02-10 12:30:00,381.93508899,382.093330262,381.430694937,381.821353076,18482.0
2022-02-10 12:45:00,381.865858434,382.053769944,381.55926597,381.618606447,15169.0
2022-02-10 13:00:00,381.598826288,381.598826288,379.690040951,380.144984606,36793.0
2022-02-10 13:15:00,380.327951076,381.00542152,379.932347898,380.491137388,22143.0
2022-02-10 13:30:00,380.609818341,380.609818341,379.937292937,379.937292937,22906.0
2022-02-10 13:45:00,379.966963176,380.224105242,378.631802447,379.51201952,33533.0
2022-02-10 14:00:00,379.393338566,379.472459202,378.186748871,378.869164354,20065.0
2022-02-10 14:15:00,379.007625467,379.007625467,377.514223467,377.543893705,20883.0
2022-02-10 14:30:00,377.177960765,377.187850844,376.1493925,376.752687348,25912.0
2022-02-10 14:45:00,376.831807984,377.84059609,376.495545282,377.558728825,35969.0
2022-02-10 15:00:00,377.504333388,378.048287758,376.851588142,377.692244897,27108.0
2022-02-10 15:15:00,377.751585374,378.325209984,376.910928619,378.295539745,28251.0
2022-02-10 15:30:00,378.404330619,378.523011573,377.207631003,377.751585374,31406.0
2022-02-10 15:45:00,377.563673864,377.731805215,376.594446076,376.594446076,35120.0
2022-02-10 16:00:00,376.70323695,378.20652903,375.753789321,377.810925851,143454.0
2022-02-10 16:15:00,377.820815931,377.820815931,377.820815931,377.820815931,8568.0
2022-02-10 19:30:00,376.910928619,376.910928619,376.910928619,376.910928619,100.0
2022-02-11 09:30:00,378.76037348,378.76037348,378.76037348,378.76037348,269.0
2022-02-11 09:45:00,378.780153639,380.81751001,376.084810281,380.718609215,24400.0
2022-02-11 10:00:00,381.074652076,382.736185427,380.520807626,382.404867765,25841.0
2022-02-11 10:15:00,382.528493759,382.706515189,380.63948858,381.292233825,28086.0
2022-02-11 10:30:00,381.302123904,382.355417368,381.183442951,382.014209626,16522.0
2022-02-11 10:45:00,382.073550103,382.731240388,381.56421101,382.301021931,22487.0
2022-02-11 11:00:00,382.271351692,383.448271149,382.1230005,383.260359639,19103.0
2022-02-11 11:15:00,383.517501706,383.893324725,382.004319547,382.439483043,19593.0
2022-02-11 11:30:00,382.568054076,383.42849099,382.261461613,382.988382454,19042.0
2022-02-11 11:45:00,382.854866381,382.933987017,381.821353076,382.053769944,21435.0
2022-02-11 12:00:00,381.94497907,383.42849099,381.94497907,382.755965586,28877.0
2022-02-11 12:15:00,382.479043361,383.458161229,382.454318162,383.25046956,16655.0
2022-02-11 12:30:00,383.032887812,383.032887812,381.994429467,382.147725699,16794.0
2022-02-11 12:45:00,382.241681454,382.68673503,382.083440182,382.439483043,13788.0
2022-02-11 13:00:00,382.399922725,383.413655871,381.925198911,382.963657255,31573.0
2022-02-11 13:15:00,382.983437414,383.379040593,382.726295348,383.027942772,18892.0
2022-02-11 13:30:00,383.05266797,383.527391785,382.993327494,383.201019163,21821.0
2022-02-11 13:45:00,383.280139798,387.968037467,382.943877096,387.097710474,118168.0
2022-02-11 14:00:00,387.013644798,392.181211322,386.301559077,391.894399017,129336.0
2022-02-11 14:15:00,391.894399017,395.484497865,391.874618858,394.203732573,177123.0
2022-02-11 14:30:00,394.208677613,395.00977405,390.885610911,390.969676587,74003.0
2022-02-11 14:45:00,391.038907143,393.298790302,390.90539107,391.849893659,57257.0
2022-02-11 15:00:00,391.924069255,394.777357183,391.152643057,394.426259361,73018.0
2022-02-11 15:15:00,394.465819679,396.513857336,393.506481971,395.914716322,95879.0
2022-02-11 15:30:00,396.077902633,396.809768514,394.228457772,395.974056799,92313.0
2022-02-11 15:45:00,396.023507196,396.394385176,392.675715295,394.179007375,136734.0
2022-02-11 16:00:00,394.213622653,396.572406607,394.050436342,394.683401428,325828.0
2022-02-11 16:15:00,394.930653414,394.930653414,394.930653414,394.930653414,10047.0
2022-02-11 17:30:00,395.405377229,395.405377229,395.405377229,395.405377229,213.0
2022-02-11 18:00:00,395.405377229,395.405377229,395.405377229,395.405377229,112.0
2022-02-11 19:30:00,395.58339866,395.58339866,395.58339866,395.58339866,493.0
2022-02-11 20:00:00,394.960323653,394.960323653,394.960323653,394.960323653,1000.0
2022-02-14 07:45:00,393.407581176,393.407581176,389.679021216,389.679021216,1292.0
2022-02-14 08:00:00,389.728471613,389.728471613,389.718581534,389.718581534,722.0
2022-02-14 08:15:00,386.10781242,386.10781242,386.10781242,386.10781242,558.0
2022-02-14 08:45:00,390.16363511,390.16363511,390.16363511,390.16363511,211.0
2022-02-14 09:15:00,387.691115242,387.691115242,387.691115242,387.691115242,1446.0
2022-02-14 09:45:00,392.636154977,392.972417679,385.960351335,386.202658282,107654.0
2022-02-14 10:00:00,386.279306398,386.279306398,383.647556251,384.279037825,69118.0
2022-02-14 10:15:00,384.37793862,384.37793862,381.576573609,382.958712215,74944.0
2022-02-14 10:30:00,382.988382454,384.635080686,382.607614394,384.016950719,72704.0
2022-02-14 10:45:00,384.031785838,384.229587427,382.330692169,382.765855666,63249.0
2022-02-14 11:00:00,382.755965586,382.884536619,379.33399809,379.442788964,67591.0
2022-02-14 11:15:00,379.205427056,379.482349282,378.57246197,378.982900268,46049.0
2022-02-14 11:30:00,379.086746103,380.619708421,378.918614752,380.100479249,53311.0
2022-02-14 11:45:00,380.100479249,381.129047513,379.779051666,380.871905447,56035.0
2022-02-14 12:00:00,380.906520725,381.628496527,380.6295985,381.420804858,26690.0
2022-02-14 12:15:00,381.316959023,381.470255255,380.44663203,381.133992553,33034.0
2022-02-14 12:30:00,381.242783427,382.904316778,381.049926878,382.810361023,25085.0
2022-02-14 12:45:00,382.815306063,383.863654487,382.498922421,383.17332694,40787.0
2022-02-14 13:00:00,383.161458845,383.695523136,382.935866132,383.458161229,36742.0
2022-02-14 13:15:00,383.44332611,384.021895759,383.264414572,383.784533851,34708.0
2022-02-14 13:30:00,383.81420409,385.816945182,383.665852898,385.614198553,75116.0
2022-02-14 13:45:00,385.179035057,385.203760255,382.924096937,383.725193374,66818.0
2022-02-14 14:00:00,383.858709447,388.017487865,382.182340977,387.246061666,120628.0
2022-02-14 14:15:00,387.389467818,387.72573052,383.774643772,384.633597174,71214.0
2022-02-14 14:30:00,384.417498937,385.001013626,383.720248335,384.654860845,43324.0
2022-02-14 14:45:00,384.19002711,385.703209269,383.947720163,385.070244182,25911.0
2022-02-14 15:00:00,384.862552514,386.059252129,384.511454692,384.73398148,35029.0
2022-02-14 15:15:00,384.773541798,385.070244182,383.794423931,384.397718778,37920.0
2022-02-14 15:30:00,384.476839414,385.594418394,384.239477507,385.198815216,42499.0
2022-02-14 15:45:00,385.149364818,386.375734673,385.052442039,386.370789633,79753.0
2022-02-14 16:00:00,386.41529499,387.275731904,385.841670381,386.22738348,199575.0
2022-02-14 16:15:00,386.306504116,386.306504116,386.306504116,386.306504116,9334.0
2022-02-15 09:15:00,383.735083454,383.735083454,383.735083454,383.735083454,350.0
2022-02-15 09:30:00,383.398820752,383.398820752,377.959277043,379.709821109,3459.0
2022-02-15 09:45:00,382.924096937,382.924096937,378.849384196,378.849384196,74105.0
2022-02-15 10:00:00,379.185646898,379.957073096,376.119722262,376.52521552,49259.0
2022-02-15 10:15:00,376.752687348,377.959277043,376.275491013,377.6427945,31298.0
2022-02-15 10:30:00,377.899936566,380.416961792,377.899936566,380.085644129,23625.0
2022-02-15 10:45:00,380.115314368,382.202121136,379.1361965,381.613661408,23172.0
2022-02-15 11:00:00,381.974649308,383.181239004,381.974649308,383.112008447,21636.0
2022-02-15 11:15:00,382.815306063,383.794423931,382.805415984,383.072448129,14366.0
2022-02-15 11:30:00,383.072448129,384.37793862,382.933987017,383.784533851,21327.0
2022-02-15 11:45:00,383.843874328,384.640025725,383.606512421,383.606512421,15182.0
2022-02-15 12:00:00,383.715303295,383.752885597,382.607614394,383.05266797,11240.0
2022-02-15 12:15:00,383.06255805,383.735083454,382.627394553,382.775745745,8742.0
2022-02-15 12:30:00,382.627394553,383.982335441,382.31091201,383.744973533,14774.0
2022-02-15 12:45:00,383.794423931,383.794423931,383.151568765,383.695523136,13238.0
2022-02-15 13:00:00,383.62629258,383.62629258,382.765855666,382.924096937,12779.0
2022-02-15 13:15:00,382.904316778,383.072448129,381.925198911,382.152670739,12872.0
2022-02-15 13:30:00,381.984539388,382.785635825,381.915308831,382.142780659,12031.0
2022-02-15 13:45:00,382.152670739,383.112008447,382.093330262,383.003217573,13866.0
2022-02-15 14:00:00,383.072448129,383.072448129,381.648276686,381.648276686,13104.0
2022-02-15 14:15:00,381.648276686,381.885638593,381.321904063,381.786737798,18274.0
2022-02-15 14:30:00,381.94497907,381.94497907,381.351574302,381.737287401,15563.0
2022-02-15 14:45:00,381.776847719,381.885638593,380.876850487,381.3762995,17067.0
2022-02-15 15:00:00,381.494980454,381.494980454,380.461467149,380.540587785,14330.0
2022-02-15 15:15:00,380.792784811,381.331794143,380.204325083,380.392236593,18351.0
2022-02-15 15:30:00,380.144984606,380.174654845,379.610920315,380.07575405,20227.0
2022-02-15 15:45:00,380.07575405,380.382346513,378.532901652,378.883999474,47269.0
2022-02-15 16:00:00,378.893889553,380.550477864,378.325209984,380.550477864,143656.0
2022-02-15 16:15:00,380.540587785,380.540587785,380.540587785,380.540587785,7450.0
2022-02-16 09:45:00,380.758169533,385.67353903,380.570258023,385.258155692,29432.0
2022-02-16 10:00:00,385.633978712,388.363640646,385.090024341,386.264471278,31684.0
2022-02-16 10:15:00,386.009801732,386.009801732,383.201019163,383.843874328,15896.0
2022-02-16 10:30:00,383.922994964,384.466949335,383.072448129,384.466949335,15211.0
2022-02-16 10:45:00,384.298817984,385.001013626,383.994203536,384.457059255,22830.0
2022-02-16 11:00:00,384.313653103,384.546069971,383.270249719,384.051565997,21920.0
2022-02-16 11:15:00,384.437279096,384.437279096,383.24057948,383.81420409,31620.0
2022-02-16 11:30:00,383.673270457,385.159254898,383.673270457,385.11969458,47958.0
2022-02-16 11:45:00,385.248265613,385.772439825,383.99222552,384.753761639,20320.0
2022-02-16 12:00:00,384.872442593,386.563646182,384.630333448,386.563646182,38376.0
2022-02-16 12:15:00,386.568591222,388.185619216,386.04936205,388.165839057,33567.0
2022-02-16 12:30:00,388.136168818,389.313088275,388.0966085,388.343860487,49428.0
2022-02-16 12:45:00,388.314190249,388.709793428,387.35485254,387.592214447,16461.0
2022-02-16 13:00:00,387.498258692,387.572335388,386.791216911,387.419138057,28081.0
2022-02-16 13:15:00,387.691115242,387.879026752,387.35485254,387.691115242,22990.0
2022-02-16 13:30:00,387.493313653,387.691115242,386.721887454,386.781227931,13538.0
2022-02-16 13:45:00,386.692217216,386.692217216,385.535077918,385.535077918,23026.0
2022-02-16 14:00:00,385.549913037,386.247163639,385.213650335,386.009801732,25826.0
2022-02-16 14:15:00,386.375734673,387.671335083,385.633978712,387.483423573,16173.0
2022-02-16 14:30:00,387.453753335,389.362538673,387.453753335,389.04111109,23220.0
2022-02-16 14:45:00,389.253747798,389.649252076,388.442761282,388.704848388,36962.0
2022-02-16 15:00:00,388.840836981,389.510889865,388.432871202,389.167209603,15530.0
2022-02-16 15:15:00,389.315560795,389.510889865,388.531771997,388.783969024,19973.0
2022-02-16 15:30:00,388.685068229,389.095506527,388.403200964,389.016385891,20807.0
2022-02-16 15:45:00,388.85814462,389.896602964,388.136168818,389.397153951,35327.0
2022-02-16 16:00:00,389.392208911,389.926174302,388.393310885,389.204297401,140476.0
2022-02-16 16:15:00,389.332868434,389.332868434,389.332868434,389.332868434,84002.0
2022-02-17 08:30:00,391.103192659,393.684503401,391.103192659,393.684503401,1030.0
2022-02-17 08:45:00,394.624060951,394.624060951,394.624060951,394.624060951,100.0
2022-02-17 09:30:00,391.182313295,391.241653772,390.687809322,390.687809322,2892.0
2022-02-17 09:45:00,388.452651361,391.924069255,387.102655514,391.508685918,36821.0
2022-02-17 10:00:00,391.498795838,392.309782355,390.183415269,390.440557335,45020.0
2022-02-17 10:15:00,390.415832136,391.84494862,389.803735118,391.64714703,39179.0
2022-02-17 10:30:00,391.904289097,392.062530368,390.633413885,391.221873613,17816.0
2022-02-17 10:45:00,391.09330258,391.84494862,390.663084123,391.568026395,18242.0
2022-02-17 11:00:00,391.666927189,392.131760924,391.033962103,391.305939289,16479.0
2022-02-17 11:15:00,391.429565282,392.22077164,391.429565282,391.815278381,19156.0
2022-02-17 11:30:00,391.963629573,393.229559746,391.607586712,392.497693865,30057.0
2022-02-17 11:45:00,392.502638904,392.685605375,391.706487507,391.894399017,19838.0
2022-02-17 12:00:00,391.64714703,394.218567693,391.558136315,394.218567693,20063.0
2022-02-17 12:15:00,394.188897454,395.375706991,394.188897454,395.069114527,17900.0
2022-02-17 12:30:00,395.217465719,396.384495097,394.63395103,395.405377229,23553.0
2022-02-17 12:45:00,395.410322269,395.830650646,395.083949646,395.439992507,20237.0
2022-02-17 13:00:00,395.751530011,396.236045004,394.980103812,395.316366514,20321.0
2022-02-17 13:15:00,395.444937547,395.820760567,394.82680758,395.781200249,15521.0
2022-02-17 13:30:00,395.808991372,396.898680328,395.702079613,396.631747083,18099.0
2022-02-17 13:45:00,396.626802044,396.948229626,395.830650646,396.572406607,32296.0
2022-02-17 14:00:00,396.433945494,396.656472282,395.538893302,395.840540726,36037.0
2022-02-17 14:15:00,395.979001838,396.32515462,395.350981792,395.514168103,22651.0
2022-02-17 14:30:00,395.435047467,395.435047467,393.724063719,393.981205785,23631.0
2022-02-17 14:45:00,393.911975229,394.307578408,393.071318474,393.437251414,28149.0
2022-02-17 15:00:00,393.605382765,394.139447057,392.972417679,393.536152209,37989.0
2022-02-17 15:15:00,393.51142701,394.060326421,392.359232752,392.448243467,31822.0
2022-02-17 15:30:00,392.418573229,393.358130779,392.161431163,393.071318474,30961.0
2022-02-17 15:45:00,393.031758156,393.719118679,392.695495454,392.942747441,52191.0
2022-02-17 16:00:00,393.100988712,394.135293223,392.621319858,393.743843878,126445.0
2022-02-17 16:15:00,393.733953799,393.733953799,393.733953799,393.733953799,7109.0
2022-02-17 16:45:00,396.88888915,396.88888915,396.88888915,396.88888915,200.0
2022-02-18 08:15:00,393.130658951,393.130658951,393.130658951,393.130658951,497.0
2022-02-18 09:45:00,393.130658951,394.82680758,392.319672434,393.7092286,42017.0
2022-02-18 10:00:00,393.738898838,394.188897454,392.39879307,393.288900222,25138.0
2022-02-18 10:15:00,393.565822448,395.079004607,393.269120063,395.00977405,30081.0
2022-02-18 10:30:00,395.059224448,395.059224448,393.051538315,393.209779587,16310.0
2022-02-18 10:45:00,393.229559746,393.51637205,392.329562514,392.616374818,20964.0
2022-02-18 11:00:00,392.497693865,392.557034342,390.836160514,390.994401785,24209.0
2022-02-18 11:15:00,391.073522421,392.982307759,390.579018447,391.261433931,35782.0
2022-02-18 11:30:00,391.320774408,391.45923552,390.608688686,391.192203375,23661.0
2022-02-18 11:45:00,391.202093454,391.617476792,389.857042646,390.287261103,23802.0
2022-02-18 12:00:00,390.371326779,390.420777176,388.215289454,388.403200964,14816.0
2022-02-18 12:15:00,388.10649858,388.759243825,387.374632699,388.215289454,19192.0
2022-02-18 12:30:00,388.4823216,389.510889865,388.264739851,389.510889865,12163.0
2022-02-18 12:45:00,389.253747798,389.629570818,388.581222394,389.248802759,15195.0
2022-02-18 13:00:00,389.342758514,389.40209899,387.972982507,387.972982507,23119.0
2022-02-18 13:15:00,388.076828341,388.927375176,388.027377944,388.324080328,32186.0
2022-02-18 13:30:00,388.363640646,388.759243825,388.047158103,388.116388659,13014.0
2022-02-18 13:45:00,388.264739851,388.403200964,387.7854666,387.90869699,12316.0
2022-02-18 14:00:00,388.042213063,388.907595017,388.042213063,388.620782712,16755.0
2022-02-18 14:15:00,388.531771997,388.84825454,388.195509295,388.403200964,15858.0
2022-02-18 14:30:00,388.581222394,388.947155335,388.4823216,388.601002553,44951.0
2022-02-18 14:45:00,388.581222394,388.877924779,387.790016037,388.096806302,38785.0
2022-02-18 15:00:00,388.122916112,388.749353745,387.285621984,388.366113166,19853.0
2022-02-18 15:15:00,388.536717037,388.927375176,387.426456715,387.54276405,29193.0
2022-02-18 15:30:00,387.532873971,388.235069613,387.216391428,387.617829753,27405.0
2022-02-18 15:45:00,387.433973176,388.492211679,386.815843209,388.235069613,46296.0
2022-02-18 16:00:00,388.324080328,388.709793428,386.771337851,386.969139441,164472.0
2022-02-18 16:15:00,386.949359282,386.949359282,386.949359282,386.949359282,258967.0
2022-02-22 07:15:00,391.637256951,391.637256951,391.637256951,391.637256951,300.0
2022-02-22 08:15:00,392.161431163,392.161431163,392.161431163,392.161431163,226.0
2022-02-22 09:30:00,391.340554567,391.340554567,388.680123189,389.906493043,1064.0
2022-02-22 09:45:00,390.52956805,390.895500991,382.864756461,382.930426588,67550.0
2022-02-22 10:00:00,382.924096937,386.61438229,382.627394553,386.41529499,34283.0
2022-02-22 10:15:00,386.6032065,386.820788249,383.566952103,383.982335441,29734.0
2022-02-22 10:30:00,384.051565997,385.287825931,383.789478891,385.258155692,29109.0
2022-02-22 10:45:00,386.088922368,386.669568934,385.525187838,386.182878123,18565.0
2022-02-22 11:00:00,386.504305706,388.076828341,386.286723957,387.137270792,28326.0
2022-02-22 11:15:00,387.038369997,388.571332315,387.038369997,388.531771997,14165.0
2022-02-22 11:30:00,388.66034303,391.543301196,388.412794341,390.509787891,22928.0
2022-02-22 11:45:00,390.415832136,391.568026395,390.311986302,391.399895044,17252.0
2022-02-22 12:00:00,391.419675202,391.666927189,390.90539107,391.113082739,12028.0
2022-02-22 12:15:00,391.310884328,391.963629573,391.0834125,391.84000358,12786.0
2022-02-22 12:30:00,391.64714703,392.151541083,390.470227573,390.470227573,20993.0
2022-02-22 12:45:00,390.334041179,390.334041179,388.709793428,389.313088275,13932.0
2022-02-22 13:00:00,389.055946209,389.5900105,388.640562871,388.640562871,10566.0
2022-02-22 13:15:00,388.85814462,389.144956924,388.610892633,388.868034699,10825.0
2022-02-22 13:30:00,388.912540057,388.912540057,387.414193017,387.513093812,11259.0
2022-02-22 13:45:00,387.453753335,387.758367783,386.736722573,386.9889196,17685.0
2022-02-22 14:00:00,386.781227931,386.969535044,385.851560461,386.23727356,17097.0
2022-02-22 14:15:00,385.930681096,385.990021573,384.756926465,385.344199384,22450.0
2022-02-22 14:30:00,385.317496169,386.019691812,384.694421163,385.337276328,22583.0
2022-02-22 14:45:00,385.599363434,386.583426341,385.169144977,386.143317805,21650.0
2022-02-22 15:00:00,385.901010858,387.503203732,385.238375533,386.850458487,16009.0
2022-02-22 15:15:00,386.929579123,387.710895401,386.810898169,387.196611269,17060.0
2022-02-22 15:30:00,387.216391428,387.760345798,386.702107295,387.305402143,17169.0
2022-02-22 15:45:00,387.305402143,387.938367229,386.514195785,386.687272176,31243.0
2022-02-22 16:00:00,386.400459871,386.578481302,384.615300527,386.207603322,69308.0
2022-02-22 16:15:00,386.435075149,386.435075149,386.435075149,386.435075149,9673.0
2022-02-23 09:15:00,381.836188196,381.836188196,381.836188196,381.836188196,644.0
2022-02-23 09:45:00,388.086718421,389.461439467,387.344962461,389.421879149,16262.0
2022-02-23 10:00:00,389.600790687,390.262535904,388.195509295,388.991660692,13638.0
2022-02-23 10:15:00,388.610892633,388.759243825,386.494415626,386.860348567,9974.0
2022-02-23 10:30:00,386.504305706,387.399357898,385.218595374,385.218595374,9431.0
2022-02-23 10:45:00,385.327386249,385.327386249,383.81420409,385.228485454,29458.0
2022-02-23 11:00:00,384.92189299,386.158152924,384.496619573,385.248265613,30953.0
2022-02-23 11:15:00,385.337276328,385.772439825,383.863753388,384.58830061,14601.0
2022-02-23 11:30:00,384.714201321,384.862552514,383.982335441,383.982335441,10916.0
2022-02-23 11:45:00,384.066401116,384.976288427,383.80431401,383.952665202,18524.0
2022-02-23 12:00:00,384.140576712,385.040573944,384.140576712,384.387828699,7405.0
2022-02-23 12:15:00,384.259257666,384.628751035,384.120796553,384.269147745,6552.0
2022-02-23 12:30:00,384.496619573,384.912002911,384.308708063,384.793321957,8387.0
2022-02-23 12:45:00,384.803212037,384.991123547,384.219697348,384.496619573,15358.0
2022-02-23 13:00:00,384.457059255,384.457059255,383.517501706,383.868599527,14118.0
2022-02-23 13:15:00,383.922994964,383.922994964,382.835086222,383.102118368,7641.0
2022-02-23 13:30:00,382.914206858,383.784533851,382.914206858,383.388930672,11034.0
2022-02-23 13:45:00,383.082338209,383.25046956,381.974649308,383.25046956,24726.0
2022-02-23 14:00:00,383.24057948,384.051565997,382.751910654,382.751910654,9639.0
2022-02-23 14:15:00,382.933987017,383.013107653,381.928462637,382.147725699,20203.0
2022-02-23 14:30:00,382.009264586,382.390032646,381.552145113,381.826298116,19123.0
2022-02-23 14:45:00,381.831243156,381.954869149,380.896630646,380.896630646,12382.0
2022-02-23 15:00:00,381.153772712,381.668056845,381.094432235,381.361464381,12994.0
2022-02-23 15:15:00,381.232893348,381.707617162,380.609818341,381.697727083,20426.0
2022-02-23 15:30:00,381.826298116,382.5087136,381.450475096,382.479043361,23903.0
2022-02-23 15:45:00,382.172450898,382.607614394,381.223003268,381.445530057,31519.0
2022-02-23 16:00:00,381.410914778,381.922231887,380.975751282,381.855968355,85455.0
2022-02-23 16:15:00,381.836188196,381.836188196,381.836188196,381.836188196,7935.0
2022-02-23 17:00:00,381.836188196,381.836188196,381.836188196,381.836188196,100.0
2022-02-24 04:15:00,380.768059613,380.768059613,380.768059613,380.768059613,402.0
2022-02-24 07:15:00,395.840540726,395.840540726,395.603178818,395.603178818,712.0
2022-02-24 07:30:00,407.471274183,407.71852617,406.284464647,406.284464647,467.0
2022-02-24 07:45:00,396.602076845,396.602076845,396.592186766,396.592186766,549.0
2022-02-24 08:00:00,396.602076845,399.559210607,396.602076845,399.559210607,1023.0
2022-02-24 08:15:00,406.263893281,406.264585587,390.658139083,396.196583587,1223.0
2022-02-24 08:30:00,397.571304633,399.559210607,396.898779229,399.559210607,1138.0
2022-02-24 08:45:00,397.828446699,397.828446699,391.64714703,391.64714703,2022.0
2022-02-24 09:15:00,395.603178818,395.603178818,395.603178818,395.603178818,201.0
2022-02-24 09:30:00,395.603178818,397.957017732,395.603178818,396.592186766,1735.0
2022-02-24 09:45:00,391.27132401,395.227355799,388.474112834,389.857042646,141184.0
2022-02-24 10:00:00,389.491109706,398.471301865,389.065836289,395.444937547,170072.0
2022-02-24 10:15:00,395.603178818,396.12735303,391.538356156,392.669385644,97617.0
2022-02-24 10:30:00,392.863626805,392.863626805,386.741667613,386.815843209,63925.0
2022-02-24 10:45:00,386.593316421,390.104294633,385.851560461,389.550450183,72354.0
2022-02-24 11:00:00,389.421879149,389.847152567,387.018589838,387.641664845,34484.0
2022-02-24 11:15:00,387.285621984,388.057048183,386.949359282,387.068040235,33171.0
2022-02-24 11:30:00,387.087820394,387.888916832,385.699451038,386.281778918,29181.0
2022-02-24 11:45:00,386.322328243,387.621884686,385.708154308,386.23727356,34799.0
2022-02-24 12:00:00,386.543866024,387.394412858,385.836725341,387.226281507,42590.0
2022-02-24 12:15:00,387.231226547,387.562544209,386.128482686,386.365844593,22196.0
2022-02-24 12:30:00,386.360899553,387.463643414,386.197713242,387.463643414,18902.0
2022-02-24 12:45:00,387.384522779,388.136168818,386.42518507,387.720785481,34307.0
2022-02-24 13:00:00,387.691115242,388.47737656,386.563646182,386.80100809,35725.0
2022-02-24 13:15:00,386.830678328,387.35485254,386.316394196,386.810898169,20782.0
2022-02-24 13:30:00,386.761447772,387.137270792,386.029581891,386.850458487,22829.0
2022-02-24 13:45:00,386.820788249,388.259794812,386.702107295,387.770235878,29604.0
2022-02-24 14:00:00,387.621884686,389.273527957,386.840568408,387.196611269,25541.0
2022-02-24 14:15:00,387.414193017,388.531771997,387.117490633,388.406069087,18756.0
2022-02-24 14:30:00,388.373530726,389.837262487,387.532873971,389.5900105,20256.0
2022-02-24 14:45:00,389.283418037,389.78781209,388.947155335,389.738361692,33058.0
2022-02-24 15:00:00,389.500999785,390.203195428,388.922430136,389.718581534,62309.0
2022-02-24 15:15:00,389.619680739,389.817482328,388.383420805,389.402296792,49576.0
2022-02-24 15:30:00,389.500999785,389.649350977,386.885073765,387.295512063,30734.0
2022-02-24 15:45:00,387.127380712,390.895500991,386.993864639,389.995503759,90753.0
2022-02-24 16:00:00,390.114184712,391.993299812,390.015283918,391.142752977,196821.0
2022-02-24 16:15:00,391.142752977,391.142752977,391.142752977,391.142752977,8929.0
2022-02-24 16:45:00,391.142752977,391.142752977,391.142752977,391.142752977,113.0
2022-02-24 19:45:00,390.658139083,390.658139083,390.658139083,390.658139083,299.0
2022-02-25 06:30:00,394.140875272,394.140875272,394.140875272,394.140875272,250.0
2022-02-25 07:15:00,392.850237646,392.850237646,392.850237646,392.850237646,227.0
2022-02-25 08:00:00,392.611966084,392.611966084,392.611966084,392.611966084,297.0
2022-02-25 08:15:00,392.254558741,392.254558741,392.254558741,392.254558741,1607.0
2022-02-25 08:30:00,389.673283487,390.666081662,389.673283487,390.665982382,852.0
2022-02-25 09:15:00,388.194014207,388.521637605,387.558623376,388.492250779,3170.0
2022-02-25 09:30:00,388.521637605,390.48737799,388.521637605,390.48737799,1957.0
2022-02-25 09:45:00,390.507233954,397.994818506,390.507233954,396.483878964,60636.0
2022-02-25 10:00:00,396.655831608,396.751934471,394.140875272,394.905329867,26274.0
2022-02-25 10:15:00,394.945041794,397.109341814,394.255047063,396.890926216,26497.0
2022-02-25 10:30:00,396.985242042,400.038096429,396.414383092,399.968600557,30109.0
2022-02-25 10:45:00,399.879248721,400.872046896,399.263713853,399.53176936,46529.0
2022-02-25 11:00:00,399.372921652,402.023692778,399.293497798,400.589099416,54075.0
2022-02-25 11:15:00,400.792623042,403.840513437,400.643703315,403.771017565,38756.0
2022-02-25 11:30:00,403.939793255,404.644679959,402.897355171,404.326984543,33777.0
2022-02-25 11:45:00,404.31209257,405.061655192,403.850441419,403.850441419,35828.0
2022-02-25 12:00:00,403.939793255,404.326984543,403.354042332,404.058929036,26129.0
2022-02-25 12:15:00,403.532746003,403.959649218,403.095914806,403.721774776,24660.0
2022-02-25 12:30:00,403.820657474,406.24308502,403.820657474,405.597766206,35249.0
2022-02-25 12:45:00,405.806253823,406.029633412,405.056691201,405.587838224,20672.0
2022-02-25 13:00:00,405.667262078,406.312580892,405.183272968,405.756613914,30613.0
2022-02-25 13:15:00,405.756613914,406.143805202,404.65460794,405.607694188,20212.0
2022-02-25 13:30:00,405.816181804,406.69977218,405.50841437,406.224122574,20127.0
2022-02-25 13:45:00,406.372148782,407.7223543,406.009777449,407.516845077,44426.0
2022-02-25 14:00:00,407.990409807,408.119473569,406.828935222,406.828935222,22954.0
2022-02-25 14:15:00,406.550852454,407.633002464,406.431716673,406.53099649,34122.0
2022-02-25 14:30:00,406.526032499,406.550852454,405.230430882,405.572946252,29889.0
2022-02-25 14:45:00,405.706974005,405.994885476,403.870297382,404.36669647,39261.0
2022-02-25 15:00:00,404.257488671,404.36669647,403.374394694,403.999361145,27771.0
2022-02-25 15:15:00,403.954685227,405.369422626,403.364069593,403.924901282,36571.0
2022-02-25 15:30:00,403.949721236,406.292724928,403.949721236,405.890641668,52942.0
2022-02-25 15:45:00,405.935317585,406.560780435,404.451084315,405.498486389,89541.0
2022-02-25 16:00:00,405.275106799,407.970553843,405.275106799,406.709700162,229246.0
2022-02-25 16:15:00,406.719628143,406.719628143,406.719628143,406.719628143,11956.0
2022-02-25 16:30:00,406.719628143,406.719628143,406.719628143,406.719628143,466.0
2022-02-25 17:30:00,405.558153559,405.558153559,405.558153559,405.558153559,3300.0
2022-02-25 18:15:00,405.597766206,405.597766206,405.597766206,405.597766206,271.0
2022-02-28 04:15:00,425.920344838,425.920344838,425.910416856,425.910416856,509.0
2022-02-28 04:30:00,425.910416856,425.910416856,425.910416856,425.910416856,399.0
2022-02-28 04:45:00,422.941950314,422.941950314,422.932022333,422.932022333,235.0
2022-02-28 05:15:00,424.917618682,424.917618682,424.917618682,424.917618682,364.0
2022-02-28 05:30:00,426.903215031,426.903215031,426.903215031,426.903215031,288.0
2022-02-28 05:45:00,431.867205903,431.867205903,431.867205903,431.867205903,812.0
2022-02-28 06:00:00,431.857277921,433.832946289,431.857277921,431.867205903,932.0
2022-02-28 06:30:00,433.852802252,433.852802252,433.852802252,433.852802252,500.0
2022-02-28 06:45:00,433.15784353,433.15784353,433.15784353,433.15784353,100.0
2022-02-28 07:00:00,432.026053611,432.026053611,431.867205903,431.867205903,1027.0
2022-02-28 07:15:00,430.040457262,430.040457262,426.903215031,426.903215031,1913.0
2022-02-28 07:30:00,426.903215031,427.002494848,426.903215031,427.002494848,810.0
2022-02-28 07:45:00,426.903215031,426.903215031,425.116178317,425.116178317,1577.0
2022-02-28 08:00:00,424.917618682,424.917618682,424.917618682,424.917618682,211.0
2022-02-28 08:15:00,429.881609554,429.881609554,424.917618682,425.414017769,1100.0
2022-02-28 08:30:00,425.751569148,425.751569148,425.751569148,425.751569148,608.0
2022-02-28 08:45:00,423.924820507,425.741641167,423.924820507,425.414017769,817.0
2022-02-28 09:00:00,424.143236106,424.143236106,422.932022333,422.932022333,2087.0
2022-02-28 09:15:00,422.673894807,422.673894807,422.673894807,422.673894807,202.0
2022-02-28 09:30:00,421.988864067,422.832742515,412.011242413,412.011242413,9102.0
2022-02-28 09:45:00,411.326211673,425.751569148,410.948948367,424.798482901,245849.0
2022-02-28 10:00:00,424.436111567,426.913143012,423.647829817,425.662217313,135625.0
2022-02-28 10:15:00,425.443801714,431.430374706,424.22265996,430.636136167,131647.0
2022-02-28 10:30:00,430.477288459,435.03423208,430.100025153,431.22188709,162967.0
2022-02-28 10:45:00,430.838666994,434.498121066,430.497144422,433.33158321,112133.0
2022-02-28 11:00:00,433.475538946,433.78330638,429.151902896,430.963759564,70038.0
2022-02-28 11:15:00,430.402828596,434.220137577,430.402828596,432.76082354,61303.0
2022-02-28 11:30:00,433.276979311,433.872856775,430.924047637,432.681300406,62020.0
2022-02-28 11:45:00,432.850076096,434.40876923,432.801329705,433.882586197,61355.0
2022-02-28 12:00:00,434.026541933,435.987318327,432.998995822,435.71926282,55689.0
2022-02-28 12:15:00,435.848326583,436.066742181,432.085621501,432.721012333,83322.0
2022-02-28 12:30:00,432.740868297,433.137987566,431.370806816,432.155117374,65305.0
2022-02-28 12:45:00,432.026053611,432.810364169,430.10677618,431.718286177,68363.0
2022-02-28 13:00:00,431.589222414,431.698430213,428.064788895,428.337808393,74640.0
2022-02-28 13:15:00,428.412268256,430.477288459,428.164068712,428.928523307,37217.0
2022-02-28 13:30:00,428.788240925,428.878883398,427.533641871,428.531404037,31416.0
2022-02-28 13:45:00,428.32291642,429.97096139,428.101423147,429.375282485,37073.0
2022-02-28 14:00:00,428.849099453,430.000745335,428.273276511,429.881609554,33579.0
2022-02-28 14:15:00,429.881609554,430.129809098,425.53315355,426.434117893,50800.0
2022-02-28 14:30:00,426.337320071,428.124356785,426.257896217,427.876157242,31185.0
2022-02-28 14:45:00,427.707381552,429.414994412,426.903215031,429.262897732,60387.0
2022-02-28 15:00:00,429.668157947,432.244469209,429.077443033,431.431466784,38091.0
2022-02-28 15:15:00,431.599150396,432.492668753,430.834695802,432.443028844,44714.0
2022-02-28 15:30:00,432.76072426,434.825744463,432.507560726,433.832946289,79877.0
2022-02-28 15:45:00,433.832946289,436.156094017,433.227339402,436.007174291,124487.0
2022-02-28 16:00:00,435.917822455,439.750023409,435.798686674,438.787009179,355210.0
2022-02-28 16:15:00,438.955784869,438.955784869,429.11715496,438.955784869,22588.0
2022-02-28 17:00:00,438.816793125,438.955784869,438.568593581,438.955784869,5864.0
2022-02-28 17:15:00,438.955784869,438.955784869,438.955784869,438.955784869,200.0
2022-02-28 17:30:00,438.955784869,438.955784869,438.955784869,438.955784869,230.0
2022-02-28 19:00:00,438.955784869,438.955784869,438.955784869,438.955784869,100.0
2022-02-28 20:00:00,438.816793125,438.816793125,438.816793125,438.816793125,120.0
2022-03-01 05:15:00,438.717513307,438.717513307,438.717513307,438.717513307,100.0
2022-03-01 07:45:00,440.802389474,440.802389474,440.802389474,440.802389474,100.0
2022-03-01 08:00:00,441.23922067,441.23922067,441.23922067,441.23922067,100.0
2022-03-01 08:15:00,438.61823349,441.17965278,438.61823349,440.305990386,2427.0
2022-03-01 08:45:00,438.816793125,438.816793125,438.816793125,438.816793125,456.0
2022-03-01 09:00:00,438.320394037,438.320394037,438.320394037,438.320394037,255.0
2022-03-01 09:30:00,438.816793125,440.534333966,438.816793125,440.534333966,2117.0
2022-03-01 09:45:00,441.130012871,445.964939981,440.519441994,445.766380346,150635.0
2022-03-01 10:00:00,445.642280574,451.723169393,445.210413368,451.723169393,125064.0
2022-03-01 10:15:00,451.780950247,453.659125833,450.551667547,453.569773997,99724.0
2022-03-01 10:30:00,453.609485924,453.609485924,449.017794367,449.985772588,83732.0
2022-03-01 10:45:00,449.797140934,450.363035894,447.186081735,448.357583581,101155.0
2022-03-01 11:00:00,448.307943673,449.340453774,446.967765417,447.662624859,76706.0
2022-03-01 11:15:00,447.55341706,452.33374027,447.335001462,451.714929168,95629.0
2022-03-01 11:30:00,451.723169393,452.403236142,448.933406523,449.330525792,79258.0
2022-03-01 11:45:00,449.254973851,449.568797354,445.935156036,446.245604025,87678.0
2022-03-01 12:00:00,446.138679661,446.669826685,444.773582171,446.669826685,61767.0
2022-03-01 12:15:00,446.525870949,446.540762922,443.135961583,445.359333094,61081.0
2022-03-01 12:30:00,445.354369104,447.821472567,445.036673688,447.533561097,54311.0
2022-03-01 12:45:00,447.505762748,449.519157446,447.505762748,449.270957902,28529.0
2022-03-01 13:00:00,449.509229464,450.253828095,448.476719362,448.615711107,35825.0
2022-03-01 13:15:00,448.437007435,450.454770445,448.129240001,448.873838632,44003.0
2022-03-01 13:30:00,449.499301482,450.849506999,449.249513461,450.551667547,32083.0
2022-03-01 13:45:00,450.422603784,452.021008845,449.354352949,451.926693019,43332.0
2022-03-01 14:00:00,452.279136371,452.46459107,450.829651036,450.829651036,59614.0
2022-03-01 14:15:00,450.869362963,452.38834417,450.482171675,450.819723054,51923.0
2022-03-01 14:30:00,451.375690032,452.50251596,450.730371218,452.022498043,44488.0
2022-03-01 14:45:00,451.733196654,452.269208389,450.879290945,452.080576736,43244.0
2022-03-01 15:00:00,452.102815415,452.507479951,450.694233365,451.514880336,54773.0
2022-03-01 15:15:00,451.405473977,453.798117578,451.236698287,452.805319403,56223.0
2022-03-01 15:30:00,452.894671239,452.894671239,451.157274433,451.862161137,67888.0
2022-03-01 15:45:00,451.723169393,452.61668775,451.182094388,451.852233156,59409.0
2022-03-01 16:00:00,451.613961594,452.864887294,449.151822121,452.586903805,263983.0
2022-03-01 16:15:00,452.815247385,452.815247385,452.815247385,452.815247385,7800.0
2022-03-01 16:30:00,452.815247385,452.815247385,452.815247385,452.815247385,640.0
2022-03-01 17:30:00,452.825175367,452.825175367,452.815148105,452.815148105,811.0
2022-03-02 06:45:00,450.462315711,450.690659291,450.462315711,450.690659291,431.0
2022-03-02 07:15:00,449.727645062,449.727645062,449.727645062,449.727645062,530.0
2022-03-02 08:00:00,448.2384478,448.2384478,447.751976695,447.751976695,2082.0
2022-03-02 08:15:00,449.727645062,449.727645062,445.766380346,446.461339068,2482.0
2022-03-02 08:45:00,444.922501898,444.922501898,444.922501898,444.922501898,350.0
2022-03-02 09:00:00,444.922501898,444.922501898,442.936905549,442.936905549,1638.0
2022-03-02 09:15:00,443.780783997,444.525382628,443.780783997,444.525382628,336.0
2022-03-02 09:30:00,445.766380346,448.744774869,445.766380346,448.744774869,1471.0
2022-03-02 09:45:00,448.516431289,448.744774869,436.51350136,436.563141268,235351.0
2022-03-02 10:00:00,436.354653652,438.905152162,432.919571968,438.022554585,144332.0
2022-03-02 10:15:00,438.61823349,445.324585158,438.295574083,444.853006025,191822.0
2022-03-02 10:30:00,445.22034135,449.820968091,445.22034135,447.861184494,72986.0
2022-03-02 10:45:00,447.171189763,449.581207331,445.498324839,448.476719362,44302.0
2022-03-02 11:00:00,448.625639088,454.244777476,448.417151472,453.450638217,62770.0
2022-03-02 11:15:00,453.510206107,453.708765742,449.737573044,449.936132679,68824.0
2022-03-02 11:30:00,449.628365245,449.628365245,443.562368399,443.74107207,84302.0
2022-03-02 11:45:00,443.939631705,448.377439545,443.939631705,447.086801918,66767.0
2022-03-02 12:00:00,447.285361553,448.834126705,445.885516127,448.834126705,34211.0
2022-03-02 12:15:00,449.116279946,450.263756076,447.49384917,447.563345042,31347.0
2022-03-02 12:30:00,448.079600093,449.598581299,446.937882192,448.923478541,30062.0
2022-03-02 12:45:00,449.066640038,449.161750103,447.086801918,447.60802096,30683.0
2022-03-02 13:00:00,447.583201005,448.774558815,447.394569352,448.308241512,20043.0
2022-03-02 13:15:00,448.367511563,448.853982669,447.33609354,447.985284266,25899.0
2022-03-02 13:30:00,448.228519819,449.197788676,447.930680366,448.690369529,24681.0
2022-03-02 13:45:00,448.573417905,450.09845518,448.566071198,449.899796266,25210.0
2022-03-02 14:00:00,449.598581299,450.591379474,449.012830377,450.189296213,24960.0
2022-03-02 14:15:00,450.382891857,450.531811584,448.079600093,449.082326249,31557.0
2022-03-02 14:30:00,448.933406523,449.280885884,447.771832658,448.784586076,28301.0
2022-03-02 14:45:00,449.112110194,451.246626269,448.933406523,449.77232098,36375.0
2022-03-02 15:00:00,449.678005153,450.591379474,448.86391065,449.539013409,28904.0
2022-03-02 15:15:00,449.71771708,450.382891857,448.903622577,449.578725336,39348.0
2022-03-02 15:30:00,449.578725336,451.286338196,449.151921401,451.19698636,60540.0
2022-03-02 15:45:00,451.236698287,452.269208389,450.477207684,451.53453774,79885.0
2022-03-02 16:00:00,451.574249667,452.601795777,449.816996898,449.975844606,156205.0
2022-03-02 16:15:00,450.124764332,450.124764332,450.124764332,450.124764332,8606.0
2022-03-03 08:00:00,448.744774869,448.744774869,448.744774869,448.744774869,267.0
2022-03-03 08:15:00,448.744774869,448.744774869,447.394569352,447.394569352,603.0
2022-03-03 08:45:00,446.75917852,446.75917852,446.75917852,446.75917852,429.0
2022-03-03 09:00:00,445.776308328,445.776308328,445.776308328,445.776308328,200.0
2022-03-03 09:30:00,445.766380346,447.940608348,444.773582171,447.890968439,1815.0
2022-03-03 09:45:00,449.141894139,451.812521229,439.422499291,443.28438491,135431.0
2022-03-03 10:00:00,443.731144088,446.75917852,438.191330275,446.739322557,135390.0
2022-03-03 10:15:00,446.947810174,446.947810174,440.037934879,443.875099824,103318.0
2022-03-03 10:30:00,443.880063814,446.173427598,443.095753257,444.495598683,92193.0
2022-03-03 10:45:00,444.495598683,447.990248257,444.297039048,446.213139524,63706.0
2022-03-03 11:00:00,445.90537209,445.994723926,442.708561969,443.860207851,23041.0
2022-03-03 11:15:00,443.860207851,444.19775923,441.17965278,442.023531228,51336.0
2022-03-03 11:30:00,441.874611502,443.74107207,441.685979849,443.049091742,24784.0
2022-03-03 11:45:00,443.433304636,444.947321852,443.424369452,444.128263358,30087.0
2022-03-03 12:00:00,444.53531061,445.915300072,444.346678956,445.408973003,22391.0
2022-03-03 12:15:00,444.972141806,448.685107699,444.942357861,448.377439545,27094.0
2022-03-03 12:30:00,447.990248257,449.380165701,447.940608348,448.069672111,18483.0
2022-03-03 12:45:00,447.866148485,449.025438913,446.30249136,447.414425316,69849.0
2022-03-03 13:00:00,446.942846183,447.38464137,445.766380346,446.64004274,23909.0
2022-03-03 13:15:00,446.477223839,446.690278327,443.473016563,444.853006025,35529.0
2022-03-03 13:30:00,444.753726208,446.287599388,444.664374372,445.875588145,15112.0
2022-03-03 13:45:00,445.974867963,446.858458338,445.091277587,446.272707415,17804.0
2022-03-03 14:00:00,446.535798931,447.356942301,445.935156036,446.332275305,42566.0
2022-03-03 14:15:00,446.317383333,447.523633115,445.885516127,446.873350311,26872.0
2022-03-03 14:30:00,446.977594119,447.285361553,445.955011999,446.183355579,25947.0
2022-03-03 14:45:00,446.183355579,447.349893434,445.801128282,446.769106502,24969.0
2022-03-03 15:00:00,446.779034484,446.937882192,445.101205569,446.084075762,33075.0
2022-03-03 15:15:00,445.984795944,446.833539104,445.289837222,446.312419342,30034.0
2022-03-03 15:30:00,446.098967734,447.523633115,445.746524382,446.75917852,40173.0
2022-03-03 15:45:00,446.729394575,446.729394575,445.423864976,445.647244565,46804.0
2022-03-03 16:00:00,445.488396857,448.11931202,445.27494525,446.431555123,144610.0
2022-03-03 16:15:00,446.451411086,446.451411086,446.451411086,446.451411086,8059.0
2022-03-04 07:00:00,451.723169393,451.723169393,451.723169393,451.723169393,258.0
2022-03-04 08:15:00,449.737573044,449.737573044,449.737573044,449.737573044,293.0
2022-03-04 08:30:00,451.723169393,451.723169393,451.723169393,451.723169393,110.0
2022-03-04 09:00:00,449.737573044,449.737573044,449.737573044,449.737573044,264.0
2022-03-04 09:30:00,449.727645062,449.737573044,449.71771708,449.737573044,839.0
2022-03-04 09:45:00,450.869362963,450.869362963,446.769205782,449.439733592,67185.0
2022-03-04 10:00:00,450.050304469,453.063446928,448.574807822,451.792665265,65644.0
2022-03-04 10:15:00,451.921729028,452.353596234,448.536287253,450.11483635,46435.0
2022-03-04 10:30:00,449.906348734,451.608203364,449.633329236,450.869362963,44661.0
2022-03-04 10:45:00,450.919002872,450.978570762,449.151822121,449.231245975,32625.0
2022-03-04 11:00:00,449.102182212,454.691635935,449.102182212,454.443436391,39600.0
2022-03-04 11:15:00,454.641996026,457.562808255,454.32439989,455.873065762,99084.0
2022-03-04 11:30:00,455.6347942,458.07707771,455.495802456,457.22327128,46413.0
2022-03-04 11:45:00,457.262983207,457.893410047,456.190761178,456.190761178,49677.0
2022-03-04 12:00:00,456.210617142,461.224247923,456.210617142,461.010796315,47009.0
2022-03-04 12:15:00,460.593324683,462.748193121,460.593324683,462.217046097,40733.0
2022-03-04 12:30:00,462.241866052,463.557323633,460.807272689,463.189988308,31570.0
2022-03-04 12:45:00,463.236749102,463.294232117,461.839782791,462.06316238,36711.0
2022-03-04 13:00:00,462.147550225,465.016736949,461.884458709,465.016736949,46100.0
2022-03-04 13:15:00,465.106088785,467.786544576,465.106088785,467.459020459,48963.0
2022-03-04 13:30:00,467.24626381,469.533968643,467.24626381,468.997857629,107684.0
2022-03-04 13:45:00,468.858865885,469.2311652,467.508660367,467.816427801,80546.0
2022-03-04 14:00:00,467.836283765,468.756309833,466.962720651,467.225712888,61304.0
2022-03-04 14:15:00,467.339884678,468.620594323,466.61514201,468.54613446,76271.0
2022-03-04 14:30:00,468.600738359,468.600738359,466.138598886,466.525790175,56819.0
2022-03-04 14:45:00,466.376870448,467.336707723,466.138598886,466.208094759,52656.0
2022-03-04 15:00:00,466.21802274,466.625069992,464.421058045,464.659329607,53770.0
2022-03-04 15:15:00,464.708969515,466.208094759,463.549877647,463.790432644,54329.0
2022-03-04 15:30:00,463.944514921,465.116016767,463.36869198,464.321480388,45329.0
2022-03-04 15:45:00,464.604725707,465.354288329,464.063650702,465.106088785,62185.0
2022-03-04 16:00:00,465.195440621,466.118742923,464.426022036,464.947241077,168998.0
2022-03-04 16:15:00,465.195440621,465.195440621,465.195440621,465.195440621,12498.0
2022-03-04 16:30:00,466.118742923,466.118742923,466.118742923,466.118742923,500.0
2022-03-04 16:45:00,466.595286047,466.595286047,465.195440621,466.21802274,7649.0
2022-03-04 17:30:00,468.0348434,468.0348434,468.0348434,468.0348434,100.0
2022-03-04 17:45:00,469.1765613,469.1765613,467.607940185,467.607940185,301.0
2022-03-04 18:30:00,466.61514201,466.61514201,466.61514201,466.61514201,376.0
2022-03-04 20:00:00,466.61514201,466.61514201,466.61514201,466.61514201,200.0
2022-03-07 04:15:00,471.579132883,471.579132883,471.579132883,471.579132883,300.0
2022-03-07 06:15:00,474.557527406,474.557527406,474.557527406,474.557527406,599.0
2022-03-07 07:15:00,472.571931057,474.438391625,472.571931057,474.438391625,508.0
2022-03-07 07:45:00,473.564729232,473.564729232,471.579132883,471.579132883,1456.0
2022-03-07 08:15:00,473.564729232,473.564729232,470.586433988,471.579132883,1498.0
2022-03-07 08:30:00,473.564729232,473.564729232,473.563934993,473.563934993,550.0
2022-03-07 09:00:00,470.586334708,472.571931057,469.196417264,469.196417264,2049.0
2022-03-07 09:15:00,469.583608552,470.089935621,469.196417264,470.089935621,604.0
2022-03-07 09:30:00,469.643176442,470.308351219,469.414832862,469.414832862,608.0
2022-03-07 09:45:00,469.017713593,478.211024688,468.551098451,476.382489011,264689.0
2022-03-07 10:00:00,476.642403573,480.15690911,473.137826017,477.168586605,178487.0
2022-03-07 10:15:00,477.65009372,486.500889445,475.868020996,485.905210541,201330.0
2022-03-07 10:30:00,485.934994486,486.739161007,483.304079323,485.086152047,102301.0
2022-03-07 10:45:00,485.006728193,487.2866892,481.819846053,484.118173827,122626.0
2022-03-07 11:00:00,483.939470155,484.128101808,477.337362295,477.511101975,94560.0
2022-03-07 11:15:00,477.456498076,482.102793532,475.351765946,481.85955798,113651.0
2022-03-07 11:30:00,481.626250409,481.705674262,477.853617345,479.620798096,45172.0
2022-03-07 11:45:00,479.739933877,480.78237196,476.692043481,476.721827427,37402.0
2022-03-07 12:00:00,476.6821155,478.528720104,475.019178557,476.771467335,53340.0
2022-03-07 12:15:00,476.97002697,476.97002697,474.403643689,474.627023278,42638.0
2022-03-07 12:30:00,474.666735205,474.934790712,469.931087913,471.886900317,46335.0
2022-03-07 12:45:00,471.598988846,471.737980591,469.712672315,470.506910854,35253.0
2022-03-07 13:00:00,470.457270946,472.133213544,469.265913136,472.133213544,43087.0
2022-03-07 13:15:00,471.95599907,473.107942792,471.61884481,472.934302391,36017.0
2022-03-07 13:30:00,472.825094592,475.808453106,472.627527755,474.656807224,43401.0
2022-03-07 13:45:00,475.500685672,476.294924212,474.061128319,474.617095297,39437.0
2022-03-07 14:00:00,474.160408136,475.82830907,473.422064134,475.818381088,39590.0
2022-03-07 14:15:00,475.877948978,478.737207721,475.877948978,478.55254726,91538.0
2022-03-07 14:30:00,478.434404278,479.968277457,477.099090733,477.674913674,44987.0
2022-03-07 14:45:00,477.952897163,481.219203157,477.8238334,481.020643522,63536.0
2022-03-07 15:00:00,480.971003613,482.767968309,480.295900855,481.189419212,134747.0
2022-03-07 15:15:00,480.89654375,481.680854308,478.627999922,478.945695337,86112.0
2022-03-07 15:30:00,478.707423776,478.872228273,476.974990961,477.248010459,73383.0
2022-03-07 15:45:00,477.133838669,477.133838669,474.850402868,476.195644394,99362.0
2022-03-07 16:00:00,476.14352249,476.160896458,473.395953542,474.507887497,145178.0
2022-03-07 16:15:00,474.507887497,478.528720104,474.507887497,478.528720104,9790.0
2022-03-07 16:30:00,479.392454516,479.392454516,479.392454516,479.392454516,100.0
2022-03-07 16:45:00,473.068330144,473.068330144,473.068330144,473.068330144,300.0
2022-03-08 05:15:00,476.543123755,476.543123755,476.543123755,476.543123755,201.0
2022-03-08 07:15:00,473.316529688,473.316529688,473.316529688,473.316529688,353.0
2022-03-08 07:30:00,471.589060864,471.589060864,471.589060864,471.589060864,202.0
2022-03-08 08:15:00,471.589060864,471.589060864,471.589060864,471.589060864,189.0
2022-03-08 08:45:00,471.082733795,471.082733795,471.082733795,471.082733795,354.0
2022-03-08 09:15:00,471.579132883,471.579132883,470.089935621,470.089935621,424.0
2022-03-08 09:30:00,470.586334708,476.384276047,470.586334708,476.384276047,2107.0
2022-03-08 09:45:00,472.730778765,474.34903979,467.895851655,471.852152381,138156.0
2022-03-08 10:00:00,471.142301686,473.465449414,469.295697081,471.797548481,101703.0
2022-03-08 10:15:00,471.430213157,472.878407854,462.352761608,464.718401098,88839.0
2022-03-08 10:30:00,464.947241077,466.714421828,462.157478207,466.064139023,76223.0
2022-03-08 10:45:00,466.019463106,469.007785611,465.433712183,467.429236513,52344.0
2022-03-08 11:00:00,466.982477335,467.588084221,464.728825479,466.679673892,54787.0
2022-03-08 11:15:00,466.644925955,469.1765613,466.208094759,468.362466797,62137.0
2022-03-08 11:30:00,468.531242487,470.645902599,467.687364039,469.226201209,64986.0
2022-03-08 11:45:00,468.968073684,469.184702245,463.338908034,463.408403907,48819.0
2022-03-08 12:00:00,463.36869198,463.36869198,459.506707081,462.827616975,75161.0
2022-03-08 12:15:00,462.902076838,463.616891523,456.865863937,462.717912776,108302.0
2022-03-08 12:30:00,462.455317659,463.041068582,454.701563916,456.736800174,74624.0
2022-03-08 12:45:00,457.401974951,457.401974951,447.310181507,449.737573044,117771.0
2022-03-08 13:00:00,449.231245975,451.663601502,448.12427601,451.041911286,93098.0
2022-03-08 13:15:00,450.780011127,452.67625564,450.319154215,450.852882513,101908.0
2022-03-08 13:30:00,450.7402992,451.226770306,448.744774869,450.556631538,67382.0
2022-03-08 13:45:00,450.581451492,453.597870186,450.124764332,451.276410214,66380.0
2022-03-08 14:00:00,451.489861822,453.122915539,448.744774869,452.666327659,77307.0
2022-03-08 14:15:00,452.67129165,453.217330646,450.065196442,450.521883602,70131.0
2022-03-08 14:30:00,450.224044149,453.788189596,449.906348734,453.788189596,47508.0
2022-03-08 14:45:00,453.917253359,453.917253359,451.916765037,452.581939814,37053.0
2022-03-08 15:00:00,452.984023075,453.599557943,450.085052405,450.28361204,66513.0
2022-03-08 15:15:00,450.268720067,450.839579018,449.08729024,450.482171675,52813.0
2022-03-08 15:30:00,450.531811584,450.531811584,446.203211543,446.287599388,79097.0
2022-03-08 15:45:00,446.307455351,448.332763627,444.972141806,447.910824403,144016.0
2022-03-08 16:00:00,448.01010422,448.129240001,445.418900985,445.8458042,285237.0
2022-03-08 16:15:00,445.974867963,445.974867963,443.999199595,443.999199595,20821.0
2022-03-08 16:30:00,445.974867963,445.974867963,445.974867963,445.974867963,696.0
2022-03-08 16:45:00,445.766380346,445.766380346,444.53531061,444.53531061,323.0
2022-03-08 17:15:00,445.964939981,445.964939981,445.964939981,445.964939981,100.0
2022-03-08 17:30:00,443.234745001,443.234745001,443.036185366,443.036185366,501.0
2022-03-08 18:00:00,442.539786279,442.539786279,442.539786279,442.539786279,162.0
2022-03-09 08:00:00,436.841124757,436.841124757,436.841124757,436.841124757,103.0
2022-03-09 08:15:00,443.780684717,443.780684717,443.780684717,443.780684717,170.0
2022-03-09 08:45:00,440.802389474,440.802389474,440.802389474,440.802389474,536.0
2022-03-09 09:30:00,442.0930271,442.0930271,442.0930271,442.0930271,104.0
2022-03-09 09:45:00,438.340250001,446.779034484,434.299561431,445.503685949,150777.0
2022-03-09 10:00:00,445.672064519,450.432531766,441.328572506,446.565582876,70328.0
2022-03-09 10:15:00,447.49921028,453.549918034,446.371987232,452.651435686,61954.0
2022-03-09 10:30:00,453.083302892,453.083302892,448.2384478,449.60364457,70655.0
2022-03-09 10:45:00,449.350381756,450.879290945,446.947810174,447.563345042,60195.0
2022-03-09 11:00:00,447.556296175,448.2384478,443.51272849,447.131477836,65293.0
2022-03-09 11:15:00,447.305217516,451.703313429,447.255577608,449.687933135,88617.0
2022-03-09 11:30:00,449.469517537,451.246626269,448.526359271,450.164476259,57654.0
2022-03-09 11:45:00,449.921240706,451.038138653,449.290813865,450.233972131,61143.0
2022-03-09 12:00:00,450.05526846,450.343080651,448.322835645,449.419877628,39558.0
2022-03-09 12:15:00,449.360309738,450.233972131,449.330525792,449.955988642,24791.0
2022-03-09 12:30:00,450.11483635,450.780011127,448.695134961,448.729882897,26138.0
2022-03-09 12:45:00,448.923478541,449.022758358,444.058767486,444.704086299,32702.0
2022-03-09 13:00:00,444.570058546,444.634590427,441.611519986,444.53531061,61306.0
2022-03-09 13:15:00,444.465814737,444.465814737,440.444982131,441.139940853,55325.0
2022-03-09 13:30:00,440.971165163,442.802877795,439.918799098,442.341226644,59572.0
2022-03-09 13:45:00,442.2022349,444.803366117,441.457636269,444.803366117,33117.0
2022-03-09 14:00:00,444.942357861,445.607532638,443.532584453,443.944595696,36656.0
2022-03-09 14:15:00,443.790711979,443.820495924,441.025769063,442.122811046,56560.0
2022-03-09 14:30:00,442.177414945,442.248300735,440.375486258,440.700429101,73493.0
2022-03-09 14:45:00,440.767641537,443.90984776,440.30380623,443.90984776,53253.0
2022-03-09 15:00:00,444.406246847,447.831400549,443.889991796,446.362059251,63494.0
2022-03-09 15:15:00,446.501050995,448.134203992,446.371987232,448.134203992,35284.0
2022-03-09 15:30:00,448.327799636,449.221317993,448.020032202,448.63556707,36233.0
2022-03-09 15:45:00,448.898658586,449.419877628,447.583201005,447.95053633,44780.0
2022-03-09 16:00:00,448.029960184,448.332763627,445.9004081,446.679754666,161734.0
2022-03-09 16:15:00,446.679754666,446.679754666,446.679754666,446.679754666,8704.0
2022-03-09 16:45:00,446.679754666,446.679754666,446.679754666,446.679754666,223.0
2022-03-10 09:15:00,444.793438135,444.793438135,444.793438135,444.793438135,100.0
2022-03-10 09:30:00,448.734846888,448.86391065,448.734846888,448.844054687,1287.0
2022-03-10 09:45:00,447.245649626,459.78469057,447.245649626,452.884743257,104208.0
2022-03-10 10:00:00,453.142870782,458.851460286,453.142870782,455.485874474,94168.0
2022-03-10 10:15:00,457.253055225,457.362263024,449.231245975,449.687933135,55266.0
2022-03-10 10:30:00,450.195253002,452.348532963,446.153571634,450.564474643,71810.0
2022-03-10 10:45:00,450.144620295,450.68073131,446.123787689,446.86838632,55024.0
2022-03-10 11:00:00,447.126513845,447.186081735,444.555166573,445.493360848,41566.0
2022-03-10 11:15:00,445.359333094,447.394569352,443.780783997,445.121061533,27050.0
2022-03-10 11:30:00,445.508252821,445.528108784,441.988783292,442.653958069,51400.0
2022-03-10 11:45:00,442.410722516,443.393592709,441.149868835,442.596872174,46484.0
2022-03-10 12:00:00,442.485182379,446.391843196,442.485182379,446.391843196,24982.0
2022-03-10 12:15:00,446.35709526,447.980320275,446.213139524,447.682480823,14824.0
2022-03-10 12:30:00,447.975257004,448.446935417,447.037162009,448.397295508,15829.0
2022-03-10 12:45:00,448.35857638,448.685206979,444.972141806,445.647244565,24142.0
2022-03-10 13:00:00,444.962213825,445.250125295,443.676540189,443.870135833,26087.0
2022-03-10 13:15:00,443.934667714,445.478468875,443.934667714,444.227543176,24883.0
2022-03-10 13:30:00,443.885027805,444.773582171,443.175177111,443.919775741,40291.0
2022-03-10 13:45:00,443.954523678,444.108407395,442.400794534,443.820495924,32334.0
2022-03-10 14:00:00,443.820495924,444.445958774,442.410722516,444.088551431,37002.0
2022-03-10 14:15:00,443.96941565,444.13819134,442.926977567,443.582224362,29909.0
2022-03-10 14:30:00,443.577260371,443.840351887,441.998711274,441.998711274,26322.0
2022-03-10 14:45:00,442.055797169,442.209680886,438.652981426,440.718001629,99988.0
2022-03-10 15:00:00,440.737857592,441.993747283,440.355630295,441.745547739,33419.0
2022-03-10 15:15:00,441.606555995,442.063243155,440.137214697,440.856993373,35704.0
2022-03-10 15:30:00,441.040661035,441.040661035,439.620959646,440.435054149,61609.0
2022-03-10 15:45:00,440.32584635,441.46756425,439.094776613,441.46756425,62201.0
2022-03-10 16:00:00,441.427852323,442.857481695,441.194544752,441.427852323,180431.0
2022-03-10 16:15:00,441.40799636,441.40799636,441.40799636,441.40799636,10185.0
2022-03-11 09:45:00,444.455886756,446.620186776,439.849402506,445.319621167,81640.0
2022-03-11 10:00:00,445.031709697,445.408973003,442.888854117,444.128263358,40439.0
2022-03-11 10:15:00,443.747028859,446.371987232,441.378212415,441.834899575,67647.0
2022-03-11 10:30:00,441.795187648,443.264528946,440.27124245,440.623685802,33969.0
2022-03-11 10:45:00,441.656195904,443.105681238,440.8421014,441.159796816,38511.0
2022-03-11 11:00:00,440.911597273,444.128263358,440.623685802,443.492872526,28706.0
2022-03-11 11:15:00,443.477980554,444.356507658,442.410722516,442.410722516,38256.0
2022-03-11 11:30:00,442.356118617,442.480218388,440.72792961,440.9513092,22093.0
2022-03-11 11:45:00,441.229292689,442.559642242,441.219364707,441.998711274,18824.0
2022-03-11 12:00:00,441.904395447,442.063243155,439.896957538,440.693181674,26049.0
2022-03-11 12:15:00,440.137214697,440.564117912,439.710311482,440.236494514,16058.0
2022-03-11 12:30:00,440.296062405,440.790178056,439.362832121,439.685491527,14329.0
2022-03-11 12:45:00,439.695419509,440.077646806,438.90614496,439.219372784,16379.0
2022-03-11 13:00:00,439.308228221,440.052826852,439.035208723,439.710311482,24444.0
2022-03-11 13:15:00,439.670599555,440.444982131,439.437291984,439.824483272,29967.0
2022-03-11 13:30:00,439.640815609,441.259076634,439.47203992,440.752749565,22684.0
2022-03-11 13:45:00,440.911597273,441.159796816,440.638577775,440.638577775,19260.0
2022-03-11 14:00:00,440.524405985,441.80511563,440.335774332,440.852029382,21261.0
2022-03-11 14:15:00,440.812317455,442.088063109,440.583973875,440.83713741,20939.0
2022-03-11 14:30:00,440.901669291,441.01087709,439.968439007,440.435054149,34633.0
2022-03-11 14:45:00,440.286134423,440.286134423,438.350177983,438.3948539,27443.0
2022-03-11 15:00:00,438.240970183,438.578521563,437.506299534,437.814066968,36806.0
2022-03-11 15:15:00,437.630399306,437.814066968,437.049612374,437.506299534,28847.0
2022-03-11 15:30:00,437.59565137,438.796937161,437.585723388,437.585723388,30634.0
2022-03-11 15:45:00,437.466587607,437.466587607,435.143439879,435.838398601,71454.0
2022-03-11 16:00:00,435.83343461,436.180913971,432.552236644,432.860004078,235911.0
2022-03-11 16:15:00,433.15784353,433.15784353,433.15784353,433.15784353,5632.0
2022-03-11 19:45:00,431.887061867,432.879860041,431.887061867,432.879860041,716.0
2022-03-14 06:00:00,431.867205903,431.867205903,431.867205903,431.867205903,353.0
2022-03-14 09:45:00,436.136238053,436.136238053,428.119392794,431.321166907,61107.0
2022-03-14 10:00:00,430.487216441,433.684026562,428.903703352,432.174973337,31403.0
2022-03-14 10:15:00,432.64655247,435.7518266,432.279217146,434.498121066,25519.0
2022-03-14 10:30:00,434.8058885,439.462111938,434.508049047,438.5040617,34523.0
2022-03-14 10:45:00,438.568593581,439.452183956,437.239435385,438.777081198,32334.0
2022-03-14 11:00:00,438.662909407,439.412472029,437.158820173,437.546011461,35213.0
2022-03-14 11:15:00,437.506299534,438.320394037,437.301187431,438.191330275,26479.0
2022-03-14 11:30:00,438.116870412,438.161546329,435.212935751,435.595163048,39199.0
2022-03-14 11:45:00,436.046886218,436.046886218,433.887550188,433.887550188,13480.0
2022-03-14 12:00:00,434.359129321,434.359129321,431.817565994,433.093311649,13887.0
2022-03-14 12:15:00,432.780580224,433.763450416,432.016125629,432.016125629,17055.0
2022-03-14 12:30:00,432.641588479,433.505322891,432.557200634,433.167771512,19722.0
2022-03-14 12:45:00,433.207483439,436.791484849,433.207483439,436.791484849,28335.0
2022-03-14 13:00:00,436.751772922,437.625435315,436.618737966,437.456659625,42596.0
2022-03-14 13:15:00,437.129036228,437.386270235,435.32214355,436.281186587,29923.0
2022-03-14 13:30:00,436.523429341,437.079396319,435.540559149,435.540559149,12473.0
2022-03-14 13:45:00,435.520703185,435.654730939,434.259849504,434.537832992,15496.0
2022-03-14 14:00:00,435.073944007,435.073944007,433.098275639,433.808126334,16024.0
2022-03-14 14:15:00,433.684026562,433.773378398,432.775616233,432.840148114,20030.0
2022-03-14 14:30:00,432.939427932,433.574818763,432.313965082,432.313965082,32330.0
2022-03-14 14:45:00,432.64655247,433.088347658,431.881105078,433.088347658,18985.0
2022-03-14 15:00:00,433.078419676,434.46833712,432.98906784,434.46833712,20325.0
2022-03-14 15:15:00,434.200281613,435.768902729,434.120857759,435.371783459,21929.0
2022-03-14 15:30:00,435.312215569,435.629910984,434.339273358,434.701644691,22814.0
2022-03-14 15:45:00,434.776104554,435.193079788,433.773378398,434.984592171,37326.0
2022-03-14 16:00:00,434.840636436,438.995496796,434.508049047,438.260826147,157135.0
2022-03-14 16:15:00,438.240970183,438.240970183,438.240970183,438.240970183,6615.0
2022-03-14 18:00:00,441.298788561,441.298788561,441.298788561,441.298788561,205.0
2022-03-15 07:15:00,437.82399495,437.82399495,437.82399495,437.82399495,340.0
2022-03-15 09:45:00,440.345702313,440.871885346,436.384437597,436.637601132,44390.0
2022-03-15 10:00:00,436.697169022,438.816793125,436.161058008,438.816793125,23273.0
2022-03-15 10:15:00,438.995496796,439.07492065,436.945368566,438.955784869,22132.0
2022-03-15 10:30:00,438.806865143,439.362832121,437.843850914,438.687729362,34879.0
2022-03-15 10:45:00,439.015352759,439.392616066,436.836160766,436.97018852,40086.0
2022-03-15 11:00:00,437.004936456,438.151618348,435.639838966,436.126310072,21575.0
2022-03-15 11:15:00,435.9476064,435.9476064,433.753522435,434.369057303,18985.0
2022-03-15 11:30:00,434.567616938,434.994520153,433.723738489,434.478265102,15791.0
2022-03-15 11:45:00,434.056325878,434.940909051,433.852802252,434.845600427,15945.0
2022-03-15 12:00:00,434.771140563,436.235517871,434.771140563,435.768902729,17481.0
2022-03-15 12:15:00,435.634874975,438.598377526,435.113655934,438.598377526,28822.0
2022-03-15 12:30:00,438.737269991,439.938655062,438.439529818,438.796937161,16796.0
2022-03-15 12:45:00,438.945856887,439.690455518,437.536083479,437.536083479,13065.0
2022-03-15 13:00:00,437.546011461,438.737369271,437.546011461,438.092050457,14024.0
2022-03-15 13:15:00,438.032482567,438.419673855,436.851052739,437.347451826,16575.0
2022-03-15 13:30:00,437.660183251,439.253624321,437.660183251,439.174200467,19598.0
2022-03-15 13:45:00,438.995496796,441.586700031,438.121834402,441.348428469,29047.0
2022-03-15 14:00:00,441.269004616,443.939631705,441.209436725,443.234745001,26299.0
2022-03-15 14:15:00,443.016329403,443.279718758,441.447708287,442.480218388,20342.0
2022-03-15 14:30:00,442.693669996,443.058721885,441.447708287,442.510002334,12044.0
2022-03-15 14:45:00,441.869647511,442.450434443,441.676051867,441.904395447,18531.0
2022-03-15 15:00:00,442.132739027,442.358799172,441.75051173,442.241946827,18962.0
2022-03-15 15:15:00,442.400794534,444.932429879,442.251874808,443.516997522,41535.0
2022-03-15 15:30:00,443.641792253,443.840351887,442.877337658,443.840351887,23346.0
2022-03-15 15:45:00,443.986988178,443.986988178,442.728417932,443.502800508,40112.0
2022-03-15 16:00:00,443.562368399,445.140917496,442.986545457,444.674302354,124928.0
2022-03-15 16:15:00,444.5948785,444.5948785,444.5948785,444.5948785,9160.0
2022-03-16 06:45:00,440.812317455,440.812317455,440.812317455,440.812317455,130.0
2022-03-16 09:30:00,436.831196776,436.831196776,429.980889372,429.980889372,3214.0
2022-03-16 09:45:00,427.320190264,437.575795406,427.315623392,436.195805944,160928.0
2022-03-16 10:00:00,436.672349068,439.918799098,430.894362972,433.445755001,97464.0
2022-03-16 10:15:00,433.187627475,434.349201339,429.881609554,432.860004078,101729.0
2022-03-16 10:30:00,432.661444443,433.316691238,420.380531024,420.628730568,130265.0
2022-03-16 10:45:00,420.30120645,420.807434239,413.232384168,417.704939944,155655.0
2022-03-16 11:00:00,417.898535588,424.619779229,417.620552099,423.845396653,65882.0
2022-03-16 11:15:00,423.924820507,425.018983375,422.256919574,422.797994579,57977.0
2022-03-16 11:30:00,422.584542972,422.584542972,419.635932393,421.338581263,64068.0
2022-03-16 11:45:00,421.353473235,421.482437718,419.655788357,420.345783088,46201.0
2022-03-16 12:00:00,420.335855106,420.688298458,418.613846673,419.268597069,28421.0
2022-03-16 12:15:00,418.792053945,421.070525756,418.166591095,420.430170933,59239.0
2022-03-16 12:30:00,420.261395243,422.440587236,420.261395243,422.440587236,23094.0
2022-03-16 12:45:00,422.500155127,425.016898499,422.500155127,422.75381506,35375.0
2022-03-16 13:00:00,421.621528742,421.959080122,419.010469543,419.082645971,35642.0
2022-03-16 13:15:00,419.209029178,420.996065892,418.672918164,420.58405465,46693.0
2022-03-16 13:30:00,420.598946623,423.6021611,420.598946623,421.353473235,34158.0
2022-03-16 13:45:00,421.49246498,421.49246498,418.623278255,419.84442001,25317.0
2022-03-16 14:00:00,420.07276359,422.97173426,419.010469543,420.281251207,33377.0
2022-03-16 14:15:00,420.286215198,421.130093646,416.161238062,416.736961724,65801.0
2022-03-16 14:30:00,416.900773423,418.901261744,416.280274564,417.291340225,37790.0
2022-03-16 14:45:00,417.213504848,419.323200968,415.376828225,419.070037434,42782.0
2022-03-16 15:00:00,419.21895716,419.328164959,416.54336608,416.65753787,44776.0
2022-03-16 15:15:00,416.945449341,417.506380309,415.729271577,417.198612875,40623.0
2022-03-16 15:30:00,416.995089249,419.437372758,416.498690162,419.109749361,45747.0
2022-03-16 15:45:00,419.372840877,419.78981611,417.878679625,418.206303022,66321.0
2022-03-16 16:00:00,418.355222748,421.393185162,418.216231004,421.373329199,144040.0
2022-03-16 16:15:00,421.373329199,421.373329199,421.373329199,421.373329199,75737.0
2022-03-16 16:45:00,420.63865855,420.63865855,420.63865855,420.63865855,157.0
2022-03-17 09:30:00,425.404089787,427.07199072,425.404089787,427.07199072,1069.0
2022-03-17 09:45:00,427.935725132,431.857277921,422.326415446,424.520003013,60071.0
2022-03-17 10:00:00,424.237551932,427.608101735,421.561960852,423.706404909,42265.0
2022-03-17 10:15:00,424.446039549,428.744855644,424.019136334,428.72003569,49246.0
2022-03-17 10:30:00,428.273276511,429.618518038,426.928034985,427.727237515,29563.0
2022-03-17 10:45:00,427.702417561,428.536368028,425.870704929,426.38695998,28579.0
2022-03-17 11:00:00,426.893287049,431.489942597,426.193364336,429.300822622,49833.0
2022-03-17 11:15:00,429.673121937,431.261599017,429.434850376,430.229088915,26994.0
2022-03-17 11:30:00,429.993497908,430.755271948,427.896013205,427.975437059,29442.0
2022-03-17 11:45:00,428.233167465,428.233167465,426.257896217,427.002494848,23971.0
2022-03-17 12:00:00,427.498893935,429.613554047,427.335082237,428.496656101,14677.0
2022-03-17 12:15:00,428.412268256,429.146938905,427.280478337,428.571115964,15891.0
2022-03-17 12:30:00,428.332844402,429.951105426,427.513785908,429.851825609,31692.0
2022-03-17 12:45:00,430.358152678,430.874407729,428.495663303,428.526440046,44969.0
2022-03-17 13:00:00,428.506584082,428.536368028,427.454218017,428.342772384,22471.0
2022-03-17 13:15:00,428.015148986,429.34549854,427.290406319,429.34549854,16594.0
2022-03-17 13:30:00,429.593698084,429.593698084,427.032278793,427.759999855,21491.0
2022-03-17 13:45:00,427.712345543,428.481764128,427.588245771,427.757021461,31543.0
2022-03-17 14:00:00,427.4095421,428.203780639,427.4095421,427.627957698,16911.0
2022-03-17 14:15:00,427.3549382,427.474073981,425.741641167,426.383584466,16382.0
2022-03-17 14:30:00,426.326697131,426.326697131,424.480886765,425.453729696,20188.0
2022-03-17 14:45:00,425.473585659,425.910416856,425.051150036,425.543081532,17238.0
2022-03-17 15:00:00,425.582793459,426.228112272,425.086394371,425.969984747,15711.0
2022-03-17 15:15:00,426.074228555,426.074228555,424.957330609,425.275026024,20330.0
2022-03-17 15:30:00,425.245242079,425.870704929,424.490715467,424.917618682,21725.0
2022-03-17 15:45:00,424.783590928,426.327392089,424.699203083,426.228112272,38922.0
2022-03-17 16:00:00,426.304557731,426.304557731,424.470859503,425.374305842,169585.0
2022-03-17 16:15:00,425.711857221,425.711857221,425.711857221,425.711857221,6566.0
2022-03-17 17:45:00,422.157639757,422.157639757,422.157639757,422.157639757,100.0
2022-03-17 18:00:00,424.858050791,424.858050791,424.858050791,424.858050791,300.0
2022-03-18 09:30:00,425.969984747,425.969984747,423.746116836,423.746116836,1817.0
2022-03-18 09:45:00,424.957330609,430.288656806,424.957330609,426.744367323,141477.0
2022-03-18 10:00:00,426.1586164,427.652777652,423.964532434,427.652777652,55263.0
2022-03-18 10:15:00,427.091846684,429.037731106,425.408358819,426.257896217,41524.0
2022-03-18 10:30:00,426.645087505,427.935725132,425.066538408,427.12659462,25964.0
2022-03-18 10:45:00,427.121630629,427.737165497,425.731713185,426.486239797,36524.0
2022-03-18 11:00:00,426.178472363,426.178472363,424.192876014,424.192876014,13550.0
2022-03-18 11:15:00,424.778626937,426.903215031,424.748842992,426.1586164,17681.0
2022-03-18 11:30:00,425.935236811,426.1586164,423.924820507,424.34179574,22747.0
2022-03-18 11:45:00,424.927546663,425.145962262,423.587269128,423.994316379,14104.0
2022-03-18 12:00:00,423.984388398,424.464406315,421.318923859,422.671015693,26075.0
2022-03-18 12:15:00,422.197351684,423.028224476,421.442825071,421.770448469,15262.0
2022-03-18 12:30:00,421.877670671,424.182948033,421.874692277,423.855324635,49813.0
2022-03-18 12:45:00,423.785828763,424.629707211,423.190149858,423.890072571,20875.0
2022-03-18 13:00:00,423.626981055,423.676620964,423.001518205,423.309285639,12058.0
2022-03-18 13:15:00,423.497917292,423.795756745,422.693750771,423.765972799,19951.0
2022-03-18 13:30:00,423.696476927,423.934748489,422.63418288,422.63418288,19704.0
2022-03-18 13:45:00,422.773174625,423.20007784,422.286703519,422.385983337,15483.0
2022-03-18 14:00:00,422.385983337,423.329141602,422.078215903,422.956842287,19901.0
2022-03-18 14:15:00,422.793030588,423.463169356,421.293905345,422.932022333,18616.0
2022-03-18 14:30:00,422.753318661,423.299357657,422.147711775,422.57461499,17764.0
2022-03-18 14:45:00,422.366127373,423.110726004,422.147711775,422.995561416,20866.0
2022-03-18 15:00:00,422.986626232,423.368853529,422.465407191,423.279501694,30081.0
2022-03-18 15:15:00,423.071014077,423.289429676,422.624254899,423.120653986,19704.0
2022-03-18 15:30:00,423.274537703,424.446039549,422.418745676,424.376543677,28560.0
2022-03-18 15:45:00,424.485751476,424.709131065,423.03130215,423.398637475,61644.0
2022-03-18 16:00:00,423.418493438,425.08143038,421.651312688,424.858050791,245521.0
2022-03-18 16:15:00,424.867978773,424.867978773,424.867978773,424.867978773,85867.0
2022-03-18 16:30:00,424.917618682,424.917618682,424.917618682,424.917618682,500.0
2022-03-18 16:45:00,424.917618682,424.917618682,424.917618682,424.917618682,100.0
2022-03-18 17:00:00,424.917618682,424.917618682,424.917618682,424.917618682,100.0
2022-03-18 17:15:00,424.917618682,427.052134757,424.917618682,427.052134757,1023.0
2022-03-18 17:30:00,427.052134757,427.896013205,427.052134757,427.896013205,2100.0
2022-03-18 17:45:00,427.896013205,427.896013205,425.711857221,425.711857221,1400.0
2022-03-18 19:45:00,424.917618682,424.917618682,424.917618682,424.917618682,140.0
2022-03-21 09:00:00,426.893287049,426.903215031,426.893287049,426.903215031,1100.0
2022-03-21 09:15:00,427.69745357,427.69745357,427.69745357,427.69745357,500.0
2022-03-21 09:30:00,427.69745357,431.082895345,427.69745357,430.517000386,1369.0
2022-03-21 09:45:00,432.105477465,435.679550893,428.998019179,433.674098581,105823.0
2022-03-21 10:00:00,432.780580224,435.828470619,431.420446725,433.219893416,53809.0
2022-03-21 10:15:00,433.028879047,437.526155498,432.797954192,437.526155498,75841.0
2022-03-21 10:30:00,437.114144255,439.13448854,434.845600427,437.42687568,60016.0
2022-03-21 10:45:00,437.13896421,439.879087171,436.940404575,438.935928905,65514.0
2022-03-21 11:00:00,438.935928905,438.935928905,436.761700903,437.82399495,32979.0
2022-03-21 11:15:00,438.4494578,440.216638551,437.953058713,439.829447263,29332.0
2022-03-21 11:30:00,439.452183956,439.452183956,436.17594998,436.950332556,23990.0
2022-03-21 11:45:00,436.721988976,439.104704595,436.721988976,437.173712146,22079.0
2022-03-21 12:00:00,437.456659625,438.747197973,437.456659625,437.76939105,16707.0
2022-03-21 12:15:00,438.05233853,440.643541766,437.849609143,440.082610797,22785.0
2022-03-21 12:30:00,440.425126167,441.169724798,439.218876385,440.15707066,29296.0
2022-03-21 12:45:00,440.107430751,440.38541424,437.337523845,437.337523845,40468.0
2022-03-21 13:00:00,437.297811918,438.082122475,436.493645396,437.258099991,21103.0
2022-03-21 13:15:00,437.059540356,437.228316045,436.255373834,436.404293561,16410.0
2022-03-21 13:30:00,436.582997232,437.893490822,436.126310072,437.550975452,14779.0
2022-03-21 13:45:00,437.580759397,441.527132141,437.109180264,441.149868835,45468.0
2022-03-21 14:00:00,441.090300944,445.041637679,440.236494514,442.807841786,41745.0
2022-03-21 14:15:00,442.77309385,443.021293394,441.000949108,441.318644524,21928.0
2022-03-21 14:30:00,441.318644524,441.57677205,439.481967901,439.551463774,18297.0
2022-03-21 14:45:00,439.809591299,440.72802889,439.601103682,440.231530523,18306.0
2022-03-21 15:00:00,440.583973875,440.742523744,438.578521563,438.628161471,23272.0
2022-03-21 15:15:00,438.558665599,442.678778023,438.558665599,442.678778023,37710.0
2022-03-21 15:30:00,442.589426188,443.289348901,442.26180279,443.140429174,34668.0
2022-03-21 15:45:00,443.373736745,443.473016563,442.053315173,442.311442699,39581.0
2022-03-21 16:00:00,442.440506461,443.651720234,442.152594991,443.383664727,132733.0
2022-03-21 16:15:00,443.383664727,443.383664727,443.383664727,443.383664727,40380.0
2022-03-21 16:30:00,443.383664727,443.383664727,443.383664727,443.383664727,6125.0
2022-03-21 19:45:00,443.830423906,443.830423906,443.830423906,443.830423906,159.0
2022-03-22 08:15:00,445.766380346,445.766380346,445.766380346,445.766380346,600.0
2022-03-22 09:30:00,444.773582171,444.773582171,444.773582171,444.773582171,135.0
2022-03-22 09:45:00,443.889991796,444.684230336,438.816793125,441.983819301,31013.0
2022-03-22 10:00:00,441.527132141,444.773582171,439.98829497,440.524405985,29642.0
2022-03-22 10:15:00,441.269004616,441.288860579,438.896216978,441.209436725,30219.0
2022-03-22 10:30:00,441.497348196,442.265277584,437.82399495,438.22111422,28152.0
2022-03-22 10:45:00,438.350177983,439.690455518,438.101978439,439.000460787,18794.0
2022-03-22 11:00:00,439.084848632,439.084848632,437.193568109,437.65521926,17106.0
2022-03-22 11:15:00,438.012626603,438.097014448,435.580271076,435.74656477,17011.0
2022-03-22 11:30:00,435.88803851,436.702133013,435.381711441,436.702133013,14326.0
2022-03-22 11:45:00,436.295085761,436.527400534,435.619983003,436.527400534,14964.0
2022-03-22 12:00:00,436.28515778,437.387163753,436.146166035,436.841124757,12035.0
2022-03-22 12:15:00,436.955296547,437.277955954,436.731916958,437.277955954,16126.0
2022-03-22 12:30:00,437.476515589,438.072194494,436.930476593,437.65521926,21201.0
2022-03-22 12:45:00,437.526155498,439.910757433,437.526155498,439.47203992,21273.0
2022-03-22 13:00:00,439.333048175,440.971165163,439.213912394,440.9513092,23744.0
2022-03-22 13:15:00,441.378212415,443.006401421,441.014351884,442.107919073,33272.0
2022-03-22 13:30:00,442.351154626,443.095753257,442.023531228,442.877337658,29641.0
2022-03-22 13:45:00,442.500074352,443.006401421,441.443439255,441.627206197,9533.0
2022-03-22 14:00:00,441.800151639,441.914323429,441.219364707,441.249148652,11232.0
2022-03-22 14:15:00,441.269004616,442.132739027,441.090300944,441.824971593,10333.0
2022-03-22 14:30:00,441.656195904,442.678778023,441.388140396,441.656195904,20672.0
2022-03-22 14:45:00,441.487420214,442.26180279,441.487420214,441.834899575,10019.0
2022-03-22 15:00:00,441.824971593,442.822733759,441.824971593,442.480218388,22487.0
2022-03-22 15:15:00,442.619210133,442.698633987,441.527132141,441.854755538,17607.0
2022-03-22 15:30:00,442.003675265,442.013603246,441.080372962,441.744554941,18223.0
2022-03-22 15:45:00,441.729960808,442.708561969,441.586700031,442.539786279,34970.0
2022-03-22 16:00:00,442.400794534,443.433304636,442.212162881,443.165249129,92908.0
2022-03-22 16:15:00,443.085825275,443.085825275,443.085825275,443.085825275,27152.0
2022-03-23 09:00:00,443.780783997,443.780783997,443.780783997,443.780783997,368.0
2022-03-23 09:45:00,444.773582171,448.744774869,443.016329403,444.028983541,33959.0
2022-03-23 10:00:00,444.684230336,446.252851451,443.672966115,444.604806482,15818.0
2022-03-23 10:15:00,444.53531061,446.649970721,444.396318865,445.830912227,18162.0
2022-03-23 10:30:00,445.637316583,445.637316583,443.393592709,444.277183084,14735.0
2022-03-23 10:45:00,444.277183084,445.27990924,443.860207851,444.53531061,10588.0
2022-03-23 11:00:00,444.416174829,444.773582171,441.378212415,442.460362425,17341.0
2022-03-23 11:15:00,442.817769768,443.806795309,441.874611502,443.125537202,14989.0
2022-03-23 11:30:00,443.74107207,443.889991796,441.586700031,441.586700031,12497.0
2022-03-23 11:45:00,442.351154626,442.510002334,440.430090158,440.430090158,13985.0
2022-03-23 12:00:00,440.151014591,441.060516999,439.392616066,439.601103682,17754.0
2022-03-23 12:15:00,439.799663317,441.457636269,439.551463774,440.057790843,18336.0
2022-03-23 12:30:00,440.673325711,440.8421014,439.382688084,440.186854605,10824.0
2022-03-23 12:45:00,440.107430751,440.593901857,439.462111938,439.462111938,8862.0
2022-03-23 13:00:00,439.481967901,440.8967053,439.333048175,440.8967053,6970.0
2022-03-23 13:15:00,441.259076634,441.507276177,440.422644172,440.941381218,10505.0
2022-03-23 13:30:00,441.854755538,442.107919073,441.298788561,441.810079621,9316.0
2022-03-23 13:45:00,441.497348196,441.537060123,440.961237181,441.100228926,11022.0
2022-03-23 14:00:00,440.936417227,441.338500488,440.117358733,441.184616771,15949.0
2022-03-23 14:15:00,441.308716543,442.892229631,441.090300944,442.281658754,13813.0
2022-03-23 14:30:00,442.331298662,442.827697749,441.80511563,442.395830544,21296.0
2022-03-23 14:45:00,442.49014637,442.49014637,441.29382457,441.800151639,11914.0
2022-03-23 15:00:00,441.606555995,441.993747283,441.095264935,441.86468352,22497.0
2022-03-23 15:15:00,441.884539484,442.486770856,441.676051867,442.32137068,12323.0
2022-03-23 15:30:00,442.49014637,443.443232618,442.172450954,443.11560922,17666.0
2022-03-23 15:45:00,443.413448672,443.473016563,442.043387192,442.32137068,26374.0
2022-03-23 16:00:00,442.281658754,444.207687212,441.987294095,443.790711979,105022.0
2022-03-23 16:15:00,443.701360143,443.701360143,443.701360143,443.701360143,3663.0
2022-03-24 09:45:00,443.770856015,448.526359271,442.867409676,445.647244565,30462.0
2022-03-24 10:00:00,445.716740437,448.744774869,445.696884474,447.424353297,26187.0
2022-03-24 10:15:00,447.851256512,450.065196442,447.186081735,449.484409509,17665.0
2022-03-24 10:30:00,449.558869373,450.650947364,448.441971426,448.80434276,12531.0
2022-03-24 10:45:00,448.992974413,450.00066456,447.573273024,447.573273024,15400.0
2022-03-24 11:00:00,447.649619203,448.695134961,446.381915214,448.129240001,29466.0
2022-03-24 11:15:00,448.327799636,449.365273728,447.879054861,449.310669829,14392.0
2022-03-24 11:30:00,449.459589555,449.479445519,448.317871654,448.824198723,11359.0
2022-03-24 11:45:00,448.883766614,449.459589555,448.476719362,449.390093683,13674.0
2022-03-24 12:00:00,449.548941391,450.462315711,449.161750103,449.94109667,14287.0
2022-03-24 12:15:00,449.846780843,450.819723054,448.258303764,448.963190468,17157.0
2022-03-24 12:30:00,448.675278997,448.749441021,446.312419342,446.496087004,18996.0
2022-03-24 12:45:00,446.352131269,447.791688622,446.352131269,447.49384917,19446.0
2022-03-24 13:00:00,447.573273024,448.814270742,447.563345042,448.744774869,18968.0
2022-03-24 13:15:00,448.794414778,449.519157446,448.183843901,448.724918906,19049.0
2022-03-24 13:30:00,448.744774869,448.948298495,448.203699864,448.203699864,5893.0
2022-03-24 13:45:00,448.000176239,448.685206979,447.751976695,448.039888166,19604.0
2022-03-24 14:00:00,448.168951928,448.52139528,447.354857425,447.518669124,6538.0
2022-03-24 14:15:00,447.419389306,447.801616604,447.076873936,447.488885179,11568.0
2022-03-24 14:30:00,447.583201005,447.801616604,446.838602374,447.042126,9708.0
2022-03-24 14:45:00,446.977594119,447.806580595,446.977594119,447.502287954,8919.0
2022-03-24 15:00:00,447.315145498,447.796652613,447.0967299,447.702336786,11795.0
2022-03-24 15:15:00,447.642768896,449.995700569,447.533561097,449.995700569,16627.0
2022-03-24 15:30:00,449.921240706,450.263756076,448.903622577,450.263756076,16050.0
2022-03-24 15:45:00,450.238936122,450.402747821,449.270957902,449.618437263,30826.0
2022-03-24 16:00:00,449.5439774,451.862161137,449.42980561,451.028210671,129581.0
2022-03-24 16:15:00,451.296266178,451.296266178,451.296266178,451.296266178,24389.0
2022-03-24 17:00:00,452.199712517,452.199712517,452.199712517,452.199712517,178.0
2022-03-24 20:00:00,452.199712517,452.199712517,452.199712517,452.199712517,493.0
2022-03-25 09:45:00,450.094980387,453.028897552,450.094980387,452.05079279,25202.0
2022-03-25 10:00:00,451.981296918,454.661851989,451.167202415,454.215092811,24877.0
2022-03-25 10:15:00,454.701563916,456.180733917,453.768333632,455.098683186,26327.0
2022-03-25 10:30:00,455.322062775,457.11406348,455.297242821,455.694362091,30384.0
2022-03-25 10:45:00,455.74896599,456.776512101,454.046317121,454.046317121,18572.0
2022-03-25 11:00:00,454.207547545,455.74896599,454.026461158,454.880267588,10179.0
2022-03-25 11:15:00,454.850483643,456.707016229,454.850483643,455.257530894,15475.0
2022-03-25 11:30:00,455.416378602,455.525586401,454.195236847,454.676743962,8053.0
2022-03-25 11:45:00,454.364012537,455.148124535,453.033762263,453.033762263,16534.0
2022-03-25 12:00:00,453.331502436,453.589629961,451.792764545,452.507479951,17452.0
2022-03-25 12:15:00,453.01380702,455.197963004,453.01380702,454.006605194,13382.0
2022-03-25 12:30:00,454.09595703,455.019259332,453.822937532,455.00933135,8038.0
2022-03-25 12:45:00,455.019259332,455.019259332,453.748477669,454.190272857,8990.0
2022-03-25 13:00:00,453.942073313,454.011569185,452.626615732,453.460566198,8832.0
2022-03-25 13:15:00,453.212366655,454.125740975,453.088266883,454.125740975,7123.0
2022-03-25 13:30:00,453.808045559,454.185308866,453.480422162,453.945448827,7079.0
2022-03-25 13:45:00,454.036389139,454.046317121,452.914527202,453.177618719,7188.0
2022-03-25 14:00:00,453.351358399,453.500278125,453.167690737,453.480422162,3593.0
2022-03-25 14:15:00,453.29099627,455.962417598,453.29099627,455.843281817,13788.0
2022-03-25 14:30:00,455.774778743,456.111337324,455.307170803,455.704290073,16534.0
2022-03-25 14:45:00,455.679470118,456.319824941,455.207890985,455.932633653,9940.0
2022-03-25 15:00:00,456.061697415,456.121265306,455.327026766,455.327026766,8134.0
2022-03-25 15:15:00,455.446162547,455.714218054,454.860411624,455.40645062,9885.0
2022-03-25 15:30:00,455.446162547,455.57522631,454.512932263,454.512932263,10324.0
2022-03-25 15:45:00,454.347432808,455.277386858,454.347432808,454.820699697,18312.0
2022-03-25 16:00:00,454.919979515,455.336954748,454.344156574,454.880267588,55814.0
2022-03-25 16:15:00,454.880267588,454.880267588,454.880267588,454.880267588,6505.0
2022-03-25 17:15:00,455.694362091,455.694362091,455.694362091,455.694362091,100.0
2022-03-25 19:45:00,455.674506127,455.674506127,455.674506127,455.674506127,300.0
2022-03-28 07:30:00,451.733097375,451.733097375,451.733097375,451.733097375,222.0
2022-03-28 08:15:00,456.508456594,456.965143754,456.508456594,456.965143754,705.0
2022-03-28 09:00:00,454.711491898,454.711491898,454.711491898,454.711491898,423.0
2022-03-28 09:30:00,451.723169393,451.723169393,451.713241411,451.723169393,687.0
2022-03-28 09:45:00,450.591379474,452.517407932,445.230269332,446.595366822,50030.0
2022-03-28 10:00:00,446.570546867,446.94959721,443.748617336,444.723942263,32266.0
2022-03-28 10:15:00,444.773582171,446.967666137,444.773582171,445.686956492,14259.0
2022-03-28 10:30:00,445.637316583,449.807068916,445.518180802,448.983046431,20274.0
2022-03-28 10:45:00,447.920752385,448.734846888,447.265505589,448.714990924,14962.0
2022-03-28 11:00:00,448.367511563,448.933406523,447.136441827,447.55341706,9341.0
2022-03-28 11:15:00,447.454137243,449.435464559,447.146369809,447.831400549,16800.0
2022-03-28 11:30:00,447.603056969,447.603056969,445.518180802,445.557892729,20378.0
2022-03-28 11:45:00,445.478468875,447.454137243,445.101205569,446.928748449,8796.0
2022-03-28 12:00:00,447.062676922,447.062676922,446.173427598,446.441483105,3694.0
2022-03-28 12:15:00,446.213139524,446.977594119,445.806092273,446.143643652,10859.0
2022-03-28 12:30:00,446.305569035,446.305569035,445.486411261,445.812247622,6654.0
2022-03-28 12:45:00,445.518180802,447.60226273,445.518180802,447.245649626,9641.0
2022-03-28 13:00:00,447.136441827,447.573273024,446.481195032,447.483921188,11193.0
2022-03-28 13:15:00,448.065700918,448.065700918,446.446447095,446.446447095,3943.0
2022-03-28 13:30:00,446.570546867,446.898170265,446.044363835,446.133715671,8082.0
2022-03-28 13:45:00,445.915300072,446.818746411,445.90537209,446.81378242,9725.0
2022-03-28 14:00:00,446.371987232,447.027234028,445.955011999,445.984795944,8618.0
2022-03-28 14:15:00,446.30249136,447.464065224,446.30249136,447.404497334,6378.0
2022-03-28 14:30:00,447.414425316,447.920752385,447.255577608,447.488885179,10071.0
2022-03-28 14:45:00,447.86882904,448.40722349,447.642768896,447.642768896,11305.0
2022-03-28 15:00:00,447.622912932,447.890968439,446.332374585,446.75917852,18171.0
2022-03-28 15:15:00,446.669826685,446.774070493,444.445958774,444.455886756,34423.0
2022-03-28 15:30:00,444.25236313,444.42610281,441.944107374,442.2022349,56133.0
2022-03-28 15:45:00,442.162522973,442.678678743,441.398068378,442.445470452,51576.0
2022-03-28 16:00:00,442.301514717,443.929703723,442.152594991,443.383664727,119121.0
2022-03-28 16:15:00,443.582224362,443.582224362,443.582224362,443.582224362,5370.0
2022-03-28 17:00:00,442.698633987,442.698633987,442.698633987,442.698633987,250.0
2022-03-29 08:00:00,442.281658754,442.281658754,442.281658754,442.281658754,222.0
2022-03-29 08:15:00,442.291487455,442.291487455,442.291487455,442.291487455,180.0
2022-03-29 08:45:00,434.845600427,434.845600427,434.845600427,434.845600427,100.0
2022-03-29 09:00:00,433.028779767,433.028779767,431.867205903,431.867205903,943.0
2022-03-29 09:30:00,434.795960518,434.845600427,434.795960518,434.845600427,1207.0
2022-03-29 09:45:00,431.559438469,434.795960518,428.273276511,430.248944879,92078.0
2022-03-29 10:00:00,430.119881116,435.173223824,429.712833864,435.14840387,54196.0
2022-03-29 10:15:00,435.763938738,440.047862861,433.118131603,440.047862861,51902.0
2022-03-29 10:30:00,439.213912394,440.276206441,437.357379808,439.144416522,26794.0
2022-03-29 10:45:00,439.402544047,441.695907831,439.094776613,439.954341273,23183.0
2022-03-29 11:00:00,440.742821583,441.298788561,439.47203992,440.405270204,18194.0
2022-03-29 11:15:00,440.61375782,441.298788561,439.352904139,439.591175701,16378.0
2022-03-29 11:30:00,439.474819755,439.53160781,438.757225234,438.816793125,12762.0
2022-03-29 11:45:00,439.174200467,440.09750277,438.881325006,440.067718824,19171.0
2022-03-29 12:00:00,439.481967901,440.802389474,439.323120194,440.618721811,12300.0
2022-03-29 12:15:00,440.752749565,447.364785407,437.42687568,437.42687568,118981.0
2022-03-29 12:30:00,437.466587607,440.206710569,435.897966492,439.92872708,28847.0
2022-03-29 12:45:00,439.923763089,441.993747283,439.923763089,441.993747283,20564.0
2022-03-29 13:00:00,441.929215402,442.763165868,441.437780305,442.048351183,26194.0
2022-03-29 13:15:00,441.596628013,441.785259666,440.464838094,441.060516999,16570.0
2022-03-29 13:30:00,441.100228926,442.758201877,440.683253693,441.229292689,19280.0
2022-03-29 13:45:00,441.983819301,442.2022349,441.527132141,441.639318335,13411.0
2022-03-29 14:00:00,441.487420214,443.393592709,440.459874103,443.393592709,23111.0
2022-03-29 14:15:00,442.797913804,443.166539766,440.822245437,441.799158841,16104.0
2022-03-29 14:30:00,441.91928742,441.91928742,440.315918368,440.688217683,17105.0
2022-03-29 14:45:00,440.8421014,442.390866553,440.772605528,441.934179392,10726.0
2022-03-29 15:00:00,441.779799276,442.142667009,441.308716543,441.80511563,15440.0
2022-03-29 15:15:00,442.172550234,443.552440417,440.72296562,443.393592709,22558.0
2022-03-29 15:30:00,443.314168855,443.790711979,441.914323429,442.49014637,22379.0
2022-03-29 15:45:00,442.539786279,443.373736745,442.31640669,442.778057841,24962.0
2022-03-29 16:00:00,443.095753257,443.641792253,442.693669996,442.907121603,88870.0
2022-03-29 16:15:00,443.095753257,443.095753257,443.095753257,443.095753257,11044.0
2022-03-30 07:15:00,430.526928368,430.526928368,430.526928368,430.526928368,540.0
2022-03-30 09:30:00,444.773582171,444.773582171,444.773582171,444.773582171,133.0
2022-03-30 09:45:00,446.252851451,453.152798764,446.252851451,449.608509281,48926.0
2022-03-30 10:00:00,448.883766614,451.817485219,448.546215235,450.005628551,21597.0
2022-03-30 10:15:00,449.876564788,453.202438673,449.876564788,451.703313429,32199.0
2022-03-30 10:30:00,451.484897831,452.065684763,450.154548277,451.437640638,19746.0
2022-03-30 10:45:00,450.57152351,450.611235437,448.744774869,449.026530991,9080.0
2022-03-30 11:00:00,449.07607162,452.125252654,449.07607162,451.08281457,10249.0
2022-03-30 11:15:00,451.226770306,451.400509986,450.174404241,450.561595529,26642.0
2022-03-30 11:30:00,449.921240706,451.236698287,449.241173957,450.938858835,8182.0
2022-03-30 11:45:00,449.747501026,449.995700569,448.844054687,449.390093683,12532.0
2022-03-30 12:00:00,449.727645062,450.601307456,449.419877628,450.601307456,11433.0
2022-03-30 12:15:00,450.472243693,450.7402992,449.499301482,449.499301482,16728.0
2022-03-30 12:30:00,449.340453774,449.506747468,447.703627424,448.228420539,18892.0
2022-03-30 12:45:00,447.533561097,448.204096984,446.808818429,447.354857425,12536.0
2022-03-30 13:00:00,446.947810174,446.992486091,446.252851451,446.992486091,11243.0
2022-03-30 13:15:00,446.975608522,447.260541599,445.260053277,445.796164291,13541.0
2022-03-30 13:30:00,445.67702851,447.017306046,445.67702851,445.950048008,8412.0
2022-03-30 13:45:00,445.696884474,446.098669895,445.315054296,446.049327826,13785.0
2022-03-30 14:00:00,446.084075762,447.791688622,446.01457989,446.98255811,13229.0
2022-03-30 14:15:00,447.186081735,448.938370513,447.186081735,448.40722349,14336.0
2022-03-30 14:30:00,448.427079454,449.320597811,447.881040458,449.251101938,7330.0
2022-03-30 14:45:00,448.963190468,448.963190468,447.543489078,447.796652613,8768.0
2022-03-30 15:00:00,447.603056969,448.029960184,447.022270037,447.359821416,10389.0
2022-03-30 15:15:00,447.503777151,448.183843901,447.364785407,447.985085706,11505.0
2022-03-30 15:30:00,447.985284266,448.059744129,446.362059251,446.851012352,29758.0
2022-03-30 15:45:00,446.764142511,448.367511563,446.764142511,448.228519819,31495.0
2022-03-30 16:00:00,448.317871654,450.075124423,447.612984951,450.065196442,84900.0
2022-03-30 16:15:00,450.065196442,450.065196442,450.065196442,450.065196442,10698.0
2022-03-30 16:30:00,446.75917852,446.75917852,446.75917852,446.75917852,200.0
2022-03-31 09:30:00,444.862934007,444.862934007,444.19775923,444.267255102,1800.0
2022-03-31 09:45:00,446.729394575,454.632068044,445.816020255,450.472243693,29525.0
2022-03-31 10:00:00,450.233972131,454.542716208,450.233972131,452.914527202,23507.0
2022-03-31 10:15:00,453.262006563,453.445674226,450.432531766,450.531811584,15323.0
2022-03-31 10:30:00,449.856708825,449.856708825,448.159023946,448.63556707,13814.0
2022-03-31 10:45:00,448.566071198,449.985772588,448.129240001,449.663113181,10038.0
2022-03-31 11:00:00,449.682969144,450.338215939,448.645495052,450.338215939,9643.0
2022-03-31 11:15:00,450.005628551,450.978570762,449.737573044,450.779018329,8776.0
2022-03-31 11:30:00,450.45238773,452.18710398,450.45238773,452.060720772,8296.0
2022-03-31 11:45:00,452.150072608,452.150072608,450.760155164,451.19698636,11839.0
2022-03-31 12:00:00,451.733097375,452.318848298,451.30619416,451.355834068,8244.0
2022-03-31 12:15:00,451.623988855,451.743025356,450.770083145,450.770083145,11274.0
2022-03-31 12:30:00,450.899146908,450.958714799,449.350381756,449.42980561,17722.0
2022-03-31 12:45:00,448.948298495,451.117562506,448.928442532,450.382891857,13625.0
2022-03-31 13:00:00,450.482171675,450.879290945,450.472243693,450.7402992,6111.0
2022-03-31 13:15:00,450.45238773,450.482171675,449.221317993,449.409949646,16123.0
2022-03-31 13:30:00,449.03268634,449.469517537,448.705062942,449.03268634,6700.0
2022-03-31 13:45:00,449.419877628,449.519157446,448.387367527,449.519157446,7435.0
2022-03-31 14:00:00,449.383839054,449.479346239,448.685206979,449.280885884,11229.0
2022-03-31 14:15:00,449.092254231,449.265993911,448.367511563,448.496575326,8818.0
2022-03-31 14:30:00,448.585927162,448.764630833,447.245649626,447.642768896,8907.0
2022-03-31 14:45:00,447.83636454,447.83636454,446.47126705,446.47126705,13240.0
2022-03-31 15:00:00,446.550690904,447.047089991,446.401771178,446.580474849,11823.0
2022-03-31 15:15:00,446.838602374,447.454137243,446.630114758,447.454137243,10211.0
2022-03-31 15:30:00,447.444209261,447.771832658,446.75917852,446.918026228,14811.0
2022-03-31 15:45:00,447.007378064,447.007378064,445.518180802,445.518180802,18742.0
2022-03-31 16:00:00,445.518180802,445.686956492,443.482944545,444.019055559,137638.0
2022-03-31 16:15:00,443.999199595,443.999199595,443.999199595,443.999199595,37141.0
2022-03-31 16:45:00,443.999199595,443.999199595,443.999199595,443.999199595,185.0
2022-04-01 09:45:00,443.363808764,446.396807187,442.925984769,445.756452364,20070.0
2022-04-01 10:00:00,445.984795944,449.131966157,445.736596401,447.557189693,20502.0
2022-04-01 10:15:00,447.78176064,448.099456056,445.518180802,446.798890447,16115.0
2022-04-01 10:30:00,447.424353297,447.424353297,445.875588145,446.292563378,17927.0
2022-04-01 10:45:00,445.925228054,446.848530356,444.336750975,444.808330108,22937.0
2022-04-01 11:00:00,445.304729195,445.974867963,443.751000052,443.751000052,14098.0
2022-04-01 11:15:00,443.482944545,445.614978624,443.065969311,445.614978624,19587.0
2022-04-01 11:30:00,446.431455843,446.878314301,444.177903267,446.113859707,16297.0
2022-04-01 11:45:00,445.955011999,446.362059251,442.142667009,442.142667009,17135.0
2022-04-01 12:00:00,441.80511563,442.073171137,440.861957364,441.616483977,36713.0
2022-04-01 12:15:00,441.810079621,442.222090863,441.651231913,442.2022349,9424.0
2022-04-01 12:30:00,442.2022349,442.420650498,441.23922067,442.2022349,11214.0
2022-04-01 12:45:00,441.940533301,443.62660244,441.154832825,443.62660244,19531.0
2022-04-01 13:00:00,443.899919778,446.749250539,443.264528946,446.386879205,35954.0
2022-04-01 13:15:00,446.550690904,446.937882192,445.67702851,446.113859707,22179.0
2022-04-01 13:30:00,445.90537209,447.652696877,445.90537209,447.652696877,22865.0
2022-04-01 13:45:00,447.680197387,448.57599918,446.620186776,446.620186776,20331.0
2022-04-01 14:00:00,446.808818429,448.731074255,446.620186776,448.705062942,15254.0
2022-04-01 14:15:00,448.764630833,449.012830377,447.801616604,448.129240001,12304.0
2022-04-01 14:30:00,447.851256512,448.109384038,446.64004274,446.64004274,11695.0
2022-04-01 14:45:00,447.086801918,447.265505589,446.669826685,447.106657882,10661.0
2022-04-01 15:00:00,447.186081735,448.893694596,446.352131269,448.824198723,21938.0
2022-04-01 15:15:00,448.794414778,450.829651036,448.705062942,448.744774869,37934.0
2022-04-01 15:30:00,448.853982669,449.42980561,448.714990924,449.241173957,19402.0
2022-04-01 15:45:00,449.166714094,449.816996898,448.824198723,449.459589555,25350.0
2022-04-01 16:00:00,449.320597811,451.584177648,449.320597811,451.206914342,94165.0
2022-04-01 16:15:00,451.514681776,451.514681776,451.514681776,451.514681776,12487.0
2022-04-04 09:45:00,452.150072608,453.257042572,445.696884474,446.148607643,42093.0
2022-04-04 10:00:00,446.09579078,447.245649626,444.416174829,446.084075762,41262.0
2022-04-04 10:15:00,446.223067506,447.523633115,443.711288125,444.073659458,18227.0
2022-04-04 10:30:00,443.701360143,445.180629423,441.259076634,443.661648216,37128.0
2022-04-04 10:45:00,443.751000052,444.833150062,441.164760807,442.743309905,33601.0
2022-04-04 11:00:00,442.783021832,445.319621167,442.688706005,443.621936289,27692.0
2022-04-04 11:15:00,443.51272849,444.76365419,443.51272849,444.489641894,17448.0
2022-04-04 11:30:00,444.376462902,445.696884474,443.949559687,445.135953505,20485.0
2022-04-04 11:45:00,444.882789971,445.044616073,443.85524386,444.158047303,17123.0
2022-04-04 12:00:00,444.346678956,446.136594785,444.058767486,445.379189058,19835.0
2022-04-04 12:15:00,445.468540894,446.53083494,445.269981259,445.865660163,16044.0
2022-04-04 12:30:00,445.567820711,446.322347324,445.192543001,445.73163241,11681.0
2022-04-04 12:45:00,445.801128282,445.989759935,445.359333094,445.359333094,8409.0
2022-04-04 13:00:00,445.433792958,446.07414778,445.190557405,445.428828967,11491.0
2022-04-04 13:15:00,445.38911704,445.657172547,444.098479413,445.282986915,18395.0
2022-04-04 13:30:00,445.114707624,446.183355579,444.912573916,446.133715671,9143.0
2022-04-04 13:45:00,446.461339068,447.076873936,446.322347324,447.076873936,10290.0
2022-04-04 14:00:00,447.106657882,447.622912932,446.58543884,447.245649626,9805.0
2022-04-04 14:15:00,447.344929443,448.486647344,447.344929443,448.089528074,9796.0
2022-04-04 14:30:00,447.841328531,448.3476556,447.483921188,448.298015691,11949.0
2022-04-04 14:45:00,448.218591837,448.546215235,447.920752385,447.920752385,15485.0
2022-04-04 15:00:00,448.159023946,448.268231746,447.940608348,447.940608348,6931.0
2022-04-04 15:15:00,448.173915919,448.357583581,447.603056969,448.3476556,12832.0
2022-04-04 15:30:00,448.248375782,448.427079454,447.940608348,447.940608348,13700.0
2022-04-04 15:45:00,448.17887991,448.17887991,447.310181507,447.503777151,22489.0
2022-04-04 16:00:00,447.344929443,449.310669829,447.344929443,449.042614322,89709.0
2022-04-04 16:15:00,449.03268634,449.03268634,449.03268634,449.03268634,34479.0
2022-04-04 17:00:00,448.595855143,448.595855143,447.851256512,447.851256512,759.0
2022-04-04 17:15:00,448.844054687,448.844054687,448.844054687,448.844054687,485.0
2022-04-05 09:30:00,452.944311148,452.944311148,452.944311148,452.944311148,100.0
2022-04-05 09:45:00,447.245649626,454.463292354,447.245649626,452.462804033,28780.0
2022-04-05 10:00:00,451.76288132,457.299518179,451.484897831,456.71198022,27883.0
2022-04-05 10:15:00,457.233199261,460.161953876,453.366250372,457.640246513,44242.0
2022-04-05 10:30:00,457.540966695,457.540966695,453.142870782,454.612212081,17228.0
2022-04-05 10:45:00,454.542716208,456.542906691,454.036389139,455.704290073,15729.0
2022-04-05 11:00:00,455.535514383,456.210617142,454.165452902,454.165452902,16445.0
2022-04-05 11:15:00,454.592356117,455.044079287,452.130216644,452.130216644,19933.0
2022-04-05 11:30:00,452.38834417,453.659125833,452.269208389,452.61668775,9929.0
2022-04-05 11:45:00,452.914527202,454.741275843,452.815247385,454.160488911,13350.0
2022-04-05 12:00:00,454.165452902,454.483148318,452.363524215,452.363524215,9163.0
2022-04-05 12:15:00,451.82244921,452.507479951,449.4893735,451.914481601,17854.0
2022-04-05 12:30:00,451.599069621,452.706039586,451.37668283,451.37668283,7255.0
2022-04-05 12:45:00,452.05079279,454.334228592,451.891945083,454.294516665,14643.0
2022-04-05 13:00:00,454.105885012,454.527824236,453.152798764,453.803081568,9866.0
2022-04-05 13:15:00,453.629341888,453.69883776,452.725895549,452.775535458,8456.0
2022-04-05 13:30:00,452.998915047,453.351358399,452.725895549,452.725895549,10168.0
2022-04-05 13:45:00,452.745850792,453.207402664,452.487623987,452.735823531,8963.0
2022-04-05 14:00:00,452.567047841,452.567047841,450.958714799,451.517660171,11095.0
2022-04-05 14:15:00,451.544465721,451.554393703,449.777284971,450.462315711,12646.0
2022-04-05 14:30:00,450.462315711,451.663601502,450.094980387,450.690659291,10021.0
2022-04-05 14:45:00,450.720443237,451.921729028,450.710515255,451.921729028,10448.0
2022-04-05 15:00:00,451.782737283,452.735823531,451.633817557,452.289064352,12277.0
2022-04-05 15:15:00,451.767845311,452.021008845,450.849506999,451.435257922,21963.0
2022-04-05 15:30:00,451.321086132,451.743025356,451.013318698,451.375690032,19342.0
2022-04-05 15:45:00,451.296266178,451.326050123,450.502126918,450.760155164,26653.0
2022-04-05 16:00:00,450.859434981,450.919002872,449.876564788,450.750227182,83152.0
2022-04-05 16:15:00,450.7402992,450.7402992,450.7402992,450.7402992,7835.0
2022-04-06 09:45:00,451.723169393,455.877036955,451.604033612,455.877036955,39520.0
2022-04-06 10:00:00,456.079567783,460.658352963,454.530405511,459.496779099,56450.0
2022-04-06 10:15:00,459.248976675,463.055960555,459.248976675,462.455317659,51403.0
2022-04-06 10:30:00,461.998630499,462.653877294,457.769310276,458.394773125,24879.0
2022-04-06 10:45:00,459.298219464,461.939062608,458.454341016,458.454341016,21593.0
2022-04-06 11:00:00,457.799094221,459.347859373,456.677232284,458.841532304,19666.0
2022-04-06 11:15:00,459.377643318,459.804546533,456.726872192,457.828878166,22477.0
2022-04-06 11:30:00,457.759382294,458.672756614,457.421830914,458.672756614,13133.0
2022-04-06 11:45:00,458.633044687,459.089731848,457.481398805,457.878518075,12903.0
2022-04-06 12:00:00,457.163703389,460.042818095,457.163703389,458.81125196,11371.0
2022-04-06 12:15:00,458.911028176,460.18180984,458.513908906,459.605887619,14626.0
2022-04-06 12:30:00,459.452103181,460.072502761,457.193487334,457.332479079,14095.0
2022-04-06 12:45:00,457.471470823,459.228723592,457.22823527,459.139371756,11790.0
2022-04-06 13:00:00,459.179083683,459.179083683,458.146573582,458.841532304,10430.0
2022-04-06 13:15:00,458.901100194,459.963394241,458.767072441,459.466995154,8756.0
2022-04-06 13:30:00,459.179083683,459.219788408,458.434485052,458.697576569,8717.0
2022-04-06 13:45:00,458.404701107,458.980524048,457.084279535,458.07707771,19374.0
2022-04-06 14:00:00,458.30542129,458.30542129,455.629135251,456.707016229,19869.0
2022-04-06 14:15:00,456.468744667,456.855935955,454.582428135,454.850483643,21145.0
2022-04-06 14:30:00,455.058971259,456.111337324,454.999403369,455.798605899,17852.0
2022-04-06 14:45:00,456.03191347,457.332479079,456.007093516,456.568024484,18967.0
2022-04-06 15:00:00,456.473708658,457.600534586,456.473708658,457.173631371,11874.0
2022-04-06 15:15:00,457.372191006,457.759382294,456.677232284,457.382118987,15176.0
2022-04-06 15:30:00,457.415874125,462.643949312,457.415874125,457.73952633,117106.0
2022-04-06 15:45:00,457.818950184,458.196213491,456.801629895,457.099171508,24856.0
2022-04-06 16:00:00,457.104135499,458.543692852,456.915503845,458.176357527,89808.0
2022-04-06 16:15:00,458.1366456,458.1366456,458.1366456,458.1366456,12836.0
2022-04-06 20:00:00,458.563548815,458.563548815,458.563548815,458.563548815,125.0
2022-04-07 09:30:00,458.216069454,458.216069454,458.216069454,458.216069454,340.0
2022-04-07 09:45:00,456.687160265,460.906552507,455.724146036,460.807272689,22736.0
2022-04-07 10:00:00,459.407427263,461.790142882,459.169155702,460.112313967,31220.0
2022-04-07 10:15:00,460.271161675,460.842020626,457.310438959,458.072113719,26892.0
2022-04-07 10:30:00,458.225997436,460.846984616,458.196213491,460.46972131,16682.0
2022-04-07 10:45:00,460.46972131,463.810487167,460.46972131,463.229700235,23231.0
2022-04-07 11:00:00,463.760847259,464.212570428,461.834123841,463.438187852,24277.0
2022-04-07 11:15:00,463.090708491,463.914730976,462.068126371,462.351073851,18153.0
2022-04-07 11:30:00,462.281577979,465.457440059,462.038342426,464.242354373,18955.0
2022-04-07 11:45:00,464.480625935,464.639473643,462.902076838,463.358763998,16543.0
2022-04-07 12:00:00,462.643949312,463.636747487,462.385821787,463.234664226,16905.0
2022-04-07 12:15:00,463.65660345,465.225224566,463.577179596,464.440914008,15864.0
2022-04-07 12:30:00,464.341634191,464.440914008,462.569489449,462.91696881,16624.0
2022-04-07 12:45:00,462.877256883,463.557323633,462.361001833,463.557323633,11929.0
2022-04-07 13:00:00,463.438187852,463.438187852,462.147550225,462.564525458,13519.0
2022-04-07 13:15:00,462.395749769,463.745955286,462.385821787,463.745955286,14788.0
2022-04-07 13:30:00,463.914730976,464.093434647,463.0311406,463.537467669,10781.0
2022-04-07 13:45:00,463.666531432,464.947141797,463.448115834,464.947141797,12094.0
2022-04-07 14:00:00,464.609689698,465.602487872,464.311850245,465.602487872,12698.0
2022-04-07 14:15:00,465.36421631,466.436438339,464.867817223,466.436438339,12645.0
2022-04-07 14:30:00,466.232914713,467.349812659,465.532992,466.118742923,19842.0
2022-04-07 14:45:00,466.515862193,467.18103697,466.029391087,466.95269339,18867.0
2022-04-07 15:00:00,466.95765738,467.389524586,466.396726412,466.962621371,21623.0
2022-04-07 15:15:00,466.992405317,468.134123217,466.833557609,467.419308532,25030.0
2022-04-07 15:30:00,467.366491669,468.600738359,466.398712008,467.305136742,42769.0
2022-04-07 15:45:00,467.24060486,468.521314505,467.24060486,468.337646843,40666.0
2022-04-07 16:00:00,468.590810377,469.236129191,467.320028714,467.329956696,127562.0
2022-04-07 16:15:00,467.379596605,467.379596605,467.379596605,467.379596605,11215.0
2022-04-08 09:45:00,469.355264972,473.822856757,468.630522304,470.999835148,62261.0
2022-04-08 10:00:00,470.36791911,470.606190672,467.007297289,469.857124449,24453.0
2022-04-08 10:15:00,470.214035393,472.323731514,468.074555327,468.074555327,28462.0
2022-04-08 10:30:00,468.163907162,468.163907162,463.904802994,465.334432365,32522.0
2022-04-08 10:45:00,464.728825479,468.153979181,464.728825479,467.617868166,15744.0
2022-04-08 11:00:00,468.005059455,468.501458542,465.830831452,467.995131473,23193.0
2022-04-08 11:15:00,467.746931929,467.985203491,466.15845485,466.674709901,23393.0
2022-04-08 11:30:00,466.722662053,468.749558806,465.751407598,467.904786839,24927.0
2022-04-08 11:45:00,467.518588349,468.700613856,466.277590631,466.488957362,18002.0
2022-04-08 12:00:00,466.590322056,466.912981463,464.957169059,465.47342411,13503.0
2022-04-08 12:15:00,465.30464842,466.088958978,464.629545661,464.639473643,16934.0
2022-04-08 12:30:00,464.649401625,464.927385114,463.239628217,463.800559186,19981.0
2022-04-08 12:45:00,464.033866757,464.470697953,462.604237385,463.011284637,14018.0
2022-04-08 13:00:00,463.100636473,463.279340144,461.671007101,462.882220874,21422.0
2022-04-08 13:15:00,462.445389677,462.445389677,461.214319941,462.435461696,29156.0
2022-04-08 13:30:00,462.524813531,463.304160098,461.869566736,462.296469951,22662.0
2022-04-08 13:45:00,462.584381422,462.792869038,461.94899059,462.207118116,21731.0
2022-04-08 14:00:00,461.998630499,462.415605732,459.3329674,460.082530022,36909.0
2022-04-08 14:15:00,460.251305712,461.204391959,458.494052943,459.169155702,50938.0
2022-04-08 14:30:00,458.583404779,459.010208714,457.90830202,458.692612578,24827.0
2022-04-08 14:45:00,458.712468541,459.328003409,456.602772421,456.602772421,70007.0
2022-04-08 15:00:00,456.612700402,459.923682314,456.036877461,459.913754332,48898.0
2022-04-08 15:15:00,459.854285722,461.098162555,459.3875713,459.481887127,21411.0
2022-04-08 15:30:00,459.690374743,461.532015357,459.67051878,461.532015357,23214.0
2022-04-08 15:45:00,461.273887831,461.452591503,460.18180984,460.69806489,33192.0
2022-04-08 16:00:00,460.559073146,461.025688288,459.323039419,460.330729566,89395.0
2022-04-08 16:15:00,460.767560763,460.767560763,460.320801584,460.320801584,15120.0
2022-04-08 17:00:00,459.665554789,459.665554789,459.665554789,459.665554789,300.0
2022-04-11 08:30:00,460.052746077,460.052746077,460.032890113,460.032890113,300.0
2022-04-11 09:45:00,463.021212619,467.518588349,460.539217182,460.795359111,38573.0
2022-04-11 10:00:00,460.707992872,462.326253896,458.374917162,460.747704799,34136.0
2022-04-11 10:15:00,460.876768562,464.798321351,458.980524048,464.778465387,38560.0
2022-04-11 10:30:00,464.783429378,464.838033278,461.998630499,463.363727989,40180.0
2022-04-11 10:45:00,463.299196107,466.279576227,461.43769953,466.257734667,22758.0
2022-04-11 11:00:00,466.436438339,467.558300276,464.917457132,466.168382832,25818.0
2022-04-11 11:15:00,466.039319069,466.61514201,464.788393369,465.215296584,34347.0
2022-04-11 11:30:00,464.977025022,465.93011127,464.182786483,465.046520895,19661.0
2022-04-11 11:45:00,464.550121807,464.757616626,462.475173623,463.587107578,21971.0
2022-04-11 12:00:00,463.59703556,463.775739231,461.541943339,462.415605732,13325.0
2022-04-11 12:15:00,463.398475925,463.398475925,462.266686006,463.13439161,9842.0
2022-04-11 12:30:00,462.763085093,463.150276381,462.40567775,462.504957568,7352.0
2022-04-11 12:45:00,462.385821787,463.0311406,461.085256178,461.105112142,10260.0
2022-04-11 13:00:00,460.985976361,461.712208226,460.876768562,461.631295174,12421.0
2022-04-11 13:15:00,461.581655266,461.993666508,461.03561627,461.442663521,13961.0
2022-04-11 13:30:00,461.462519485,461.462519485,459.457067172,459.645698825,13656.0
2022-04-11 13:45:00,459.864114424,461.373167649,459.40405175,461.239139895,22317.0
2022-04-11 14:00:00,461.134896087,462.723373166,461.025688288,461.482375448,17523.0
2022-04-11 14:15:00,461.115040124,461.541943339,460.504469246,460.559073146,15216.0
2022-04-11 14:30:00,460.569001128,461.204391959,460.132169931,461.199427968,11125.0
2022-04-11 14:45:00,460.941300443,461.94899059,460.375405484,460.489577274,19085.0
2022-04-11 15:00:00,460.420081401,461.224247923,460.345820098,460.707992872,21748.0
2022-04-11 15:15:00,460.693100899,461.144824069,459.923682314,459.923682314,22421.0
2022-04-11 15:30:00,460.032890113,460.032890113,459.030163957,459.030163957,15504.0
2022-04-11 15:45:00,459.050019921,459.804546533,458.464268998,459.635770844,60658.0
2022-04-11 16:00:00,459.635770844,460.231449748,458.444413034,458.791892395,191885.0
2022-04-11 16:15:00,458.811748359,458.841532304,458.811748359,458.831604322,3236.0
2022-04-11 16:30:00,457.163703389,457.163703389,457.163703389,457.163703389,225.0
2022-04-11 20:00:00,458.811748359,458.811748359,458.811748359,458.811748359,200.0
2022-04-12 08:15:00,458.811748359,458.811748359,458.811748359,458.811748359,101.0
2022-04-12 09:45:00,459.973322223,463.319052071,459.665554789,462.594309404,49249.0
2022-04-12 10:00:00,461.722632606,461.800070864,457.074351553,460.062674059,44363.0
2022-04-12 10:15:00,459.834330478,460.18180984,456.007093516,458.216069454,24475.0
2022-04-12 10:30:00,458.672756614,460.549145164,458.087005691,459.913754332,17480.0
2022-04-12 10:45:00,459.978286214,462.777977066,458.881244231,461.447627512,41782.0
2022-04-12 11:00:00,461.616502482,462.161647959,460.261233694,460.966120397,21196.0
2022-04-12 11:15:00,460.529289201,462.648913303,459.665554789,461.700791047,30170.0
2022-04-12 11:30:00,461.541943339,462.425533714,460.578929109,462.425533714,35246.0
2022-04-12 11:45:00,462.167406189,462.931860783,461.680935083,461.819926827,14491.0
2022-04-12 12:00:00,461.814962837,462.653778014,461.402951594,461.849710773,22501.0
2022-04-12 12:15:00,461.646187147,462.207118116,461.045544251,461.427771549,25923.0
2022-04-12 12:30:00,461.457555494,461.675971092,459.78469057,460.499505255,15053.0
2022-04-12 12:45:00,460.390297456,460.911516498,459.84425846,460.271161675,15059.0
2022-04-12 13:00:00,460.122241949,460.122241949,458.285565326,458.781964414,12755.0
2022-04-12 13:15:00,458.950740103,459.189011665,458.484124961,458.777000423,9606.0
2022-04-12 13:30:00,459.089731848,460.757632781,458.950740103,460.18180984,11090.0
2022-04-12 13:45:00,460.24137773,460.588857091,459.794618552,460.261233694,9453.0
2022-04-12 14:00:00,460.308391607,461.03561627,459.397499282,459.596058917,10252.0
2022-04-12 14:15:00,459.397499282,460.231449748,458.563548815,460.231449748,14037.0
2022-04-12 14:30:00,460.281089657,460.648424982,460.082530022,460.439937365,9931.0
2022-04-12 14:45:00,460.46972131,460.807272689,459.288291483,459.466995154,12663.0
2022-04-12 15:00:00,459.481887127,460.588857091,459.437211209,460.221521767,11189.0
2022-04-12 15:15:00,460.370441493,460.46972131,458.881244231,459.21879561,12368.0
2022-04-12 15:30:00,459.010307994,459.427283227,458.523836888,458.618152715,14413.0
2022-04-12 15:45:00,458.633044687,459.235673179,457.96786991,458.920956158,21241.0
2022-04-12 16:00:00,458.791892395,460.449865347,458.523836888,460.132169931,73635.0
2022-04-12 16:15:00,459.943538278,459.943538278,459.943538278,459.943538278,9317.0
2022-04-13 09:30:00,463.36869198,463.36869198,463.36869198,463.36869198,513.0
2022-04-13 09:45:00,464.629545661,466.674709901,459.993178186,464.182786483,33239.0
2022-04-13 10:00:00,463.646675469,463.646675469,461.358275676,461.690863065,17219.0
2022-04-13 10:15:00,462.157478207,462.157478207,459.134407765,459.774762588,24579.0
2022-04-13 10:30:00,459.536491026,459.983250205,458.474196979,458.474196979,18189.0
2022-04-13 10:45:00,457.957941929,459.099659829,457.014783663,457.90830202,17704.0
2022-04-13 11:00:00,458.096933673,460.86684058,457.838806148,460.86684058,24776.0
2022-04-13 11:15:00,460.608713055,461.393023612,459.620878871,460.003106168,25292.0
2022-04-13 11:30:00,459.506707081,459.834330478,458.13108593,459.417355245,19090.0
2022-04-13 11:45:00,458.891172213,459.546419008,458.633143967,459.208867629,11999.0
2022-04-13 12:00:00,459.476923136,459.998142177,458.911028176,458.980524048,11548.0
2022-04-13 12:15:00,459.208867629,460.102385986,459.152873812,459.328102689,10384.0
2022-04-13 12:30:00,459.764834606,459.973322223,459.357787355,459.635770844,10914.0
2022-04-13 12:45:00,459.4421752,460.86684058,458.940812121,460.846984616,14499.0
2022-04-13 13:00:00,461.134896087,462.048270408,460.985976361,461.532015357,14642.0
2022-04-13 13:15:00,461.819926827,462.254375309,461.671007101,461.953954581,10319.0
2022-04-13 13:30:00,461.760358937,462.842508947,461.760358937,462.643949312,10356.0
2022-04-13 13:45:00,462.842409667,462.842409667,461.154752051,461.154752051,10340.0
2022-04-13 14:00:00,461.26395985,461.829854809,461.090220169,461.601511229,13112.0
2022-04-13 14:15:00,461.690863065,461.690863065,460.837056635,461.224247923,10906.0
2022-04-13 14:30:00,461.66107912,461.884458709,460.529289201,461.432735539,11499.0
2022-04-13 14:45:00,461.690863065,462.028414444,461.308635768,462.028414444,10757.0
2022-04-13 15:00:00,462.028414444,462.31890719,461.690863065,461.690863065,14523.0
2022-04-13 15:15:00,461.869566736,462.053234398,461.283815813,461.283815813,14075.0
2022-04-13 15:30:00,461.045544251,461.303671777,460.693100899,460.693100899,15206.0
2022-04-13 15:45:00,460.747704799,461.113550926,460.256269703,460.658352963,25849.0
2022-04-13 16:00:00,460.797344708,461.541943339,460.390297456,461.115040124,78444.0
2022-04-13 16:15:00,461.174608014,461.174608014,461.174608014,461.174608014,6672.0
2022-04-14 09:45:00,465.106088785,466.863341554,463.467971797,465.830831452,41610.0
2022-04-14 10:00:00,464.912493141,465.264936493,461.874530727,461.879494718,20687.0
2022-04-14 10:15:00,462.068126371,464.023938775,459.998142177,461.353311685,14584.0
2022-04-14 10:30:00,462.331217887,462.624093349,461.333455722,461.596547238,11151.0
2022-04-14 10:45:00,461.7802149,462.435461696,460.807272689,461.790142882,17376.0
2022-04-14 11:00:00,461.919206645,463.636747487,461.909278663,463.552359642,17391.0
2022-04-14 11:15:00,463.914730976,463.963378086,462.986464682,463.726099322,12325.0
2022-04-14 11:30:00,463.527539688,465.486926165,463.527539688,465.036592913,23101.0
2022-04-14 11:45:00,465.106088785,465.106088785,463.016248628,463.606963542,10692.0
2022-04-14 12:00:00,463.964370884,464.172858501,463.14531239,464.018974784,7779.0
2022-04-14 12:15:00,463.949478912,464.828105296,463.924658957,464.346598182,7995.0
2022-04-14 12:30:00,464.331706209,465.582631909,463.1403484,465.582631909,8808.0
2022-04-14 12:45:00,465.324504383,465.513136037,464.291994282,465.086232822,10621.0
2022-04-14 13:00:00,465.125944749,465.195440621,464.103362629,464.887673187,10284.0
2022-04-14 13:15:00,464.728825479,465.07630484,463.338908034,464.728825479,10134.0
2022-04-14 13:30:00,464.262210337,464.465733962,463.512647715,464.465733962,8245.0
2022-04-14 13:45:00,464.61961768,464.872781214,464.133146574,464.872781214,8596.0
2022-04-14 14:00:00,464.957169059,465.083750826,464.212570428,464.902565159,10949.0
2022-04-14 14:15:00,464.84796126,464.937313095,463.577179596,463.860127076,16946.0
2022-04-14 14:30:00,463.775739231,464.589833734,463.666531432,464.479732417,17394.0
2022-04-14 14:45:00,464.689113552,464.937313095,464.128182583,464.301922264,12266.0
2022-04-14 15:00:00,464.123218592,465.36421631,463.805523176,464.088470656,17774.0
2022-04-14 15:15:00,464.242354373,464.560049789,464.043794738,464.237390382,16216.0
2022-04-14 15:30:00,464.252282355,465.76133558,464.252282355,464.922421123,18933.0
2022-04-14 15:45:00,464.798321351,465.046520895,464.272138318,464.73875346,31593.0
2022-04-14 16:00:00,464.649401625,465.274864475,463.487827761,464.530265844,137500.0
2022-04-14 16:15:00,463.835307122,463.835307122,463.835307122,463.835307122,16679.0
2022-04-18 09:45:00,463.835307122,469.702744333,460.916480489,469.702744333,35020.0
2022-04-18 10:00:00,469.653104424,469.960871858,465.324504383,465.532992,20557.0
2022-04-18 10:15:00,464.331706209,465.07630484,459.933610296,460.462871003,12630.0
2022-04-18 10:30:00,460.390297456,461.164680032,458.748804955,458.980524048,18770.0
2022-04-18 10:45:00,459.129443775,461.710719028,458.801820377,461.517123384,14349.0
2022-04-18 11:00:00,461.184535996,462.74322913,460.658352963,462.621512074,10977.0
2022-04-18 11:15:00,462.57445344,463.527539688,461.641223156,463.224736244,11233.0
2022-04-18 11:30:00,463.299196107,463.487827761,461.621367193,462.311361924,10828.0
2022-04-18 11:45:00,462.107838298,463.090708491,462.058198389,462.415605732,12891.0
2022-04-18 12:00:00,462.549633486,462.599273394,460.79089152,461.730574992,14281.0
2022-04-18 12:15:00,461.849710773,462.435461696,461.273887831,462.435461696,13975.0
2022-04-18 12:30:00,462.187262152,462.703517203,461.671007101,462.097910316,12215.0
2022-04-18 12:45:00,462.078054353,463.100636473,461.529434082,462.34610986,11335.0
2022-04-18 13:00:00,462.410641741,463.924658957,462.375893805,463.88494703,15298.0
2022-04-18 13:15:00,464.123218592,464.361490154,463.253328832,463.974298866,12056.0
2022-04-18 13:30:00,463.745955286,464.371318856,462.852436929,464.371318856,8280.0
2022-04-18 13:45:00,464.143074556,464.609689698,463.944514921,464.520337862,9534.0
2022-04-18 14:00:00,464.51040988,464.828105296,463.090708491,464.043794738,20336.0
2022-04-18 14:15:00,463.82537914,465.165557396,463.080780509,464.943766283,20261.0
2022-04-18 14:30:00,464.902565159,464.902565159,463.974298866,464.331706209,11767.0
2022-04-18 14:45:00,464.296958273,465.13587273,463.959406893,464.490553917,14006.0
2022-04-18 15:00:00,464.490553917,464.51040988,463.522575697,463.765811249,10466.0
2022-04-18 15:15:00,463.497755742,463.775739231,462.356037842,462.356037842,10642.0
2022-04-18 15:30:00,462.733301148,463.309124089,462.549633486,463.060924546,18739.0
2022-04-18 15:45:00,462.852436929,462.991428673,461.26395985,461.730574992,36496.0
2022-04-18 16:00:00,461.561799302,462.465245641,460.837056635,462.465245641,81015.0
2022-04-18 16:15:00,462.226974079,462.226974079,462.226974079,462.226974079,34830.0
2022-04-18 16:30:00,462.226974079,462.226974079,462.226974079,462.226974079,400.0
2022-04-19 09:30:00,463.19991629,463.646675469,463.19991629,463.646675469,603.0
2022-04-19 09:45:00,462.34610986,469.454544789,462.286541969,467.647652112,38103.0
2022-04-19 10:00:00,468.600738359,470.437911381,467.29520876,469.022677583,17584.0
2022-04-19 10:15:00,469.017713593,469.017713593,466.426510357,467.895851655,16391.0
2022-04-19 10:30:00,467.895752376,468.104339272,465.036592913,467.488804404,14687.0
2022-04-19 10:45:00,467.968325922,467.976367587,464.381346118,464.381346118,16494.0
2022-04-19 11:00:00,464.545157816,465.925147279,464.490653197,465.925147279,19704.0
2022-04-19 11:15:00,465.910255306,466.168382832,464.768537406,465.071340849,11587.0
2022-04-19 11:30:00,464.972061031,465.25004452,462.544669495,462.604237385,16402.0
2022-04-19 11:45:00,462.609201376,462.703517203,461.452591503,461.636259165,19973.0
2022-04-19 12:00:00,461.353410965,461.829854809,460.717920854,461.695827056,18715.0
2022-04-19 12:15:00,461.809998846,462.107838298,461.374160447,461.623749908,10677.0
2022-04-19 12:30:00,461.472447466,463.348836016,461.174608014,462.902076838,14494.0
2022-04-19 12:45:00,463.19991629,463.224736244,462.17733417,462.912004819,10016.0
2022-04-19 13:00:00,462.385821787,463.065193578,462.167406189,462.534741513,9307.0
2022-04-19 13:15:00,462.233030148,462.455317659,461.7802149,462.276613988,5787.0
2022-04-19 13:30:00,462.127694262,462.653877294,461.869566736,462.083018344,7989.0
2022-04-19 13:45:00,461.800070864,462.637099005,461.273887831,461.273887831,8753.0
2022-04-19 14:00:00,461.49230343,461.988702517,461.303671777,461.854674764,8749.0
2022-04-19 14:15:00,462.073090362,463.050996564,461.849710773,462.068126371,9424.0
2022-04-19 14:30:00,462.445389677,462.504957568,461.919206645,462.053234398,7153.0
2022-04-19 14:45:00,461.939062608,462.703517203,461.482375448,462.703517203,16302.0
2022-04-19 15:00:00,462.80279702,462.80279702,461.621367193,461.680935083,10627.0
2022-04-19 15:15:00,461.869566736,461.869566736,460.886696543,461.631295174,14956.0
2022-04-19 15:30:00,461.631295174,462.192226143,461.541943339,461.958918572,19251.0
2022-04-19 15:45:00,461.829854809,462.862265631,461.631295174,461.809998846,21071.0
2022-04-19 16:00:00,461.740502974,462.097910316,460.142097913,461.55187132,89412.0
2022-04-19 16:15:00,461.065400215,461.065400215,461.065400215,461.065400215,3403.0
2022-04-20 09:45:00,462.554597477,465.751407598,462.554597477,462.733400428,27972.0
2022-04-20 10:00:00,463.130420418,463.716171341,461.631295174,461.968846554,17949.0
2022-04-20 10:15:00,462.420569723,462.420569723,459.908790342,461.244103886,23791.0
2022-04-20 10:30:00,461.025688288,461.978774535,460.430009383,460.742740808,11600.0
2022-04-20 10:45:00,461.199427968,463.0311406,461.075328197,462.594309404,11590.0
2022-04-20 11:00:00,462.544669495,463.209844272,461.740502974,461.7802149,10281.0
2022-04-20 11:15:00,462.187262152,462.187262152,461.234275184,461.690863065,11737.0
2022-04-20 11:30:00,461.66107912,462.286541969,461.631295174,462.286541969,6620.0
2022-04-20 11:45:00,462.187262152,462.594309404,461.824890818,462.167406189,8515.0
2022-04-20 12:00:00,462.092946325,462.97157271,461.929134627,462.053234398,8487.0
2022-04-20 12:15:00,462.226974079,462.842508947,461.244103886,461.586619256,8263.0
2022-04-20 12:30:00,461.432735539,461.94899059,461.005832324,461.94899059,8147.0
2022-04-20 12:45:00,462.11776628,463.875019049,462.11776628,463.775739231,10048.0
2022-04-20 13:00:00,463.527539688,464.440914008,463.517611706,464.202642446,8095.0
2022-04-20 13:15:00,464.391274099,464.480625935,463.527539688,463.626819505,9132.0
2022-04-20 13:30:00,463.492791751,463.492791751,462.018486462,462.068126371,10022.0
2022-04-20 13:45:00,462.048270408,463.537467669,461.601511229,462.619129358,15819.0
2022-04-20 14:00:00,462.648913303,463.358763998,462.34610986,462.991428673,11744.0
2022-04-20 14:15:00,463.239628217,463.487827761,462.753157111,462.991428673,14327.0
2022-04-20 14:30:00,462.921932801,462.921932801,461.611439211,461.621367193,10847.0
2022-04-20 14:45:00,461.740502974,461.740502974,460.529289201,460.569001128,15984.0
2022-04-20 15:00:00,460.330729566,460.529289201,459.149299738,459.635770844,19607.0
2022-04-20 15:15:00,459.605986898,460.638497,459.55634699,460.380369474,17481.0
2022-04-20 15:30:00,460.638497,461.273887831,460.271161675,461.154752051,14725.0
2022-04-20 15:45:00,461.065400215,461.631295174,460.797344708,461.373167649,31960.0
2022-04-20 16:00:00,461.244103886,461.402951594,459.675482771,460.052746077,87744.0
2022-04-20 16:15:00,460.062674059,460.062674059,460.062674059,460.062674059,7058.0
2022-04-21 09:45:00,461.303671777,462.17733417,456.036877461,457.287803161,28270.0
2022-04-21 10:00:00,457.123991462,458.384845144,455.158251077,455.282350848,35164.0
2022-04-21 10:15:00,455.946433547,456.319824941,453.808045559,454.443436391,26034.0
2022-04-21 10:30:00,454.820699697,456.379392831,452.840067339,453.252078582,20961.0
2022-04-21 10:45:00,453.217330646,453.217330646,450.581451492,451.335978105,31277.0
2022-04-21 11:00:00,451.584177648,452.646471695,450.988498744,451.93165701,32081.0
2022-04-21 11:15:00,451.782737283,452.586903805,450.780011127,450.849506999,25915.0
2022-04-21 11:30:00,450.789939109,450.938858835,448.903622577,450.463308509,39267.0
2022-04-21 11:45:00,450.938858835,452.110360681,450.601307456,450.601307456,24688.0
2022-04-21 12:00:00,450.650947364,451.162238424,448.40722349,448.57599918,44301.0
2022-04-21 12:15:00,448.278159727,448.847231641,446.908098247,448.387367527,44040.0
2022-04-21 12:30:00,448.685206979,448.685206979,446.918026228,447.181117745,27333.0
2022-04-21 12:45:00,447.181117745,447.409461325,444.932429879,445.701848465,54780.0
2022-04-21 13:00:00,445.701848465,445.746524382,443.294312891,443.676540189,22693.0
2022-04-21 13:15:00,443.676540189,445.776308328,443.28438491,445.200485387,21255.0
2022-04-21 13:30:00,444.753726208,444.753726208,442.639066096,443.06100532,30856.0
2022-04-21 13:45:00,443.175177111,445.27990924,442.867409676,443.388628718,16374.0
2022-04-21 14:00:00,443.363808764,445.001925752,443.195033074,444.078623449,10652.0
2022-04-21 14:15:00,444.009127577,444.148119322,442.797913804,444.098479413,11355.0
2022-04-21 14:30:00,443.751000052,444.93739387,443.612008307,443.612008307,14625.0
2022-04-21 14:45:00,443.944595696,444.743798226,443.334024818,444.475742719,25553.0
2022-04-21 15:00:00,444.287111066,444.743798226,442.356118617,443.820495924,32166.0
2022-04-21 15:15:00,443.74107207,443.74107207,442.03345921,442.733381923,18327.0
2022-04-21 15:30:00,442.733381923,443.051077339,442.172450954,442.996473439,19663.0
2022-04-21 15:45:00,442.768129859,442.877337658,440.296062405,441.666123885,38013.0
2022-04-21 16:00:00,441.477492232,441.596628013,439.834411253,440.534333966,110285.0
2022-04-21 16:15:00,440.256350478,440.256350478,440.256350478,440.256350478,62796.0
2022-04-21 16:30:00,439.372760102,439.372760102,439.372760102,439.372760102,408.0
2022-04-21 19:15:00,439.809591299,439.809591299,439.809591299,439.809591299,150.0
2022-04-21 20:00:00,439.809591299,439.809591299,439.809591299,439.809591299,116.0
2022-04-22 09:45:00,440.544261948,448.595855143,440.469802085,447.473993206,53734.0
2022-04-22 10:00:00,446.391843196,453.371214363,445.935156036,448.595855143,52801.0
2022-04-22 10:15:00,448.248375782,448.928442532,446.883278292,448.203699864,22996.0
2022-04-22 10:30:00,447.642768896,447.742048713,444.833150062,446.76513531,22528.0
2022-04-22 10:45:00,446.461339068,448.685206979,445.319621167,445.508252821,40968.0
2022-04-22 11:00:00,445.180629423,445.408973003,443.403520691,445.408973003,15564.0
2022-04-22 11:15:00,445.379189058,445.955011999,443.999199595,445.091277587,18065.0
2022-04-22 11:30:00,445.016817724,446.953171284,445.016817724,446.342203287,16932.0
2022-04-22 11:45:00,445.935156036,446.367023242,444.773582171,445.726668419,13798.0
2022-04-22 12:00:00,445.67702851,445.696884474,444.515454646,445.041637679,11381.0
2022-04-22 12:15:00,444.862934007,445.61746062,444.406246847,445.61746062,11086.0
2022-04-22 12:30:00,445.642280574,447.394172233,445.642280574,447.086801918,17445.0
2022-04-22 12:45:00,447.295289535,448.486647344,447.295289535,447.960464312,8392.0
2022-04-22 13:00:00,447.960464312,448.11931202,447.260541599,447.275433571,9247.0
2022-04-22 13:15:00,447.394569352,447.394569352,446.07414778,446.461339068,9548.0
2022-04-22 13:30:00,446.610258794,447.00936366,446.044363835,446.977594119,8945.0
2022-04-22 13:45:00,446.962702146,446.962702146,445.210413368,445.538036766,14979.0
2022-04-22 14:00:00,445.319621167,445.974867963,445.309693186,445.44868493,7334.0
2022-04-22 14:15:00,445.260053277,445.612496629,444.833150062,445.408973003,9194.0
2022-04-22 14:30:00,445.260053277,446.153571634,445.260053277,445.875588145,10441.0
2022-04-22 14:45:00,445.935156036,445.974867963,445.021781715,445.895444109,11335.0
2022-04-22 15:00:00,445.726668419,446.024507871,444.416174829,444.485670701,12875.0
2022-04-22 15:15:00,444.614734464,445.627388602,443.74663174,445.309693186,14259.0
2022-04-22 15:30:00,445.309693186,446.818746411,445.309693186,446.262779433,17332.0
2022-04-22 15:45:00,447.002414073,448.526359271,446.630114758,447.692408804,30621.0
2022-04-22 16:00:00,447.652696877,447.771832658,443.899919778,444.287111066,96443.0
2022-04-22 16:15:00,444.177903267,444.177903267,444.177903267,444.177903267,50241.0
2022-04-22 18:15:00,442.787985822,442.787985822,442.787985822,442.787985822,172.0
2022-04-25 08:30:00,440.802389474,440.802389474,440.802389474,440.802389474,200.0
2022-04-25 09:30:00,440.09750277,440.127286715,440.09750277,440.127286715,813.0
2022-04-25 09:45:00,440.792461492,441.790223657,435.26257566,439.879087171,49971.0
2022-04-25 10:00:00,440.454910112,441.437780305,436.644848558,437.625435315,17398.0
2022-04-25 10:15:00,437.660183251,438.84657707,435.49091924,435.729190802,15407.0
2022-04-25 10:30:00,435.689478875,436.553213287,434.895240335,436.185877962,14754.0
2022-04-25 10:45:00,436.493645396,436.677313059,433.705471003,434.091470933,11066.0
2022-04-25 11:00:00,434.299561431,434.453445148,432.403316917,433.207483439,15683.0
2022-04-25 11:15:00,433.252159357,434.855528408,433.137987566,434.855528408,10983.0
2022-04-25 11:30:00,434.220137577,434.617256846,433.574818763,434.041433905,8036.0
2022-04-25 11:45:00,433.872658216,434.418697212,432.939427932,433.455682982,15198.0
2022-04-25 12:00:00,432.889788023,433.361367156,431.023327455,432.492668753,20760.0
2022-04-25 12:15:00,432.582020589,435.064016025,432.582020589,434.339273358,12024.0
2022-04-25 12:30:00,434.230065558,434.815816481,432.537344671,434.225101568,9494.0
2022-04-25 12:45:00,434.201373691,434.875384372,433.808126334,433.808126334,7200.0
2022-04-25 13:00:00,433.594674727,435.133511897,433.411007064,435.103727952,10994.0
2022-04-25 13:15:00,434.845600427,435.897966492,433.823018307,435.297323596,24082.0
2022-04-25 13:30:00,435.048131254,435.048131254,434.269777485,434.428625193,5533.0
2022-04-25 13:45:00,434.46833712,434.885312354,434.07121785,434.6966807,11114.0
2022-04-25 14:00:00,434.592436892,435.639838966,434.488193084,435.143439879,9471.0
2022-04-25 14:15:00,435.098763961,436.74184494,434.885312354,436.563141268,11270.0
2022-04-25 14:30:00,436.940404575,438.067230503,436.940404575,438.062266512,13550.0
2022-04-25 14:45:00,438.111906421,439.273480285,437.76442706,438.146654357,22270.0
2022-04-25 15:00:00,438.340250001,439.094776613,438.300538074,438.365069955,12820.0
2022-04-25 15:15:00,438.459385782,438.856505052,437.76939105,437.76939105,20206.0
2022-04-25 15:30:00,438.16651032,439.511751847,438.156582339,438.67780138,19937.0
2022-04-25 15:45:00,438.767153216,440.812317455,438.638089453,440.430090158,23654.0
2022-04-25 16:00:00,440.703109656,441.398068378,440.067718824,441.269004616,106678.0
2022-04-25 16:15:00,440.822245437,440.822245437,440.822245437,440.822245437,21452.0
2022-04-26 08:30:00,440.286134423,440.286134423,440.286134423,440.286134423,123.0
2022-04-26 08:45:00,439.918799098,439.918799098,439.918799098,439.918799098,110.0
2022-04-26 09:00:00,439.918799098,439.938655062,439.918799098,439.938655062,720.0
2022-04-26 09:15:00,439.918799098,439.918799098,439.918799098,439.918799098,457.0
2022-04-26 09:45:00,441.477492232,443.787237185,439.005424778,441.983819301,40348.0
2022-04-26 10:00:00,441.01087709,441.358356451,437.238244027,439.92872708,22974.0
2022-04-26 10:15:00,440.971165163,443.701360143,440.971165163,442.023531228,10642.0
2022-04-26 10:30:00,440.305990386,440.78253351,438.657945417,439.640815609,15861.0
2022-04-26 10:45:00,439.710311482,440.663397729,439.035208723,440.147142678,16861.0
2022-04-26 11:00:00,440.405270204,442.097991091,439.511751847,442.097991091,16747.0
2022-04-26 11:15:00,442.20719889,446.004651908,441.86468352,446.004651908,17706.0
2022-04-26 11:30:00,445.820984246,449.221317993,445.820984246,448.595855143,39768.0
2022-04-26 11:45:00,448.526359271,448.844054687,446.203211543,446.451411086,38793.0
2022-04-26 12:00:00,446.769106502,447.960464312,445.736596401,445.955011999,10529.0
2022-04-26 12:15:00,445.746524382,445.746524382,444.351642947,444.907609925,12067.0
2022-04-26 12:30:00,444.944542017,445.587676675,444.351642947,445.225305341,11915.0
2022-04-26 12:45:00,445.130989514,445.27990924,442.728417932,443.209925047,12876.0
2022-04-26 13:00:00,442.847553713,444.485670701,442.594390178,444.113371385,13857.0
2022-04-26 13:15:00,444.326822993,444.654446391,443.840351887,443.840351887,12801.0
2022-04-26 13:30:00,443.765892024,443.765892024,441.795187648,441.80511563,16844.0
2022-04-26 13:45:00,441.556916086,443.582224362,441.383275685,443.582224362,10221.0
2022-04-26 14:00:00,443.57229638,445.225305341,442.625663321,442.678778023,17237.0
2022-04-26 14:15:00,442.683742014,443.125537202,441.795187648,442.653958069,10894.0
2022-04-26 14:30:00,442.917049585,443.731144088,442.410722516,443.631864271,10372.0
2022-04-26 14:45:00,443.676540189,443.676540189,442.112883064,442.112883064,9371.0
2022-04-26 15:00:00,442.043387192,443.065969311,441.904395447,441.904395447,18456.0
2022-04-26 15:15:00,442.301514717,442.460362425,441.254112643,441.427852323,14403.0
2022-04-26 15:30:00,441.298788561,441.785259666,440.713037638,441.427852323,17327.0
2022-04-26 15:45:00,441.80511563,442.117847055,440.435054149,440.926489245,22659.0
2022-04-26 16:00:00,440.941381218,441.254112643,439.164272486,439.601103682,87283.0
2022-04-26 16:15:00,439.323120194,439.323120194,439.323120194,439.323120194,24080.0
2022-04-26 19:15:00,439.184128449,439.184128449,439.184128449,439.184128449,103.0
2022-04-26 19:45:00,439.313192212,439.313192212,439.313192212,439.313192212,1100.0
2022-04-27 09:45:00,440.981093145,443.353880782,438.419673855,439.149380513,28750.0
2022-04-27 10:00:00,440.792461492,443.979343632,440.514478003,443.304240873,35255.0
2022-04-27 10:15:00,443.224817019,443.631864271,439.561391755,440.742821583,34598.0
2022-04-27 10:30:00,440.395342222,442.063243155,438.876361015,440.474766076,26362.0
2022-04-27 10:45:00,439.601103682,442.519930315,438.012626603,442.32137068,20092.0
2022-04-27 11:00:00,441.963963338,445.832699264,441.693525115,443.502800508,25734.0
2022-04-27 11:15:00,443.671576198,444.172939276,442.54475027,443.06100532,13545.0
2022-04-27 11:30:00,443.294312891,444.927465889,443.249636974,443.845315878,13413.0
2022-04-27 11:45:00,443.592152344,446.332275305,443.592152344,446.332275305,13719.0
2022-04-27 12:00:00,446.64004274,447.444209261,446.143643652,446.352131269,13149.0
2022-04-27 12:15:00,446.64004274,447.121549854,445.250125295,445.489588215,13597.0
2022-04-27 12:30:00,445.523144793,445.945084017,444.5948785,445.538036766,13206.0
2022-04-27 12:45:00,445.67702851,446.18831957,444.848042035,446.01954388,12004.0
2022-04-27 13:00:00,446.01457989,446.213139524,444.912573916,445.16573745,15122.0
2022-04-27 13:15:00,444.862934007,445.329549149,443.845315878,445.150845478,21645.0
2022-04-27 13:30:00,445.041637679,445.250125295,443.175177111,443.798257245,23463.0
2022-04-27 13:45:00,444.42610281,445.344441122,443.453160599,443.661648216,19484.0
2022-04-27 14:00:00,443.542512435,444.674302354,443.204961056,443.835387897,25117.0
2022-04-27 14:15:00,442.996473439,443.562368399,442.2022349,442.609282151,20905.0
2022-04-27 14:30:00,442.668850042,442.94683353,441.973891319,442.182378936,21891.0
2022-04-27 14:45:00,442.013603246,442.271730772,440.454910112,442.2022349,29781.0
2022-04-27 15:00:00,442.460362425,442.470290407,439.581247719,440.464838094,36928.0
2022-04-27 15:15:00,440.484694058,441.090300944,439.045136705,440.162034651,23403.0
2022-04-27 15:30:00,440.21167456,441.080372962,439.342976157,439.501823865,42807.0
2022-04-27 15:45:00,439.313192212,440.057790843,438.340250001,438.945856887,56146.0
2022-04-27 16:00:00,438.79197317,439.253624321,437.208460082,437.784283023,137117.0
2022-04-27 16:15:00,436.602853195,436.602853195,436.602853195,436.602853195,7680.0
2022-04-27 16:30:00,436.334797688,436.334797688,436.334797688,436.334797688,444.0
2022-04-28 09:30:00,438.866433033,438.866433033,438.866433033,438.866433033,1287.0
2022-04-28 09:45:00,433.852802252,437.923274767,429.276002668,432.522452698,87688.0
2022-04-28 10:00:00,433.852802252,438.896216978,432.443028844,435.902930482,37841.0
2022-04-28 10:15:00,435.297323596,437.933202749,434.716536664,437.536083479,38322.0
2022-04-28 10:30:00,436.662421086,440.008150934,436.602853195,438.047374539,32228.0
2022-04-28 10:45:00,438.022554585,438.970676842,432.76072426,438.826721106,47284.0
2022-04-28 11:00:00,438.806865143,438.806865143,434.403805239,434.403805239,26782.0
2022-04-28 11:15:00,434.413733221,436.977336667,434.349201339,435.381711441,37386.0
2022-04-28 11:30:00,435.689478875,437.446334524,434.895240335,437.446334524,22448.0
2022-04-28 11:45:00,437.218388064,437.218388064,435.272503642,436.329833697,24727.0
2022-04-28 12:00:00,436.161058008,437.158820173,435.103727952,435.704370848,33842.0
2022-04-28 12:15:00,435.709334838,436.714046591,434.364093312,436.714046591,14802.0
2022-04-28 12:30:00,436.374509615,439.298300239,436.374509615,438.201258256,22065.0
2022-04-28 12:45:00,438.439529818,441.199508743,438.211186238,441.199508743,14031.0
2022-04-28 13:00:00,441.596628013,443.908854961,440.805467148,442.897193622,23329.0
2022-04-28 13:15:00,442.142667009,444.171450079,441.914323429,444.171450079,19505.0
2022-04-28 13:30:00,443.711288125,444.455886756,442.549714261,443.765892024,27490.0
2022-04-28 13:45:00,443.889991796,444.028983541,442.420650498,443.413448672,15745.0
2022-04-28 14:00:00,443.547476426,444.336750975,442.847553713,443.68150418,17239.0
2022-04-28 14:15:00,443.74107207,444.644518409,441.795187648,443.443232618,194136.0
2022-04-28 14:30:00,443.621936289,444.545238591,442.976617476,443.860207851,24033.0
2022-04-28 14:45:00,444.376462902,445.627388602,444.068695468,445.418900985,26198.0
2022-04-28 15:00:00,445.686956492,446.535798931,444.167975285,444.922501898,35859.0
2022-04-28 15:15:00,445.294801213,445.294801213,444.788474144,444.788474144,21353.0
2022-04-28 15:30:00,445.111133551,445.533072775,443.830423906,443.929703723,24107.0
2022-04-28 15:45:00,444.128263358,444.485670701,443.12653,443.363808764,39470.0
2022-04-28 16:00:00,443.22978101,443.989271614,441.834899575,441.973891319,117137.0
2022-04-28 16:15:00,441.963963338,441.963963338,441.963963338,441.963963338,6544.0
2022-04-28 17:30:00,440.802389474,440.802389474,440.802389474,440.802389474,999.0
2022-04-28 19:15:00,440.861957364,440.861957364,440.861957364,440.861957364,171.0
2022-04-28 19:45:00,441.953936076,441.953936076,441.953936076,441.953936076,200.0
2022-04-29 09:45:00,444.386390883,445.756452364,437.615507333,439.159308495,30510.0
2022-04-29 10:00:00,439.154344504,440.574045893,437.615507333,438.955784869,17015.0
2022-04-29 10:15:00,440.8421014,446.103931725,440.8421014,443.324096837,27813.0
2022-04-29 10:30:00,442.351154626,444.227543176,439.581247719,441.110156908,87205.0
2022-04-29 10:45:00,440.057790843,442.0930271,439.864195199,441.527132141,23345.0
2022-04-29 11:00:00,440.762677547,441.755475721,440.38541424,441.149868835,10780.0
2022-04-29 11:15:00,441.328572506,441.46756425,439.263552303,440.663397729,27574.0
2022-04-29 11:30:00,440.653469747,441.616483977,440.623685802,441.457636269,15920.0
2022-04-29 11:45:00,441.626411958,441.626411958,440.345702313,440.345702313,11271.0
2022-04-29 12:00:00,440.861957364,442.361082607,440.524405985,441.63633994,10858.0
2022-04-29 12:15:00,441.427852323,441.745547739,438.702621334,438.742333261,19306.0
2022-04-29 12:30:00,438.742333261,438.926000924,438.055515484,438.588449544,17844.0
2022-04-29 12:45:00,438.553701608,439.859231208,438.548737617,439.710311482,10208.0
2022-04-29 13:00:00,439.859231208,440.077646806,438.360105964,438.816793125,16864.0
2022-04-29 13:15:00,438.747297252,439.045136705,438.191330275,438.777081198,10716.0
2022-04-29 13:30:00,438.816793125,439.948583043,438.4494578,439.382688084,17798.0
2022-04-29 13:45:00,439.481967901,440.633613784,438.926000924,439.889015153,15654.0
2022-04-29 14:00:00,440.008150934,440.236494514,438.4494578,438.747297252,13995.0
2022-04-29 14:15:00,438.50902569,439.703461174,437.99277064,439.703461174,13517.0
2022-04-29 14:30:00,439.769879372,440.15707066,438.628161471,439.124560559,20560.0
2022-04-29 14:45:00,439.030244732,439.53160781,438.67780138,439.367796111,19685.0
2022-04-29 15:00:00,439.382688084,439.660671573,437.873634859,438.806865143,19384.0
2022-04-29 15:15:00,439.064992668,439.194056431,436.950332556,436.950332556,15917.0
2022-04-29 15:30:00,437.213424073,437.268027972,436.384437597,436.384437597,29663.0
2022-04-29 15:45:00,436.384437597,437.486443571,436.156094017,436.374509615,53794.0
2022-04-29 16:00:00,436.538321314,436.538321314,434.875384372,436.17594998,168530.0
2022-04-29 16:15:00,436.235517871,436.235517871,436.235517871,436.235517871,10606.0
2022-04-29 17:00:00,436.890764666,436.890764666,436.831196776,436.831196776,673.0
2022-04-29 17:15:00,436.235517871,436.235517871,436.235517871,436.235517871,125.0
2022-05-02 09:30:00,436.434077506,436.434077506,436.434077506,436.434077506,224.0
2022-05-02 09:45:00,433.971938033,437.799174996,431.258223503,436.945368566,40275.0
2022-05-02 10:00:00,437.625435315,437.635363297,434.949844235,435.34418367,37508.0
2022-05-02 10:15:00,435.977390345,438.638089453,435.49091924,438.638089453,29829.0
2022-05-02 10:30:00,438.211186238,441.427852323,436.74184494,441.427852323,16145.0
2022-05-02 10:45:00,441.005913099,441.005913099,438.67780138,439.159308495,18369.0
2022-05-02 11:00:00,439.362832121,441.149868835,438.598377526,439.124560559,49384.0
2022-05-02 11:15:00,439.194056431,439.223840376,436.036958236,436.275229798,19653.0
2022-05-02 11:30:00,436.409257551,436.841124757,434.756248591,434.845600427,16859.0
2022-05-02 11:45:00,434.964736208,437.908382795,434.63711281,436.652493104,14950.0
2022-05-02 12:00:00,436.702133013,437.804138987,436.225589889,436.34472567,10170.0
2022-05-02 12:15:00,436.563141268,436.563141268,434.428625193,434.994520153,13477.0
2022-05-02 12:30:00,435.064016025,437.486443571,434.478265102,435.878110528,19788.0
2022-05-02 12:45:00,435.922786446,436.672349068,435.277467632,435.71926282,12681.0
2022-05-02 13:00:00,435.55048713,437.089324301,434.947560799,434.947560799,23489.0
2022-05-02 13:15:00,434.915096299,437.183640127,434.781068545,437.183640127,28526.0
2022-05-02 13:30:00,436.453933469,436.928490997,435.597446484,436.190841953,20070.0
2022-05-02 13:45:00,435.786375977,436.334797688,434.051361887,434.855528408,15064.0
2022-05-02 14:00:00,434.557688956,435.044160061,434.001721978,434.120857759,18718.0
2022-05-02 14:15:00,434.120857759,434.140713723,432.403316917,432.557200634,17509.0
2022-05-02 14:30:00,432.572092607,433.584746745,432.184901319,433.207483439,16233.0
2022-05-02 14:45:00,433.008923804,433.028779767,430.040457262,430.149665061,23730.0
2022-05-02 15:00:00,430.087317336,430.387936623,428.809387526,429.921321481,38995.0
2022-05-02 15:15:00,429.990817353,434.210209595,429.808341049,434.210209595,18606.0
2022-05-02 15:30:00,434.140713723,434.40876923,433.267051329,433.882586197,29603.0
2022-05-02 15:45:00,433.991793997,436.51350136,433.902442161,433.902442161,37646.0
2022-05-02 16:00:00,433.991793997,435.471063277,433.793234362,435.451207313,100848.0
2022-05-02 16:15:00,435.461135295,435.461135295,435.461135295,435.461135295,6699.0
2022-05-03 09:30:00,437.734643114,439.551463774,437.694931187,439.551463774,1194.0
2022-05-03 09:45:00,441.249148652,443.880063814,438.796937161,440.067718824,40613.0
2022-05-03 10:00:00,440.583973875,441.745547739,438.16680816,438.67780138,27916.0
2022-05-03 10:15:00,437.982842658,442.827697749,436.523429341,442.827697749,62121.0
2022-05-03 10:30:00,442.738345914,443.532584453,440.713037638,442.614246142,35324.0
2022-05-03 10:45:00,442.738345914,443.80063996,442.003675265,443.358844773,22405.0
2022-05-03 11:00:00,443.016329403,444.416174829,441.954035356,444.118335376,16500.0
2022-05-03 11:15:00,443.959487668,445.61746062,443.721315386,444.892717952,14829.0
2022-05-03 11:30:00,444.833150062,446.262779433,444.302003039,445.945084017,15565.0
2022-05-03 11:45:00,446.039399844,447.245649626,446.039399844,446.322347324,25189.0
2022-05-03 12:00:00,445.726668419,446.967666137,445.319621167,446.967666137,17958.0
2022-05-03 12:15:00,446.808818429,448.625639088,445.592640665,446.729394575,23028.0
2022-05-03 12:30:00,446.24292347,447.603056969,445.567820711,446.103931725,19767.0
2022-05-03 12:45:00,445.855732182,446.153571634,445.150845478,445.691920483,9393.0
2022-05-03 13:00:00,445.408973003,446.347167278,445.339477131,446.317383333,13374.0
2022-05-03 13:15:00,446.153571634,447.791688622,446.153571634,447.488885179,20722.0
2022-05-03 13:30:00,447.305217516,447.811544585,445.38911704,445.78613703,19420.0
2022-05-03 13:45:00,445.875588145,447.861184494,445.652208556,447.682480823,27530.0
2022-05-03 14:00:00,447.940608348,448.57599918,447.037162009,447.196009717,24970.0
2022-05-03 14:15:00,447.196009717,447.220829672,445.180629423,446.113859707,41239.0
2022-05-03 14:30:00,446.218103515,447.344929443,446.133715671,447.344929443,21245.0
2022-05-03 14:45:00,447.369848678,448.139167983,446.183355579,446.590402831,48954.0
2022-05-03 15:00:00,446.878314301,448.903622577,446.322347324,448.903622577,23851.0
2022-05-03 15:15:00,448.853982669,449.469517537,448.06470812,449.320597811,25052.0
2022-05-03 15:30:00,449.062470285,449.459589555,447.612984951,447.854234907,40564.0
2022-05-03 15:45:00,448.039888166,449.747501026,447.841328531,447.965428302,53482.0
2022-05-03 16:00:00,448.198735873,449.960952633,447.533561097,447.682480823,192143.0
2022-05-03 16:15:00,448.000176239,448.000176239,448.000176239,448.000176239,10700.0
2022-05-03 19:45:00,448.000176239,448.000176239,448.000176239,448.000176239,200.0
2022-05-04 09:45:00,450.303468003,451.683457466,448.049816147,449.14685813,33934.0
2022-05-04 10:00:00,449.474481528,450.760155164,448.893694596,450.760155164,23018.0
2022-05-04 10:15:00,450.224044149,450.43044689,447.027234028,448.883766614,33556.0
2022-05-04 10:30:00,448.943334504,450.829651036,448.933406523,450.617192227,22018.0
2022-05-04 10:45:00,450.705551264,451.028210671,449.270957902,449.598581299,23468.0
2022-05-04 11:00:00,449.484409509,450.789939109,449.236209966,450.789939109,16292.0
2022-05-04 11:15:00,450.889218926,452.437984079,450.462315711,451.852233156,18907.0
2022-05-04 11:30:00,452.120288663,452.517407932,451.941584991,452.318848298,12631.0
2022-05-04 11:45:00,452.408200133,452.706039586,451.663601502,452.408200133,11998.0
2022-05-04 12:00:00,452.706039586,454.006605194,452.651435686,452.651435686,11639.0
2022-05-04 12:15:00,452.78546344,453.490350143,451.767845311,453.192510691,11214.0
2022-05-04 12:30:00,453.291790509,454.691635935,452.864887294,453.212366655,11960.0
2022-05-04 12:45:00,453.276898536,453.649197851,452.874815275,453.629341888,6951.0
2022-05-04 13:00:00,453.733585696,454.403724464,453.391070326,454.180344875,11633.0
2022-05-04 13:15:00,453.980991001,454.254804738,452.554935703,452.567047841,18496.0
2022-05-04 13:30:00,452.795391421,453.510206107,452.666327659,453.12797881,13570.0
2022-05-04 13:45:00,453.286826518,454.125740975,452.378416188,453.599557943,14387.0
2022-05-04 14:00:00,453.728621705,454.175380884,453.023735001,453.798117578,16381.0
2022-05-04 14:15:00,453.30171849,454.205164829,452.259280407,453.827901523,19007.0
2022-05-04 14:30:00,453.937109322,454.542716208,451.868515046,454.105885012,15136.0
2022-05-04 14:45:00,454.354084555,456.190761178,451.703313429,455.967381589,28057.0
2022-05-04 15:00:00,456.170905215,457.590606604,455.386594657,456.518384576,28680.0
2022-05-04 15:15:00,456.473708658,457.253055225,455.962417598,456.776512101,20871.0
2022-05-04 15:30:00,456.59780843,457.411902933,455.307170803,457.352335042,29197.0
2022-05-04 15:45:00,457.51118275,458.93088414,457.163703389,458.513908906,38792.0
2022-05-04 16:00:00,458.672756614,460.658352963,458.176357527,459.506707081,135528.0
2022-05-04 16:15:00,459.238651574,459.238651574,459.238651574,459.238651574,56077.0
2022-05-05 09:45:00,459.903826351,461.234175905,457.421830914,460.69806489,35674.0
2022-05-05 10:00:00,460.663316954,460.837056635,457.699814403,458.563548815,22742.0
2022-05-05 10:15:00,458.920956158,458.920956158,453.852721477,455.376666675,36079.0
2022-05-05 10:30:00,456.20068916,459.417355245,455.555370346,459.134407765,37458.0
2022-05-05 10:45:00,459.124479784,460.956192416,459.069875884,459.725122679,89237.0
2022-05-05 11:00:00,459.715194698,460.479649292,458.563548815,459.665554789,84447.0
2022-05-05 11:15:00,459.665554789,460.360513511,458.315349272,459.84425846,128187.0
2022-05-05 11:30:00,459.725122679,460.330729566,458.628080696,460.022962132,59901.0
2022-05-05 11:45:00,459.794618552,461.651151138,459.457067172,461.397987603,41129.0
2022-05-05 12:00:00,461.015760306,461.075328197,458.513908906,458.513908906,70361.0
2022-05-05 12:15:00,458.558584824,460.549145164,458.245853399,460.380369474,74728.0
2022-05-05 12:30:00,460.509433237,461.115040124,459.516635063,460.01303415,23697.0
2022-05-05 12:45:00,460.032890113,460.191737821,459.417355245,460.057710068,28135.0
2022-05-05 13:00:00,459.938574287,461.224247923,459.506707081,461.164680032,17775.0
2022-05-05 13:15:00,461.298707786,462.465245641,460.782452735,461.482375448,14515.0
2022-05-05 13:30:00,461.49230343,462.475173623,460.98101237,462.162442198,17319.0
2022-05-05 13:45:00,461.869566736,463.969334875,461.303671777,463.601999551,19823.0
2022-05-05 14:00:00,463.795595195,464.524408335,463.229700235,463.601999551,28390.0
2022-05-05 14:15:00,463.626819505,463.745955286,462.30818497,463.229700235,34883.0
2022-05-05 14:30:00,463.398475925,465.453568146,462.415605732,462.678697248,24895.0
2022-05-05 14:45:00,462.643949312,464.84796126,462.445389677,464.162930519,65225.0
2022-05-05 15:00:00,464.172858501,466.8385216,463.82537914,465.264936493,61771.0
2022-05-05 15:15:00,465.394000256,465.532992,463.65660345,463.870055058,65629.0
2022-05-05 15:30:00,463.860127076,464.61961768,462.653877294,462.97157271,75756.0
2022-05-05 15:45:00,462.842508947,463.696315377,461.890415498,462.713445185,69174.0
2022-05-05 16:00:00,463.001356655,464.143074556,461.472447466,463.601999551,211366.0
2022-05-05 16:15:00,463.299196107,463.299196107,463.299196107,463.299196107,3354.0
2022-05-05 16:30:00,463.299196107,463.299196107,463.299196107,463.299196107,373.0
2022-05-05 17:00:00,463.299196107,463.299196107,463.299196107,463.299196107,196.0
2022-05-05 18:30:00,463.299196107,463.299196107,463.299196107,463.299196107,910.0
2022-05-06 09:45:00,461.03561627,464.629545661,458.682684596,461.849710773,47508.0
2022-05-06 10:00:00,461.076618834,461.41615581,458.940812121,459.660590798,39559.0
2022-05-06 10:15:00,459.645698825,461.482375448,456.20068916,456.478672649,54074.0
2022-05-06 10:30:00,456.051769434,458.70750455,454.383868501,457.818950184,49953.0
2022-05-06 10:45:00,457.753624064,459.21879561,456.890683891,458.682684596,48267.0
2022-05-06 11:00:00,459.308147446,461.651151138,458.07707771,460.648424982,48930.0
2022-05-06 11:15:00,460.638497,462.018486462,460.032890113,461.730574992,27173.0
2022-05-06 11:30:00,462.361001833,463.448115834,462.048270408,462.624093349,26032.0
2022-05-06 11:45:00,462.862364911,462.921932801,460.30094562,461.164680032,22419.0
2022-05-06 12:00:00,461.368203658,462.127694262,460.350585529,461.273887831,17662.0
2022-05-06 12:15:00,461.20935595,464.143074556,461.20935595,462.226974079,19591.0
2022-05-06 12:30:00,461.770286919,463.388547943,461.005832324,462.395749769,23667.0
2022-05-06 12:45:00,462.058198389,463.383583952,461.363239667,462.286541969,18568.0
2022-05-06 13:00:00,462.62905734,464.237390382,462.62905734,464.237390382,14602.0
2022-05-06 13:15:00,463.99415483,464.828105296,463.716171341,463.775739231,22467.0
2022-05-06 13:30:00,463.721135332,464.022548857,462.504957568,463.31408808,21945.0
2022-05-06 13:45:00,463.287977488,464.291994282,463.011284637,464.128480423,20478.0
2022-05-06 14:00:00,464.351562172,464.351562172,462.683661239,463.1403484,14211.0
2022-05-06 14:15:00,462.842508947,463.050996564,461.383095631,462.34610986,13168.0
2022-05-06 14:30:00,462.509921559,462.822652984,460.499505255,460.499505255,19564.0
2022-05-06 14:45:00,460.678208927,461.03561627,459.819438506,460.519361219,16853.0
2022-05-06 15:00:00,460.350585529,462.554597477,460.022962132,462.217046097,21732.0
2022-05-06 15:15:00,461.730574992,462.226974079,460.936336452,460.936336452,33107.0
2022-05-06 15:30:00,460.737776817,461.452591503,460.211593785,460.767560763,26468.0
2022-05-06 15:45:00,460.747704799,465.612415854,460.528296402,464.470697953,52471.0
2022-05-06 16:00:00,464.004082811,466.079030996,463.556330835,465.235152548,98022.0
2022-05-06 16:15:00,465.324504383,465.324504383,465.324504383,465.324504383,24387.0
2022-05-06 17:15:00,465.324504383,465.324504383,465.324504383,465.324504383,158.0
2022-05-09 09:45:00,462.604237385,463.557323633,456.786440083,458.454341016,32326.0
2022-05-09 10:00:00,459.357787355,461.621367193,458.196213491,459.740014652,23214.0
2022-05-09 10:15:00,459.367715336,460.46972131,457.05449559,459.124479784,30542.0
2022-05-09 10:30:00,458.662828633,460.360513511,458.057221746,459.457067172,34560.0
2022-05-09 10:45:00,459.605986898,460.618641036,458.712468541,459.84425846,33411.0
2022-05-09 11:00:00,459.84425846,460.022962132,456.875791919,457.51118275,24607.0
2022-05-09 11:15:00,457.769310276,459.164191711,457.290880835,459.164191711,41507.0
2022-05-09 11:30:00,459.169155702,459.298219464,456.438960722,456.438960722,25021.0
2022-05-09 11:45:00,456.716944211,458.384845144,456.42903274,457.84873413,35788.0
2022-05-09 12:00:00,457.709742385,459.521599054,457.322650377,459.228723592,20230.0
2022-05-09 12:15:00,459.278363501,459.963394241,457.84873413,459.268435519,28386.0
2022-05-09 12:30:00,459.21879561,459.953466259,457.689886422,458.672756614,22979.0
2022-05-09 12:45:00,458.563548815,458.563548815,457.322551097,457.322551097,21633.0
2022-05-09 13:00:00,456.776512101,456.869835129,455.049043277,455.478428488,20706.0
2022-05-09 13:15:00,455.892921726,455.892921726,454.969619423,455.565298328,19429.0
2022-05-09 13:30:00,455.734074018,456.677232284,455.257530894,456.458816685,25669.0
2022-05-09 13:45:00,456.091481361,456.220545123,453.47049418,455.123503141,28715.0
2022-05-09 14:00:00,455.272422867,456.48860063,453.731004421,454.433508409,17835.0
2022-05-09 14:15:00,454.582428135,455.411414611,453.693873769,454.046317121,22974.0
2022-05-09 14:30:00,453.98178524,453.98178524,451.286338196,452.234460453,28439.0
2022-05-09 14:45:00,452.030936827,453.405962299,450.730371218,452.715967567,26288.0
2022-05-09 15:00:00,452.815247385,453.827901523,451.842305174,453.103158855,24688.0
2022-05-09 15:15:00,453.440710235,454.453364373,452.467768024,454.453364373,23029.0
2022-05-09 15:30:00,454.522860245,454.522860245,452.517407932,452.537263896,25202.0
2022-05-09 15:45:00,452.61668775,452.924455184,451.227763104,451.227763104,41944.0
2022-05-09 16:00:00,451.425329941,451.743025356,449.092254231,450.819723054,115638.0
2022-05-09 16:15:00,450.710515255,450.710515255,450.631091401,450.631091401,6047.0
2022-05-09 16:30:00,450.730371218,450.730371218,450.730371218,450.730371218,125.0
2022-05-09 17:15:00,450.710614535,450.710614535,450.710515255,450.710515255,900.0
2022-05-10 09:45:00,449.191534048,452.328776279,449.122038176,452.328776279,50590.0
2022-05-10 10:00:00,452.110360681,453.063446928,450.799867091,451.067922598,31721.0
2022-05-10 10:15:00,451.266482233,452.318848298,449.821960889,450.194260204,24244.0
2022-05-10 10:30:00,450.551667547,452.21956848,448.585927162,452.21956848,35839.0
2022-05-10 10:45:00,451.723169393,451.723169393,447.751976695,448.114348029,36231.0
2022-05-10 11:00:00,448.17887991,449.668077172,447.742048713,449.107146203,20942.0
2022-05-10 11:15:00,449.385129692,449.563833363,445.071421624,445.349405113,39994.0
2022-05-10 11:30:00,445.056529651,447.871112476,444.42620209,447.066945955,33692.0
2022-05-10 11:45:00,447.002414073,449.385129692,446.739322557,447.890968439,22315.0
2022-05-10 12:00:00,447.141405818,447.751976695,445.994723926,447.295289535,22700.0
2022-05-10 12:15:00,447.215865681,447.831400549,445.111133551,445.681992501,17268.0
2022-05-10 12:30:00,445.756452364,446.53083494,444.575022537,445.210413368,18595.0
2022-05-10 12:45:00,445.498324839,445.766380346,443.914811751,445.607532638,23064.0
2022-05-10 13:00:00,445.696884474,446.501050995,444.947321852,446.163499616,21523.0
2022-05-10 13:15:00,446.143643652,447.483921188,446.143643652,447.424353297,20592.0
2022-05-10 13:30:00,447.295289535,448.317871654,446.803854438,447.712264768,27745.0
2022-05-10 13:45:00,448.139167983,450.238936122,447.751976695,450.104908368,14413.0
2022-05-10 14:00:00,450.402747821,452.160298429,450.005628551,452.140144626,19209.0
2022-05-10 14:15:00,451.752953338,451.817485219,450.28361204,450.938858835,20225.0
2022-05-10 14:30:00,451.246626269,451.246626269,448.149095965,448.675278997,18028.0
2022-05-10 14:45:00,448.895680192,450.035412496,447.935644357,449.767356989,25382.0
2022-05-10 15:00:00,449.707789099,449.856708825,446.848530356,447.712264768,24121.0
2022-05-10 15:15:00,447.841328531,449.251101938,447.687444814,448.218591837,23023.0
2022-05-10 15:30:00,448.476719362,448.983046431,446.123787689,446.451411086,27471.0
2022-05-10 15:45:00,446.411699159,446.540762922,445.557892729,445.925228054,36641.0
2022-05-10 16:00:00,445.835876218,447.617948941,445.478468875,446.481195032,126707.0
2022-05-10 16:15:00,446.729394575,446.729394575,446.729394575,446.729394575,16142.0
2022-05-10 17:30:00,446.729394575,446.729394575,446.729394575,446.729394575,238.0
2022-05-11 09:45:00,446.441483105,450.958714799,446.30249136,450.650947364,21671.0
2022-05-11 10:00:00,449.65814919,452.924455184,449.112110194,451.038138653,12582.0
2022-05-11 10:15:00,451.177130397,453.088266883,450.988498744,452.884743257,27049.0
2022-05-11 10:30:00,452.849995321,453.659125833,451.555386501,452.318848298,19659.0
2022-05-11 10:45:00,451.951512973,454.691635935,451.660623108,454.562572172,19597.0
2022-05-11 11:00:00,454.125740975,454.398760473,452.05079279,452.234460453,13951.0
2022-05-11 11:15:00,452.140144626,453.768333632,452.115324672,453.480422162,19403.0
2022-05-11 11:30:00,453.887469413,454.159992512,452.05079279,454.076101066,12809.0
2022-05-11 11:45:00,454.225020793,455.068899241,454.09595703,454.352297519,9870.0
2022-05-11 12:00:00,454.606354571,454.606354571,453.63926987,454.15552492,11580.0
2022-05-11 12:15:00,454.006605194,454.78098777,452.011080864,452.110360681,20423.0
2022-05-11 12:30:00,452.368488206,452.368488206,447.737084722,447.737084722,39172.0
2022-05-11 12:45:00,448.059744129,449.03268634,447.176153754,448.585927162,38832.0
2022-05-11 13:00:00,448.089528074,448.476719362,447.215865681,447.588164996,20083.0
2022-05-11 13:15:00,447.632840914,447.771832658,443.870135833,444.287111066,22327.0
2022-05-11 13:30:00,444.406246847,445.67702851,444.167975285,444.386390883,17268.0
2022-05-11 13:45:00,444.287111066,444.818258089,443.363808764,443.641792253,23840.0
2022-05-11 14:00:00,443.246658579,444.158047303,442.666070207,443.291830896,19324.0
2022-05-11 14:15:00,443.433304636,444.718978272,443.433304636,444.505228825,17075.0
2022-05-11 14:30:00,444.485670701,446.123787689,444.167975285,445.041637679,20064.0
2022-05-11 14:45:00,445.319621167,447.612984951,445.021781715,447.612984951,23761.0
2022-05-11 15:00:00,447.255577608,447.881040458,445.806191553,447.119167139,23545.0
2022-05-11 15:15:00,446.92795421,447.811544585,446.004651908,446.842573567,26753.0
2022-05-11 15:30:00,446.749250539,446.818746411,445.637316583,445.915300072,42897.0
2022-05-11 15:45:00,445.7912003,446.103931725,443.299276882,443.299276882,40572.0
2022-05-11 16:00:00,443.560283522,443.567332389,441.86468352,443.274456928,130539.0
2022-05-11 16:15:00,443.264528946,443.264528946,443.264528946,443.264528946,28156.0
2022-05-12 09:30:00,441.795187648,441.795187648,441.795187648,441.795187648,100.0
2022-05-12 09:45:00,444.892717952,446.431555123,442.425614489,443.3439528,21123.0
2022-05-12 10:00:00,442.966689494,443.497836517,441.23922067,442.296550726,21868.0
2022-05-12 10:15:00,442.03345921,443.443232618,439.730167445,442.778057841,23079.0
2022-05-12 10:30:00,442.43057848,442.787985822,440.792461492,441.308716543,20716.0
2022-05-12 10:45:00,440.921525254,444.123795766,440.464838094,444.123795766,27330.0
2022-05-12 11:00:00,444.684230336,445.518180802,444.257327121,444.788474144,12417.0
2022-05-12 11:15:00,444.932429879,445.895444109,444.128263358,444.798402126,14208.0
2022-05-12 11:30:00,444.267255102,444.744393905,443.165249129,443.165249129,25282.0
2022-05-12 11:45:00,443.214889038,443.3985567,440.946345209,441.671087876,11925.0
2022-05-12 12:00:00,441.166746404,442.187342927,440.832173419,442.187342927,42404.0
2022-05-12 12:15:00,442.053315173,442.922013576,441.656195904,442.778057841,11347.0
2022-05-12 12:30:00,443.324096837,445.16077346,443.031221375,444.560130564,20329.0
2022-05-12 12:45:00,444.560130564,444.584950518,442.88726564,443.90984776,17474.0
2022-05-12 13:00:00,443.865171842,444.247399139,441.874611502,441.993747283,16622.0
2022-05-12 13:15:00,441.666123885,441.666123885,439.730167445,441.447708287,56969.0
2022-05-12 13:30:00,441.432816314,441.765403703,441.020805072,441.343464479,30974.0
2022-05-12 13:45:00,441.199508743,441.785259666,440.861957364,441.318644524,30145.0
2022-05-12 14:00:00,441.249148652,441.308716543,439.511751847,440.028006897,45076.0
2022-05-12 14:15:00,439.879087171,440.792461492,439.859231208,440.474766076,16036.0
2022-05-12 14:30:00,440.484694058,441.775331685,440.474766076,441.40799636,26668.0
2022-05-12 14:45:00,441.348428469,441.561880077,439.551463774,440.127286715,28181.0
2022-05-12 15:00:00,439.908871116,440.817281446,439.898943135,440.261314468,19449.0
2022-05-12 15:15:00,440.519441994,441.368284433,440.028006897,441.120084889,28161.0
2022-05-12 15:30:00,441.269004616,444.306967029,440.991021127,443.641792253,41112.0
2022-05-12 15:45:00,443.353880782,446.620186776,443.274456928,445.597604656,68422.0
2022-05-12 16:00:00,445.547964748,447.662624859,445.538036766,447.662624859,157191.0
2022-05-12 16:15:00,447.533561097,447.533561097,447.533561097,447.533561097,13000.0
2022-05-13 09:00:00,447.751976695,447.751976695,447.751976695,447.751976695,243.0
2022-05-13 09:45:00,448.476719362,451.177130397,446.977594119,447.652696877,26631.0
2022-05-13 10:00:00,447.851256512,448.3476556,445.269981259,446.381915214,35175.0
2022-05-13 10:15:00,446.659898703,447.662624859,445.260053277,447.37967738,28740.0
2022-05-13 10:30:00,446.657218148,447.960464312,446.01457989,447.386825526,20657.0
2022-05-13 10:45:00,447.295289535,448.228519819,446.287599388,446.297527369,10932.0
2022-05-13 11:00:00,446.292563378,447.245649626,445.686956492,446.918026228,10710.0
2022-05-13 11:15:00,446.635078749,447.21090169,446.332275305,446.694646639,12887.0
2022-05-13 11:30:00,446.600330813,446.848530356,445.67702851,445.867943599,11930.0
2022-05-13 11:45:00,445.766380346,446.997450082,445.681992501,445.950048008,19780.0
2022-05-13 12:00:00,445.696884474,446.689682648,445.349405113,446.520212,12742.0
2022-05-13 12:15:00,446.654934712,448.089528074,446.451411086,447.354857425,16113.0
2022-05-13 12:30:00,447.265505589,447.404497334,446.86838632,447.225793662,9646.0
2022-05-13 12:45:00,447.186081735,447.186081735,446.53083494,446.630114758,12011.0
2022-05-13 13:00:00,446.451411086,446.550690904,444.738834235,446.158535625,10930.0
2022-05-13 13:15:00,446.421627141,446.69961063,445.369261076,445.369261076,10747.0
2022-05-13 13:30:00,445.130989514,445.27990924,444.575022537,444.813294098,15143.0
2022-05-13 13:45:00,445.031709697,445.756452364,444.700214386,445.180629423,14660.0
2022-05-13 14:00:00,445.121061533,445.67702851,444.731288969,445.021781715,17669.0
2022-05-13 14:15:00,444.882789971,445.255089286,444.139581257,444.336750975,16035.0
2022-05-13 14:30:00,444.167975285,444.76365419,444.118335376,444.694158318,12538.0
2022-05-13 14:45:00,445.230269332,445.885516127,444.99199777,445.830912227,10381.0
2022-05-13 15:00:00,445.587676675,447.111621872,445.021781715,447.066945955,13931.0
2022-05-13 15:15:00,447.066945955,447.990248257,446.878314301,447.831400549,15538.0
2022-05-13 15:30:00,447.960464312,448.446935417,447.49384917,448.243411791,15746.0
2022-05-13 15:45:00,448.298015691,448.953262486,447.37967738,448.794414778,33426.0
2022-05-13 16:00:00,448.893694596,449.618437263,448.278159727,449.320597811,74615.0
2022-05-13 16:15:00,449.568797354,449.568797354,441.80511563,449.568797354,9474.0
2022-05-13 16:30:00,449.568797354,449.568797354,449.568797354,449.568797354,182.0
2022-05-13 17:00:00,448.665351015,448.665351015,448.665351015,448.665351015,124.0
2022-05-16 09:30:00,449.568797354,449.568797354,449.568797354,449.568797354,200.0
2022-05-16 09:45:00,450.402747821,456.48860063,450.402747821,455.068899241,26330.0
2022-05-16 10:00:00,454.716455889,454.89019557,451.335978105,451.355834068,10635.0
2022-05-16 10:15:00,451.375690032,451.951512973,450.313395985,451.326050123,10953.0
2022-05-16 10:30:00,450.521883602,451.425329941,450.263756076,451.415401959,11583.0
2022-05-16 10:45:00,450.700587273,451.256554251,449.891456761,451.008354707,10592.0
2022-05-16 11:00:00,451.033174662,451.033174662,449.687933135,450.51195562,8813.0
2022-05-16 11:15:00,450.412675803,451.167202415,450.313395985,450.715479246,22006.0
2022-05-16 11:30:00,450.948786817,453.162726746,450.948786817,452.661363668,25315.0
2022-05-16 11:45:00,452.864887294,453.659125833,452.10539669,453.659125833,12886.0
2022-05-16 12:00:00,453.897397395,454.4930763,453.12797881,454.125740975,7345.0
2022-05-16 12:15:00,454.361431262,454.738893128,453.569773997,453.659125833,16781.0
2022-05-16 12:30:00,453.35632239,453.758405651,452.874815275,453.629341888,13157.0
2022-05-16 12:45:00,453.842793495,454.795879743,453.669053815,454.120776984,9436.0
2022-05-16 13:00:00,453.947037304,454.771059789,453.659125833,454.001641203,9629.0
2022-05-16 13:15:00,454.086029048,455.421342593,454.026461158,454.980838043,9117.0
2022-05-16 13:30:00,455.068899241,455.376666675,454.72141988,455.148323095,6662.0
2022-05-16 13:45:00,455.237674931,455.758893972,455.168179058,455.336954748,7787.0
2022-05-16 14:00:00,455.190517017,455.873065762,454.989475387,455.113575159,12254.0
2022-05-16 14:15:00,454.820699697,455.892921726,454.820699697,455.66785438,10009.0
2022-05-16 14:30:00,455.664578146,457.173631371,455.495802456,457.173631371,12863.0
2022-05-16 14:45:00,457.332479079,457.630318531,457.014783663,457.173631371,16486.0
2022-05-16 15:00:00,457.133919444,457.689886422,456.538240539,457.521110732,14095.0
2022-05-16 15:15:00,457.570750641,457.997653856,456.558096503,456.558096503,16755.0
2022-05-16 15:30:00,456.707016229,456.707016229,455.898084276,456.250329069,22204.0
2022-05-16 15:45:00,456.250329069,456.776512101,454.989475387,455.902849708,42706.0
2022-05-16 16:00:00,455.902849708,455.902849708,454.284588683,455.108611168,70313.0
2022-05-16 16:15:00,454.78098777,454.78098777,454.78098777,454.78098777,42313.0
2022-05-16 17:15:00,453.86761345,453.86761345,453.86761345,453.86761345,184.0
2022-05-17 09:45:00,455.277386858,456.65737632,450.209152177,450.814759063,25892.0
2022-05-17 10:00:00,450.253828095,453.728621705,450.253828095,453.512688102,15284.0
2022-05-17 10:15:00,453.852721477,455.823425854,453.47049418,455.823425854,16823.0
2022-05-17 10:30:00,456.339680904,457.888446056,455.545442365,455.954971612,22292.0
2022-05-17 10:45:00,456.041841452,456.637520357,455.317098785,456.54320453,7992.0
2022-05-17 11:00:00,456.290040996,457.014684383,456.141121269,456.210617142,14830.0
2022-05-17 11:15:00,456.36946485,456.825059932,455.500766447,455.942561634,21891.0
2022-05-17 11:30:00,455.396522639,455.714218054,454.900123551,455.466018511,10108.0
2022-05-17 11:45:00,455.222782958,455.823425854,454.686671944,454.766095798,10208.0
2022-05-17 12:00:00,454.284588683,454.741275843,453.910005932,454.470738341,10098.0
2022-05-17 12:15:00,454.701563916,455.217818967,454.26473272,454.364012537,19121.0
2022-05-17 12:30:00,454.532788227,454.910051533,454.373940519,454.542716208,10859.0
2022-05-17 12:45:00,454.572500154,455.793641908,454.408688455,455.793641908,17651.0
2022-05-17 13:00:00,456.409176776,456.8857199,456.324788932,456.518384576,7707.0
2022-05-17 13:15:00,456.667304302,457.799094221,456.438960722,457.441686878,6747.0
2022-05-17 13:30:00,457.51118275,457.51118275,455.535514383,455.535514383,12673.0
2022-05-17 13:45:00,455.570262319,457.372191006,455.570262319,457.357299033,34972.0
2022-05-17 14:00:00,457.421830914,458.881244231,455.982273561,455.982273561,38178.0
2022-05-17 14:15:00,455.997165534,457.513664746,455.686419705,455.74896599,12577.0
2022-05-17 14:30:00,455.485874474,455.744002,454.344156574,455.550406356,8323.0
2022-05-17 14:45:00,455.327026766,456.255293059,454.195236847,455.873065762,15517.0
2022-05-17 15:00:00,455.734074018,456.299968977,454.304444647,455.590118283,15985.0
2022-05-17 15:15:00,455.863137781,455.992201543,455.029187314,455.297242821,17486.0
2022-05-17 15:30:00,455.247602912,455.446162547,454.651924008,454.661851989,14817.0
2022-05-17 15:45:00,454.701563916,456.170905215,454.701563916,455.773785945,30367.0
2022-05-17 16:00:00,455.744002,456.250329069,454.671779971,456.230473105,80952.0
2022-05-17 16:15:00,455.97234558,455.97234558,455.97234558,455.97234558,4737.0
2022-05-17 17:00:00,455.287314839,455.287314839,455.287314839,455.287314839,455.0
2022-05-18 09:15:00,455.763857963,455.763857963,455.763857963,455.763857963,152.0
2022-05-18 09:45:00,455.922705671,457.769310276,454.453364373,455.937597644,36397.0
2022-05-18 10:00:00,456.42903274,457.67995844,455.565298328,457.158739398,27332.0
2022-05-18 10:15:00,456.463780676,456.463780676,454.731347862,455.212854976,9310.0
2022-05-18 10:30:00,454.622140062,455.505730438,454.145596939,454.691635935,15559.0
2022-05-18 10:45:00,455.049043277,455.188035022,454.15552492,455.00933135,28417.0
2022-05-18 11:00:00,454.602284099,456.061697415,453.311646472,456.061697415,27310.0
2022-05-18 11:15:00,456.180833196,456.180833196,454.085631929,454.215092811,35482.0
2022-05-18 11:30:00,454.304444647,454.55264419,453.321574454,453.887568693,19181.0
2022-05-18 11:45:00,454.140632948,456.975071736,454.036389139,456.850773405,16701.0
2022-05-18 12:00:00,456.453852694,456.806196766,455.356810712,455.356810712,11156.0
2022-05-18 12:15:00,455.327026766,455.327026766,452.666327659,454.205164829,19143.0
2022-05-18 12:30:00,454.512932263,454.870339606,453.765057398,454.52534224,17522.0
2022-05-18 12:45:00,454.527824236,456.726077954,454.373940519,456.42903274,17113.0
2022-05-18 13:00:00,456.692124256,457.471470823,456.508456594,457.302695134,13289.0
2022-05-18 13:15:00,457.313615913,458.950740103,456.577952466,456.677232284,37851.0
2022-05-18 13:30:00,456.473708658,456.965143754,455.915259685,456.280113014,27139.0
2022-05-18 13:45:00,456.359536868,456.459809483,453.67153581,454.274660701,23935.0
2022-05-18 14:00:00,454.314372628,454.428544418,452.894671239,452.894671239,25959.0
2022-05-18 14:15:00,453.083302892,453.564810007,451.827413201,451.827413201,18936.0
2022-05-18 14:30:00,451.656651915,452.904599221,451.460077877,452.586903805,17124.0
2022-05-18 14:45:00,452.457840042,452.537263896,451.028210671,451.246626269,12923.0
2022-05-18 15:00:00,451.117562506,451.296266178,450.154548277,450.90907489,25348.0
2022-05-18 15:15:00,450.7949031,451.018282689,450.124764332,450.179368232,16983.0
2022-05-18 15:30:00,450.363035894,450.382891857,448.01010422,448.86391065,29712.0
2022-05-18 15:45:00,449.072398267,451.544465721,448.466791381,450.224044149,38958.0
2022-05-18 16:00:00,450.531811584,452.011080864,449.985772588,451.802593247,99153.0
2022-05-18 16:15:00,451.59410563,451.59410563,451.59410563,451.59410563,8802.0
2022-05-18 16:30:00,451.59410563,451.59410563,451.59410563,451.59410563,260.0
2022-05-18 17:15:00,449.985772588,449.985772588,449.985772588,449.985772588,357.0
2022-05-18 19:45:00,450.05526846,450.05526846,450.05526846,450.05526846,100.0
2022-05-19 09:30:00,446.75917852,446.75917852,446.75917852,446.75917852,314.0
2022-05-19 09:45:00,446.143643652,450.124764332,445.786236309,448.109384038,50600.0
2022-05-19 10:00:00,448.789450787,448.883766614,443.214889038,443.463088581,26895.0
2022-05-19 10:15:00,444.177903267,447.275433571,442.361082607,446.049327826,30931.0
2022-05-19 10:30:00,446.277671406,448.258303764,445.289837222,445.289837222,14240.0
2022-05-19 10:45:00,444.843078044,444.843078044,438.643053444,439.338012166,32203.0
2022-05-19 11:00:00,439.338012166,439.640815609,436.036958236,436.553213287,31232.0
2022-05-19 11:15:00,436.74184494,439.154344504,436.195805944,438.568494301,24349.0
2022-05-19 11:30:00,438.330322019,439.253624321,438.181402293,438.181402293,12614.0
2022-05-19 11:45:00,438.687729362,442.371010589,438.687729362,441.606555995,29037.0
2022-05-19 12:00:00,441.298788561,442.380938571,440.752749565,440.752749565,22771.0
2022-05-19 12:15:00,441.020805072,443.249636974,439.779807354,443.249636974,15283.0
2022-05-19 12:30:00,443.244672983,443.68646817,441.209436725,441.983819301,16667.0
2022-05-19 12:45:00,441.983819301,442.326334671,440.008150934,440.236494514,16131.0
2022-05-19 13:00:00,440.226566532,440.226566532,437.847424987,438.285646101,37232.0
2022-05-19 13:15:00,438.211186238,440.504550021,437.784283023,439.750023409,28848.0
2022-05-19 13:30:00,439.809591299,443.085825275,439.809591299,442.648994078,18358.0
2022-05-19 13:45:00,442.420650498,443.914811751,442.152594991,443.850279869,39749.0
2022-05-19 14:00:00,444.078623449,445.428828967,442.03345921,445.339477131,17587.0
2022-05-19 14:15:00,445.438756948,446.381915214,444.455886756,445.101205569,19284.0
2022-05-19 14:30:00,445.289837222,446.719466593,445.289837222,446.371987232,19295.0
2022-05-19 14:45:00,446.223067506,447.027234028,444.825902635,446.262779433,15878.0
2022-05-19 15:00:00,446.183355579,447.315145498,445.657172547,447.111621872,24262.0
2022-05-19 15:15:00,446.888242283,448.737527443,446.888242283,447.260541599,17378.0
2022-05-19 15:30:00,447.176153754,447.627876923,446.07414778,446.292563378,21606.0
2022-05-19 15:45:00,446.094003744,446.615222785,445.319621167,446.461339068,29166.0
2022-05-19 16:00:00,446.451411086,447.052053982,445.22034135,445.250125295,78282.0
2022-05-19 16:15:00,445.269981259,445.269981259,445.269981259,445.269981259,8086.0
2022-05-19 17:45:00,444.773582171,444.773582171,444.773582171,444.773582171,218.0
2022-05-20 07:45:00,448.248375782,448.248375782,448.248375782,448.248375782,100.0
2022-05-20 09:30:00,448.496575326,448.496575326,448.496575326,448.496575326,107.0
2022-05-20 09:45:00,446.937882192,447.638797703,442.951598962,443.155321147,29138.0
2022-05-20 10:00:00,444.081204725,444.08914711,440.832173419,442.787985822,30910.0
2022-05-20 10:15:00,443.085825275,443.085825275,440.464838094,441.139940853,12698.0
2022-05-20 10:30:00,441.264040625,442.187342927,440.38541424,440.544261948,13573.0
2022-05-20 10:45:00,440.335774332,441.075408972,439.392616066,440.850143066,13403.0
2022-05-20 11:00:00,440.891741309,441.23922067,439.422400011,439.826766707,15777.0
2022-05-20 11:15:00,439.650743591,439.650743591,436.11082242,437.327595863,31255.0
2022-05-20 11:30:00,437.476515589,437.496371552,436.463861451,437.446731644,24586.0
2022-05-20 11:45:00,437.397091735,439.660671573,437.397091735,439.005424778,21887.0
2022-05-20 12:00:00,438.092050457,439.104704595,437.933202749,439.060624356,11706.0
2022-05-20 12:15:00,439.223840376,439.323120194,438.22111422,438.816793125,22738.0
2022-05-20 12:30:00,438.881325006,439.541535792,438.424637846,439.491895883,15644.0
2022-05-20 12:45:00,439.233768358,439.233768358,436.030405768,436.030405768,20094.0
2022-05-20 13:00:00,435.9476064,438.429601836,435.560415112,437.436902942,18562.0
2022-05-20 13:15:00,437.163784164,437.843850914,435.71926282,435.868182546,10837.0
2022-05-20 13:30:00,435.798686674,435.798686674,434.369057303,434.58250891,15549.0
2022-05-20 13:45:00,434.895240335,436.80141283,434.895240335,436.553213287,17077.0
2022-05-20 14:00:00,436.295085761,437.019828429,435.962498373,436.261330623,12414.0
2022-05-20 14:15:00,436.607817186,436.940404575,435.381711441,435.540559149,8066.0
2022-05-20 14:30:00,435.708739159,436.444005488,435.113655934,436.444005488,13079.0
2022-05-20 14:45:00,435.902136244,437.223352054,435.054088043,437.223352054,11568.0
2022-05-20 15:00:00,437.268027972,438.300538074,437.019828429,437.853778895,12829.0
2022-05-20 15:15:00,438.062266512,438.141690366,436.05671492,436.280193789,13710.0
2022-05-20 15:30:00,436.612781177,437.774355041,436.384437597,437.774355041,21812.0
2022-05-20 15:45:00,437.635363297,440.425126167,436.920548611,440.137214697,34199.0
2022-05-20 16:00:00,440.028006897,440.544261948,439.159308495,440.057790843,80893.0
2022-05-20 16:15:00,440.137214697,440.137214697,440.137214697,440.137214697,19167.0
2022-05-20 17:00:00,440.137214697,440.137214697,440.137214697,440.137214697,905.0
2022-05-23 08:45:00,442.787985822,442.787985822,442.787985822,442.787985822,294.0
2022-05-23 09:45:00,443.433304636,448.685206979,443.085825275,447.151333799,38329.0
2022-05-23 10:00:00,447.275433571,449.400021665,445.925228054,448.913550559,16121.0
2022-05-23 10:15:00,449.4893735,450.68073131,448.246688025,449.65814919,24662.0
2022-05-23 10:30:00,449.757429007,452.606759768,449.449661573,452.606759768,23705.0
2022-05-23 10:45:00,452.477696006,452.477696006,450.130919681,451.730615379,13494.0
2022-05-23 11:00:00,451.604033612,451.613961594,449.246137948,450.134692314,13471.0
2022-05-23 11:15:00,449.777284971,451.658637512,449.439733592,451.658637512,11275.0
2022-05-23 11:30:00,451.743025356,453.371214363,451.743025356,452.78546344,20172.0
2022-05-23 11:45:00,452.50251596,453.162726746,451.971368937,452.040864809,11142.0
2022-05-23 12:00:00,452.100432699,452.209640498,450.829651036,452.0458288,11005.0
2022-05-23 12:15:00,452.13815903,453.083302892,451.772809302,451.981296918,12661.0
2022-05-23 12:30:00,451.981296918,452.576975823,451.291302187,451.370726041,10927.0
2022-05-23 12:45:00,451.291302187,452.557119859,451.286338196,451.976332927,8383.0
2022-05-23 13:00:00,452.130216644,452.179856553,450.690659291,451.772809302,10602.0
2022-05-23 13:15:00,451.792665265,452.874815275,451.76288132,451.981296918,12966.0
2022-05-23 13:30:00,451.832377192,452.249451705,450.819723054,452.070648754,7837.0
2022-05-23 13:45:00,451.852233156,453.103158855,451.852233156,453.103158855,8599.0
2022-05-23 14:00:00,452.934383166,454.572500154,452.78546344,454.572500154,14944.0
2022-05-23 14:15:00,454.681707953,454.94976346,453.559945296,453.559945296,13667.0
2022-05-23 14:30:00,453.798117578,453.798117578,453.053518947,453.053518947,12783.0
2022-05-23 14:45:00,453.003879038,453.589629961,452.467768024,453.589629961,16167.0
2022-05-23 15:00:00,453.460566198,454.006605194,452.874815275,453.003879038,15728.0
2022-05-23 15:15:00,452.964167111,454.274660701,452.964167111,453.281862527,14192.0
2022-05-23 15:30:00,453.202438673,454.383868501,453.202438673,454.383868501,16281.0
2022-05-23 15:45:00,454.105885012,454.969619423,454.09595703,454.26969671,38434.0
2022-05-23 16:00:00,454.373940519,454.373940519,452.527335914,453.480422162,83469.0
2022-05-23 16:15:00,453.480422162,453.480422162,453.480422162,453.480422162,2846.0
2022-05-24 09:45:00,452.298992334,457.555858668,452.298992334,457.555858668,19081.0
2022-05-24 10:00:00,458.196213491,459.586130935,456.756656138,459.000380012,40545.0
2022-05-24 10:15:00,459.139371756,459.933610296,458.010560232,458.861388267,26409.0
2022-05-24 10:30:00,459.010307994,459.010307994,457.650174495,458.235925418,22571.0
2022-05-24 10:45:00,457.938085965,458.412147094,455.674506127,456.141121269,23062.0
2022-05-24 11:00:00,455.818461863,456.528312557,454.741275843,455.466018511,23522.0
2022-05-24 11:15:00,455.490838465,457.501254768,455.108611168,457.33744307,14752.0
2022-05-24 11:30:00,457.347371051,458.171393536,456.637520357,456.65737632,16315.0
2022-05-24 11:45:00,457.004855681,459.164191711,457.004855681,458.920956158,16582.0
2022-05-24 12:00:00,458.811748359,460.946264434,458.811748359,460.559073146,19835.0
2022-05-24 12:15:00,460.454829338,461.254031868,459.680446761,461.199427968,18865.0
2022-05-24 12:30:00,461.343383704,461.541943339,460.251305712,460.777488744,21705.0
2022-05-24 12:45:00,460.454829338,460.454829338,459.010307994,459.874042405,10246.0
2022-05-24 13:00:00,459.963394241,461.065400215,459.774762588,460.628569018,14968.0
2022-05-24 13:15:00,460.142097913,460.142097913,459.372679327,459.486851117,10686.0
2022-05-24 13:30:00,459.466995154,460.519361219,459.298219464,460.062674059,19716.0
2022-05-24 13:45:00,459.859150433,461.988702517,459.55634699,460.896922365,22827.0
2022-05-24 14:00:00,461.144824069,462.594309404,460.98101237,462.135636647,22021.0
2022-05-24 14:15:00,462.068126371,463.949478912,461.55187132,463.646675469,24543.0
2022-05-24 14:30:00,463.577179596,464.629545661,462.51488555,464.62458167,22171.0
2022-05-24 14:45:00,464.828105296,466.376870448,464.247318364,465.562279546,78201.0
2022-05-24 15:00:00,465.4783881,465.609735299,463.726595722,464.520337862,21925.0
2022-05-24 15:15:00,464.917457132,468.044771382,464.778465387,467.210820915,34983.0
2022-05-24 15:30:00,466.833557609,467.518588349,466.366942467,467.280316787,32352.0
2022-05-24 15:45:00,467.449092477,468.769514049,466.773989718,467.171108988,44874.0
2022-05-24 16:00:00,467.24060486,469.037569556,466.793845682,467.895851655,101816.0
2022-05-24 16:15:00,467.707220002,467.707220002,467.707220002,467.707220002,5227.0
2022-05-25 09:45:00,467.746931929,470.477126909,466.049247051,466.545646138,38242.0
2022-05-25 10:00:00,466.803773663,470.30825194,466.803773663,468.729802122,20325.0
2022-05-25 10:15:00,468.302898907,468.769514049,466.019463106,466.019463106,16755.0
2022-05-25 10:30:00,466.317302558,467.131397061,465.910255306,467.042045225,13261.0
2022-05-25 10:45:00,466.798809673,468.422034688,466.575430083,467.389524586,14180.0
2022-05-25 11:00:00,466.873269536,468.288006934,466.777265952,467.270388805,9857.0
2022-05-25 11:15:00,467.419308532,468.064627345,467.022189262,467.250532842,8728.0
2022-05-25 11:30:00,467.300172751,468.580882396,466.967585362,468.561026432,15677.0
2022-05-25 11:45:00,468.153979181,470.85161038,468.153979181,469.593536534,33548.0
2022-05-25 12:00:00,469.593536534,470.447342964,469.335409008,470.248783329,23878.0
2022-05-25 12:15:00,470.248783329,471.006486896,468.739730104,469.057425519,19179.0
2022-05-25 12:30:00,469.166633319,469.17159731,467.073715487,467.538444313,28521.0
2022-05-25 12:45:00,467.280316787,468.531143207,467.280316787,468.472667395,8975.0
2022-05-25 13:00:00,468.506422533,468.561026432,467.69232803,467.707517842,6662.0
2022-05-25 13:15:00,467.69729202,467.69729202,466.778953709,467.017225271,7592.0
2022-05-25 13:30:00,467.007297289,467.900815646,467.007297289,467.687364039,17547.0
2022-05-25 13:45:00,467.588084221,467.945491564,467.022189262,467.532884643,5629.0
2022-05-25 14:00:00,467.379596605,467.379596605,466.136116891,467.002333298,11794.0
2022-05-25 14:15:00,466.833557609,468.074555327,465.175584657,465.423784201,14616.0
2022-05-25 14:30:00,465.691839708,467.260460824,465.532992,467.081757152,14200.0
2022-05-25 14:45:00,467.627796148,468.273114962,467.280316787,467.315064723,12223.0
2022-05-25 15:00:00,467.250532842,467.727075966,466.823629627,466.8385216,9859.0
2022-05-25 15:15:00,466.634997974,467.528516331,466.634997974,466.823629627,15514.0
2022-05-25 15:30:00,466.714421828,466.922909444,466.222986731,466.436438339,16682.0
2022-05-25 15:45:00,466.451330311,467.022189262,464.758609424,465.463496128,27443.0
2022-05-25 16:00:00,465.324504383,465.711695671,463.795595195,464.252282355,91100.0
2022-05-25 16:15:00,464.252282355,464.252282355,464.252282355,464.252282355,8252.0
2022-05-25 18:00:00,464.252282355,464.252282355,464.252282355,464.252282355,379.0
2022-05-25 19:15:00,468.709946158,468.709946158,468.709946158,468.709946158,100.0
2022-05-26 09:45:00,467.339884678,471.579132883,466.61514201,471.579132883,31047.0
2022-05-26 10:00:00,471.579132883,472.095387933,468.700018177,469.941015895,62809.0
2022-05-26 10:15:00,469.57368057,470.864218917,468.680162213,468.832159614,16714.0
2022-05-26 10:30:00,468.987929647,469.136849373,467.151253024,467.9802395,18101.0
2022-05-26 10:45:00,468.709946158,471.410357193,468.700018177,471.410357193,13076.0
2022-05-26 11:00:00,471.216761549,472.393227386,471.112517741,472.204297893,23192.0
2022-05-26 11:15:00,471.628772791,472.274091605,470.516838836,471.072805814,27920.0
2022-05-26 11:30:00,470.839498243,471.875979537,470.804750307,471.231653522,16681.0
2022-05-26 11:45:00,471.45006912,472.035820043,471.082733795,471.082733795,22540.0
2022-05-26 12:00:00,470.794822325,471.688340682,470.36791911,471.360717284,18283.0
2022-05-26 12:15:00,471.688340682,471.777692518,470.874246179,470.953670033,10826.0
2022-05-26 12:30:00,470.894102142,470.894102142,469.851664059,469.881448004,6149.0
2022-05-26 12:45:00,470.129647548,470.844462234,470.129647548,470.616118653,10698.0
2022-05-26 13:00:00,470.228927365,471.628772791,470.070079657,471.39050123,19914.0
2022-05-26 13:15:00,471.410357193,473.058402163,471.410357193,472.080495961,26600.0
2022-05-26 13:30:00,472.025892061,472.025892061,467.985203491,468.183763126,21527.0
2022-05-26 13:45:00,468.203619089,468.858865885,467.727075966,467.94767572,15105.0
2022-05-26 14:00:00,467.717147984,467.717147984,466.764161016,467.151253024,15445.0
2022-05-26 14:15:00,467.18103697,467.538444313,467.042045225,467.200892933,19310.0
2022-05-26 14:30:00,467.190964951,467.57815624,465.977269183,466.515862193,17387.0
2022-05-26 14:45:00,466.674709901,466.903053481,466.486078248,466.704493846,7520.0
2022-05-26 15:00:00,466.764061736,466.972549353,466.476150266,466.476150266,15485.0
2022-05-26 15:15:00,466.481114257,466.481114257,465.627307827,465.632271818,21903.0
2022-05-26 15:30:00,465.662055763,465.810975489,464.937313095,465.810975489,20815.0
2022-05-26 15:45:00,465.810975489,466.605214029,465.36421631,466.605214029,28754.0
2022-05-26 16:00:00,466.515862193,466.61514201,463.269412162,463.934586939,105562.0
2022-05-26 16:15:00,464.063650702,464.063650702,464.063650702,464.063650702,6924.0
2022-05-27 09:45:00,464.49359056,464.548395124,460.936276137,463.761202296,37810.0
2022-05-27 10:00:00,465.136099339,467.697166434,464.259425605,466.077940681,19835.0
2022-05-27 10:15:00,466.287194471,466.341700101,464.947870573,465.848757959,15998.0
2022-05-27 10:30:00,465.440214846,467.183996426,465.181138726,466.954813704,11739.0
2022-05-27 10:45:00,467.064422832,467.064422832,465.659433102,465.952388407,15111.0
2022-05-27 11:00:00,466.386839132,467.114245163,466.097869613,466.645915253,9922.0
2022-05-27 11:15:00,466.785417779,466.785417779,465.549823974,465.76904223,11545.0
2022-05-27 11:30:00,465.808900094,466.327052335,465.230961057,465.719219899,14782.0
2022-05-27 11:45:00,465.410321448,466.272247771,465.395374748,465.76904223,13201.0
2022-05-27 12:00:00,465.828829027,466.155065649,465.579717373,465.628742546,8268.0
2022-05-27 12:15:00,465.798935628,466.267165894,465.706863961,465.790465832,11068.0
2022-05-27 12:30:00,465.893598057,466.267265538,465.330605718,465.838793493,14548.0
2022-05-27 12:45:00,466.087905147,466.307123403,465.679362034,466.058011749,20324.0
2022-05-27 13:00:00,466.067976215,466.147691944,465.529895042,465.873669125,14109.0
2022-05-27 13:15:00,465.998224952,467.129191862,465.998224952,466.02811835,22090.0
2022-05-27 13:30:00,466.137727478,466.825275644,465.729184365,466.456590396,13954.0
2022-05-27 13:45:00,466.476519328,467.024564967,466.219137167,466.675808651,14336.0
2022-05-27 14:00:00,466.551252824,467.353392351,466.49644826,466.934884772,16687.0
2022-05-27 14:15:00,466.914955839,466.944849238,466.346981268,466.556235057,12301.0
2022-05-27 14:30:00,466.775453313,466.805346712,466.15765641,466.15765641,13735.0
2022-05-27 14:45:00,465.988260486,466.297158937,465.390392515,465.754095531,16876.0
2022-05-27 15:00:00,465.868686892,465.943420388,465.021707267,465.470108245,26777.0
2022-05-27 15:15:00,465.380428049,466.825275644,465.340570184,466.825275644,19706.0
2022-05-27 15:30:00,466.805346712,467.791828863,466.217443207,467.791828863,16621.0
2022-05-27 15:45:00,467.717095366,469.376178984,467.522788276,469.186854126,33938.0
2022-05-27 16:00:00,469.276534322,469.281516555,467.761935464,469.137031796,72309.0
2022-05-27 16:15:00,469.087209465,469.087209465,469.087209465,469.087209465,28358.0
2022-05-27 16:30:00,469.087209465,469.087209465,469.087209465,469.087209465,144.0
2022-05-31 09:45:00,464.314230169,466.337016802,459.661023756,461.314925851,58676.0
2022-05-31 10:00:00,461.593930904,461.593930904,456.412408495,457.025223165,43859.0
2022-05-31 10:15:00,456.860809473,458.161172308,455.216672555,456.198172473,51800.0
2022-05-31 10:30:00,455.739807029,457.907078421,455.226637021,457.274334819,41800.0
2022-05-31 10:45:00,457.548357639,460.164030009,457.548357639,460.164030009,34007.0
2022-05-31 11:00:00,460.457981761,463.113511995,460.129154377,462.570448589,27353.0
2022-05-31 11:15:00,462.261550138,463.631664236,459.959758452,459.959758452,81219.0
2022-05-31 11:30:00,459.959758452,461.374712648,459.775415828,460.821684776,30818.0
2022-05-31 11:45:00,460.79677361,461.095707596,460.099260979,460.577555355,25179.0
2022-05-31 12:00:00,460.717057881,462.769737912,460.717057881,462.635217619,9363.0
2022-05-31 12:15:00,462.74980898,463.118494228,461.419552746,462.729880048,26777.0
2022-05-31 12:30:00,462.495715093,463.178281025,462.391088198,462.789666845,13789.0
2022-05-31 12:45:00,462.699986649,463.875793657,462.440910529,462.440910529,12320.0
2022-05-31 13:00:00,462.759773446,463.656575402,462.759773446,463.407463747,9461.0
2022-05-31 13:15:00,463.502126176,463.502126176,462.15194101,463.327748018,6611.0
2022-05-31 13:30:00,463.307819086,464.095011913,463.048742965,464.005331718,15540.0
2022-05-31 13:45:00,464.244478906,466.216446761,464.189674342,465.978296019,17530.0
2022-05-31 14:00:00,465.684344267,465.821355677,465.021707267,465.390392515,8312.0
2022-05-31 14:15:00,465.30071232,466.685773118,464.782560079,466.49644826,18189.0
2022-05-31 14:30:00,466.446625929,467.024564967,464.508537259,465.539859508,18557.0
2022-05-31 14:45:00,465.604628538,466.934884772,465.380428049,465.798935628,16903.0
2022-05-31 15:00:00,465.719219899,466.147691944,465.211032124,466.087905147,25618.0
2022-05-31 15:15:00,465.908544756,466.062993982,464.239496673,465.529895042,28257.0
2022-05-31 15:30:00,465.739148831,466.067976215,464.423839297,465.240925523,27136.0
2022-05-31 15:45:00,465.211032124,465.979491755,464.712808816,464.712808816,54105.0
2022-05-31 16:00:00,464.70284435,466.865133509,464.204621041,466.067976215,237597.0
2022-05-31 16:15:00,466.307123403,466.307123403,465.330605718,465.330605718,105448.0
2022-05-31 16:30:00,466.307123403,466.307123403,466.307123403,466.307123403,140107.0
2022-05-31 17:45:00,465.340570184,465.340570184,465.340570184,465.340570184,466.0
2022-06-01 09:45:00,466.117798546,470.233123074,463.392716337,464.608181921,40490.0
2022-06-01 10:00:00,464.324194635,464.922062605,462.789666845,463.148387627,20280.0
2022-06-01 10:15:00,463.188245492,463.188245492,460.555832818,460.87648934,27139.0
2022-06-01 10:30:00,461.190370024,461.260121287,460.438052828,461.011009633,19955.0
2022-06-01 10:45:00,460.883564111,460.916347205,458.126296677,458.315621534,32276.0
2022-06-01 11:00:00,457.558322105,458.524875324,457.126960364,457.967164152,22745.0
2022-06-01 11:15:00,458.206012406,462.171869942,457.538393173,460.968660652,134272.0
2022-06-01 11:30:00,461.125501349,461.125501349,458.773986978,459.312068151,23370.0
2022-06-01 11:45:00,459.441606211,460.457981761,459.411712813,459.959758452,26081.0
2022-06-01 12:00:00,459.93982952,459.93982952,458.056545413,459.127725527,12230.0
2022-06-01 12:15:00,459.361890482,460.228699394,459.122743294,460.094278745,16213.0
2022-06-01 12:30:00,459.93982952,461.265103521,459.840184858,461.265103521,13564.0
2022-06-01 12:45:00,461.095707596,461.265103521,460.79677361,460.986098468,8941.0
2022-06-01 13:00:00,460.996062934,461.912793822,460.996062934,461.793220228,13255.0
2022-06-01 13:15:00,461.803184694,462.321336935,461.205316723,461.21528119,14498.0
2022-06-01 13:30:00,461.324890318,462.181834408,461.324890318,461.912793822,11647.0
2022-06-01 13:45:00,462.132012077,462.759773446,461.862971491,462.699986649,20018.0
2022-06-01 14:00:00,462.787175728,463.287890153,462.07222528,462.680057717,17709.0
2022-06-01 14:15:00,462.376141499,463.34767695,461.793220228,461.81314916,13791.0
2022-06-01 14:30:00,462.161905476,462.988956168,461.255139054,462.241621205,20304.0
2022-06-01 14:45:00,462.261550138,462.665111018,461.758344596,462.420981596,20788.0
2022-06-01 15:00:00,462.50229164,462.50229164,461.81314916,462.291443536,16747.0
2022-06-01 15:15:00,462.54055519,463.855864725,462.452469309,463.835935793,28334.0
2022-06-01 15:30:00,463.885758123,464.005331718,463.277925687,463.706397732,17353.0
2022-06-01 15:45:00,463.806042394,464.792524545,463.806042394,464.050171815,33679.0
2022-06-01 16:00:00,463.950527154,464.468679394,462.49073286,462.49073286,84745.0
2022-06-01 16:15:00,462.600341987,462.600341987,462.600341987,462.600341987,11724.0
2022-06-01 16:30:00,462.15194101,462.201763341,462.15194101,462.201763341,546.0
2022-06-01 16:45:00,462.201763341,462.201763341,462.201763341,462.201763341,115.0
2022-06-01 17:00:00,463.756220063,463.756220063,463.756220063,463.756220063,147.0
2022-06-02 09:45:00,464.413874831,465.340570184,460.966169535,460.966169535,21636.0
2022-06-02 10:00:00,459.581108738,460.776844678,448.092079242,453.09424126,152407.0
2022-06-02 10:15:00,452.267190568,455.17681469,448.251510701,454.439444193,94243.0
2022-06-02 10:30:00,453.971114283,455.570411104,453.438015343,455.570411104,22879.0
2022-06-02 10:45:00,456.038741014,456.038741014,453.801718358,454.90279187,24804.0
2022-06-02 11:00:00,454.49923099,455.216672555,451.76896726,453.77182496,21037.0
2022-06-02 11:15:00,454.280012735,455.525571006,453.722002629,454.887845171,23353.0
2022-06-02 11:30:00,454.349763998,454.942649735,453.542642238,453.951185351,17584.0
2022-06-02 11:45:00,454.459373126,454.598875652,452.536231155,454.399586329,24654.0
2022-06-02 12:00:00,454.529124389,456.262941503,454.379657396,456.17375953,22077.0
2022-06-02 12:15:00,456.442301894,456.442301894,455.092116728,455.794611593,21157.0
2022-06-02 12:30:00,455.376104013,456.497106458,454.887845171,456.342657232,15051.0
2022-06-02 12:45:00,456.432337428,456.457248593,455.605286735,455.824504991,26123.0
2022-06-02 13:00:00,455.993900916,456.686431315,455.665073532,456.073616645,27814.0
2022-06-02 13:15:00,456.173261307,456.317746067,455.356175081,455.973971984,15441.0
2022-06-02 13:30:00,456.083581112,456.083581112,454.549053321,455.131974592,20930.0
2022-06-02 13:45:00,455.107063427,456.312763834,455.037312164,456.223083638,18900.0
2022-06-02 14:00:00,456.492124225,457.149778992,455.376104013,457.010276466,21486.0
2022-06-02 14:15:00,457.010276466,457.010276466,456.103510044,456.347639465,22779.0
2022-06-02 14:30:00,456.382515097,456.830916074,456.193190239,456.193190239,15120.0
2022-06-02 14:45:00,456.412408495,458.076474346,456.203154706,456.611697819,33686.0
2022-06-02 15:00:00,456.721306947,458.041598714,456.561875488,456.721306947,24826.0
2022-06-02 15:15:00,456.671484616,458.325586,456.671484616,457.438748511,21703.0
2022-06-02 15:30:00,457.588215503,458.559750955,457.448712977,458.300674835,42966.0
2022-06-02 15:45:00,458.300674835,460.273639137,458.300674835,460.099260979,80895.0
2022-06-02 16:00:00,459.989651851,462.341265867,459.959758452,460.756915746,210857.0
2022-06-02 16:15:00,461.225245656,461.225245656,461.225245656,461.225245656,6821.0
2022-06-03 09:45:00,460.527733024,463.935580454,460.527733024,463.138423161,16682.0
2022-06-03 10:00:00,462.032367416,466.635851142,461.868750881,466.177585343,41745.0
2022-06-03 10:15:00,466.635950787,472.714275151,464.483626094,471.329214353,100963.0
2022-06-03 10:30:00,471.244516391,476.067318018,471.060173767,474.846670912,77875.0
2022-06-03 10:45:00,474.627452656,475.275142957,470.811062112,471.707864068,48540.0
2022-06-03 11:00:00,471.428859015,473.770508565,471.428859015,473.441681181,17139.0
2022-06-03 11:15:00,472.963386805,473.182605061,469.426100959,469.972352995,20585.0
2022-06-03 11:30:00,469.811127932,471.827437662,469.811127932,471.648077271,17912.0
2022-06-03 11:45:00,471.608219406,472.619612722,470.631701721,471.898882884,19675.0
2022-06-03 12:00:00,471.432844801,471.448787947,469.426001315,470.103585014,12064.0
2022-06-03 12:15:00,470.432412398,473.750579633,470.083656082,473.650934971,26161.0
2022-06-03 12:30:00,474.059478084,474.766955182,472.375483301,474.27869634,22197.0
2022-06-03 12:45:00,474.208945077,474.208945077,473.162676129,473.386876618,8849.0
2022-06-03 13:00:00,473.322107587,474.527210126,473.152711662,474.223891776,15910.0
2022-06-03 13:15:00,474.368376535,476.680132687,474.169087212,475.658774904,20912.0
2022-06-03 13:30:00,474.842884414,475.175498295,473.490307776,474.712150618,12119.0
2022-06-03 13:45:00,474.398269934,474.677274987,473.910011091,474.610513063,36625.0
2022-06-03 14:00:00,474.222098172,475.658774904,474.222098172,475.165533829,9386.0
2022-06-03 14:15:00,474.727097318,475.305036355,473.491503512,474.936351107,14778.0
2022-06-03 14:30:00,474.82654269,476.211802777,474.82654269,475.952726657,18116.0
2022-06-03 14:45:00,475.992584521,475.992584521,474.109300415,474.647381588,13322.0
2022-06-03 15:00:00,474.394782371,475.68368607,474.307593292,475.68368607,17133.0
2022-06-03 15:15:00,475.703615002,476.550594627,474.916422175,475.265178491,22522.0
2022-06-03 15:30:00,474.966244506,476.767521055,474.816777513,476.767521055,23067.0
2022-06-03 15:45:00,476.715008319,476.82959968,475.673721604,475.763401799,31997.0
2022-06-03 16:00:00,475.663757138,476.899350943,475.035995769,476.660203755,109609.0
2022-06-03 16:15:00,476.670168221,476.670168221,476.670168221,476.670168221,5248.0
2022-06-03 17:00:00,476.670168221,476.670168221,476.670168221,476.670168221,1773.0
2022-06-03 17:45:00,476.899350943,476.899350943,476.899350943,476.899350943,364.0
2022-06-06 08:00:00,478.284411741,478.284411741,478.284411741,478.284411741,300.0
2022-06-06 08:15:00,477.29792959,477.29792959,477.29792959,477.29792959,287.0
2022-06-06 08:30:00,477.905762026,477.905762026,477.905762026,477.905762026,150.0
2022-06-06 09:00:00,479.290822824,479.290822824,478.892244177,478.892244177,903.0
2022-06-06 09:45:00,477.566970176,482.220375878,477.566970176,479.355591854,67314.0
2022-06-06 10:00:00,478.971959906,480.217518178,475.912868792,476.122122581,25475.0
2022-06-06 10:15:00,476.276571807,478.015371154,475.763401799,477.239139239,17181.0
2022-06-06 10:30:00,476.834581913,479.211107094,476.211802777,479.201142628,18445.0
2022-06-06 10:45:00,478.983120108,479.046693403,477.547041244,478.403188177,11679.0
2022-06-06 11:00:00,478.971959906,480.755599351,478.553452327,480.725606308,12886.0
2022-06-06 11:15:00,480.157731381,481.98122869,480.157731381,480.337091772,20650.0
2022-06-06 11:30:00,480.636025757,481.622507908,479.490112147,480.436736433,17980.0
2022-06-06 11:45:00,480.797749043,482.060944419,480.773136811,481.72215257,15886.0
2022-06-06 12:00:00,481.712188103,481.951335291,480.984782073,481.522863246,7583.0
2022-06-06 12:15:00,481.473040915,481.752045968,478.728826932,478.97096346,8577.0
2022-06-06 12:30:00,478.772670583,479.51004108,478.164838146,478.822492914,11290.0
2022-06-06 12:45:00,478.924628692,479.799010599,478.822492914,479.799010599,10453.0
2022-06-06 13:00:00,479.582283459,480.157731381,478.927119809,480.157731381,8481.0
2022-06-06 13:15:00,480.058086719,480.23744711,478.917155342,478.942066508,8850.0
2022-06-06 13:30:00,478.573381259,478.712883786,477.552023477,478.045264552,9917.0
2022-06-06 13:45:00,477.796152898,479.669472538,477.796152898,479.380503019,9492.0
2022-06-06 14:00:00,478.792599515,479.699365937,478.603274658,479.500076613,10272.0
2022-06-06 14:15:00,479.290822824,479.7691172,478.663061455,478.96199544,11988.0
2022-06-06 14:30:00,478.712883786,478.782635049,477.696508236,478.4288965,10874.0
2022-06-06 14:45:00,478.294376207,478.533523395,477.55700571,478.533523395,8600.0
2022-06-06 15:00:00,478.633168057,479.918584193,478.423914267,479.505058846,23292.0
2022-06-06 15:15:00,479.51004108,479.968406523,478.453807665,478.618221357,13921.0
2022-06-06 15:30:00,478.712883786,478.782635049,477.7662595,478.408967568,16746.0
2022-06-06 15:45:00,478.503629996,478.608256891,477.558002157,478.100069116,16537.0
2022-06-06 16:00:00,478.244553876,479.011817771,476.969102206,477.377645319,102985.0
2022-06-06 16:15:00,477.158427063,477.158427063,477.158427063,477.158427063,11487.0
2022-06-07 09:45:00,477.098640266,477.865904161,475.663757138,477.786188432,23028.0
2022-06-07 10:00:00,478.23458941,478.513594462,477.048817935,478.045264552,15905.0
2022-06-07 10:15:00,477.696508236,478.413949801,476.550594627,476.969102206,13248.0
2022-06-07 10:30:00,476.4110921,478.035300086,474.997532929,478.035300086,15910.0
2022-06-07 10:45:00,477.596863575,478.666549018,477.179551732,478.653096989,10631.0
2022-06-07 11:00:00,478.418932034,479.97837099,478.075157951,479.63957914,12156.0
2022-06-07 11:15:00,479.679437004,479.699365937,479.141355831,479.141355831,10797.0
2022-06-07 11:30:00,479.340645155,479.450254283,478.49366553,479.036031424,11710.0
2022-06-07 11:45:00,478.863745804,479.500076613,478.473736598,479.031746703,7857.0
2022-06-07 12:00:00,479.086850201,479.086850201,478.394020868,478.96199544,11355.0
2022-06-07 12:15:00,478.952030974,479.370538553,478.423914267,479.241000493,9786.0
2022-06-07 12:30:00,479.450154638,481.413254118,479.250964959,481.179089163,12885.0
2022-06-07 12:45:00,481.17410693,482.91788851,481.17410693,482.758457051,15391.0
2022-06-07 13:00:00,482.883012878,483.864512796,482.648847923,483.794761533,16584.0
2022-06-07 13:15:00,484.06679146,484.92074621,484.06679146,484.92074621,13779.0
2022-06-07 13:30:00,485.100106601,486.74424352,485.050284271,486.66452779,33373.0
2022-06-07 13:45:00,486.315771474,486.430362835,484.771279218,485.209715729,13183.0
2022-06-07 14:00:00,485.224662429,486.395487204,485.209715729,486.06665982,16938.0
2022-06-07 14:15:00,485.976979625,487.670938874,485.917192828,487.641045475,21187.0
2022-06-07 14:30:00,487.740690137,488.06951752,487.242466828,487.999766257,23915.0
2022-06-07 14:45:00,488.049588588,488.697278889,487.889359972,488.06951752,31505.0
2022-06-07 15:00:00,488.121830968,488.159197716,487.322182558,487.959908393,39359.0
2022-06-07 15:15:00,488.06951752,488.06951752,486.993355174,487.287306926,39186.0
2022-06-07 15:30:00,487.292289159,487.391933821,486.510078565,486.61171612,22083.0
2022-06-07 15:45:00,486.694421189,488.946390543,486.684456723,488.946390543,39220.0
2022-06-07 16:00:00,488.936426077,490.550669597,488.727172288,490.301557943,134196.0
2022-06-07 16:15:00,490.311522409,490.311522409,490.311522409,490.311522409,16164.0
2022-06-08 09:45:00,486.086588752,489.793071234,486.086588752,487.207591197,40483.0
2022-06-08 10:00:00,486.66452779,488.14923325,486.385522738,487.028230806,16554.0
2022-06-08 10:15:00,486.858834881,486.858834881,481.742081502,481.831761697,34576.0
2022-06-08 10:30:00,481.532827712,483.867402491,481.423218584,483.336396089,30392.0
2022-06-08 10:45:00,483.844583864,483.844583864,482.559167728,482.818243848,15769.0
2022-06-08 11:00:00,482.818243848,483.650276774,481.72215257,481.871619562,18851.0
2022-06-08 11:15:00,481.911477427,483.132124533,480.596267537,482.91788851,41507.0
2022-06-08 11:30:00,482.548605394,482.78835045,481.218947028,481.85169063,16927.0
2022-06-08 11:45:00,481.762010434,481.776957133,479.151320297,479.818939531,28403.0
2022-06-08 12:00:00,479.709330403,480.087980117,478.678008154,479.799010599,15123.0
2022-06-08 12:15:00,479.799010599,481.453111983,479.799010599,481.453111983,12298.0
2022-06-08 12:30:00,481.657383539,481.7869216,480.946917101,481.288698291,12060.0
2022-06-08 12:45:00,481.099373434,481.413254118,478.777652816,478.83245738,14542.0
2022-06-08 13:00:00,478.593310192,479.629614674,478.065193485,479.325698455,15014.0
2022-06-08 13:15:00,479.450254283,480.17267808,478.762706117,479.739223802,11440.0
2022-06-08 13:30:00,479.754170501,480.147766915,478.942066508,478.981924373,9118.0
2022-06-08 13:45:00,478.922137575,478.922137575,475.464467814,475.972655589,45546.0
2022-06-08 14:00:00,475.882975393,477.238142793,475.409264672,475.409264672,16751.0
2022-06-08 14:15:00,475.673721604,476.122122581,474.448092265,475.250231791,21152.0
2022-06-08 14:30:00,475.235285092,475.633863739,474.826741979,475.559130243,16281.0
2022-06-08 14:45:00,475.384752085,475.623899273,473.531361377,474.677274987,43846.0
2022-06-08 15:00:00,474.846670912,474.856635378,472.694346219,473.182605061,34914.0
2022-06-08 15:15:00,473.312143121,474.228874009,472.554843692,473.820330896,19628.0
2022-06-08 15:30:00,473.650934971,474.079407016,472.754133016,472.754133016,39899.0
2022-06-08 15:45:00,472.973351271,473.312143121,472.505021361,472.813919813,78755.0
2022-06-08 16:00:00,472.933493407,472.943457873,470.382590067,470.761239781,117485.0
2022-06-08 16:15:00,470.771204248,470.771204248,470.771204248,470.771204248,16804.0
2022-06-09 09:45:00,468.588986156,469.575468307,465.649468636,468.050904983,31933.0
2022-06-09 10:00:00,467.961224787,469.077244999,465.868686892,467.188978659,44216.0
2022-06-09 10:15:00,467.069405065,467.552681674,465.55978844,465.998224952,26182.0
2022-06-09 10:30:00,465.858722425,467.77189993,464.89715144,464.89715144,17973.0
2022-06-09 10:45:00,465.201067658,466.392817812,463.855864725,464.314230169,36999.0
2022-06-09 11:00:00,464.543412891,465.001778335,462.590377521,463.287890153,22804.0
2022-06-09 11:15:00,463.168316559,463.457286078,461.025956332,461.962616152,44491.0
2022-06-09 11:30:00,461.982545085,463.0088851,460.786809144,461.783255761,47632.0
2022-06-09 11:45:00,462.132012077,463.998057657,461.693575566,463.656575402,22700.0
2022-06-09 12:00:00,463.606753071,463.945544921,462.430946063,463.860448379,7851.0
2022-06-09 12:15:00,463.727522401,465.211032124,463.727522401,464.877222507,13616.0
2022-06-09 12:30:00,464.877222507,466.635950787,464.483626094,466.038082816,12011.0
2022-06-09 12:45:00,466.396803599,467.423143614,466.15765641,467.253747689,27833.0
2022-06-09 13:00:00,467.164067494,468.255176539,466.96477817,468.195389742,8169.0
2022-06-09 13:15:00,468.195389742,468.419590231,467.627415171,468.329910036,14686.0
2022-06-09 13:30:00,468.329910036,468.420686323,467.562646141,467.742006532,8594.0
2022-06-09 13:45:00,467.766917697,467.861580126,466.904991373,467.241690685,16961.0
2022-06-09 14:00:00,467.562646141,468.937742472,467.562646141,468.867991209,9913.0
2022-06-09 14:15:00,468.698595284,468.698595284,467.816740028,467.96620702,7337.0
2022-06-09 14:30:00,467.791828863,468.090762848,466.556235057,467.049476133,12045.0
2022-06-09 14:45:00,466.944849238,467.692184201,466.810328945,467.383285749,23200.0
2022-06-09 15:00:00,467.388267983,468.932760239,467.353392351,468.120656246,82492.0
2022-06-09 15:15:00,467.911402457,468.379732367,465.749113297,465.913526989,28154.0
2022-06-09 15:30:00,465.729184365,466.322070102,464.543412891,464.543412891,19974.0
2022-06-09 15:45:00,464.533448425,464.563341823,461.992509551,462.331301401,39644.0
2022-06-09 16:00:00,462.261550138,462.766748572,460.866524874,461.265103521,119268.0
2022-06-09 16:15:00,461.275067987,461.275067987,461.275067987,461.275067987,7698.0
2022-06-10 09:30:00,459.361890482,459.361890482,454.628769051,454.628769051,1219.0
2022-06-10 09:45:00,457.717753564,458.773986978,451.390317545,454.115599043,96750.0
2022-06-10 10:00:00,454.379657396,459.322032617,453.801718358,459.0031697,29574.0
2022-06-10 10:15:00,459.19747679,459.581108738,456.606715586,457.204583556,29832.0
2022-06-10 10:30:00,457.239459187,457.478606376,453.203850388,453.203850388,24405.0
2022-06-10 10:45:00,453.383210779,457.378961714,453.253672719,457.005294232,24284.0
2022-06-10 11:00:00,457.159743458,458.833773775,456.302799367,456.302799367,22293.0
2022-06-10 11:15:00,455.929131886,457.498535308,455.555464405,456.3077816,12960.0
2022-06-10 11:30:00,456.023794315,457.17967239,455.425926344,456.591768886,9603.0
2022-06-10 11:45:00,456.367568397,457.190334369,455.535535472,457.104938894,12422.0
2022-06-10 12:00:00,457.254405887,457.737682496,456.24301257,457.737682496,44974.0
2022-06-10 12:15:00,457.737682496,460.836631475,457.568286571,460.821684776,13718.0
2022-06-10 12:30:00,460.826667009,462.191798874,460.433070595,460.816702543,21599.0
2022-06-10 12:45:00,460.951222836,460.966169535,460.139118843,460.27862137,7437.0
2022-06-10 13:00:00,460.178976708,460.388230497,459.331997083,459.740540196,10246.0
2022-06-10 13:15:00,459.441606211,460.139118843,459.157618925,459.680753399,10694.0
2022-06-10 13:30:00,459.73057573,460.828261324,459.73057573,460.828261324,4825.0
2022-06-10 13:45:00,461.085743129,461.723468964,460.727022347,461.185387791,40259.0
2022-06-10 14:00:00,460.816702543,461.653717701,460.268656903,460.687164483,20790.0
2022-06-10 14:15:00,460.597484287,461.21528119,459.521321941,460.388230497,16175.0
2022-06-10 14:30:00,460.806738077,462.311372468,460.617413219,461.306456055,14499.0
2022-06-10 14:45:00,461.399623814,462.012438483,461.075778663,461.185387791,9844.0
2022-06-10 15:00:00,461.514215175,463.028814033,461.374712648,462.570448589,14980.0
2022-06-10 15:15:00,462.450874995,463.646610935,462.082189747,463.238067822,23683.0
2022-06-10 15:30:00,463.317783552,463.865829191,461.732935207,462.699986649,19458.0
2022-06-10 15:45:00,462.690022183,463.965473853,461.982545085,461.982545085,38138.0
2022-06-10 16:00:00,461.952651686,464.184692109,459.840184858,462.988956168,271486.0
2022-06-10 16:15:00,462.171869942,462.171869942,462.171869942,462.171869942,4225.0
2022-06-10 16:30:00,462.171869942,462.171869942,462.171869942,462.171869942,111.0
2022-06-10 18:30:00,464.144834244,464.144834244,464.144834244,464.144834244,150.0
2022-06-10 20:00:00,464.134869778,464.134869778,464.134869778,464.134869778,200.0
2022-06-13 07:15:00,457.359032781,458.365443865,457.359032781,458.365443865,450.0
2022-06-13 07:30:00,460.109225445,460.109225445,460.099260979,460.099260979,477.0
2022-06-13 08:00:00,458.365443865,458.365443865,457.119885593,457.119885593,522.0
2022-06-13 08:15:00,458.365443865,458.365443865,458.365443865,458.365443865,338.0
2022-06-13 08:45:00,457.119885593,457.119885593,457.119885593,457.119885593,537.0
2022-06-13 09:45:00,458.136261143,460.109225445,456.66152015,457.787504827,63670.0
2022-06-13 10:00:00,457.644016514,460.637342152,457.319174917,460.308514768,55490.0
2022-06-13 10:15:00,460.74695128,460.756915746,457.17967239,457.209565789,75548.0
2022-06-13 10:30:00,457.25938812,458.734129113,456.676466849,457.005294232,76440.0
2022-06-13 10:45:00,456.965436368,459.272210286,456.965436368,457.558322105,41938.0
2022-06-13 11:00:00,457.349068315,457.847291624,455.934114119,457.229494721,57390.0
2022-06-13 11:15:00,457.05013433,457.687860165,456.128421209,456.786075977,33587.0
2022-06-13 11:30:00,457.075045496,459.870078257,456.910631804,458.45512406,33109.0
2022-06-13 11:45:00,458.47007076,462.062260814,456.970418601,462.062260814,31908.0
2022-06-13 12:00:00,461.862971491,462.769737912,459.531286407,460.059403114,37271.0
2022-06-13 12:15:00,460.552644189,463.367605883,460.318479234,462.012438483,34233.0
2022-06-13 12:30:00,461.872935957,462.206745574,459.451570677,459.670788933,33700.0
2022-06-13 12:45:00,459.750504663,461.703540032,458.993205234,459.431641745,33125.0
2022-06-13 13:00:00,458.425230662,460.368301565,458.255834737,459.890007189,33752.0
2022-06-13 13:15:00,459.780398061,460.677200016,459.630931068,460.049438648,22295.0
2022-06-13 13:30:00,459.938932718,460.268656903,459.670788933,460.019545249,23899.0
2022-06-13 13:45:00,460.104243212,461.673646634,458.741602463,461.529161874,33152.0
2022-06-13 14:00:00,461.663682167,464.104976379,461.663682167,463.541984041,24916.0
2022-06-13 14:15:00,463.47721501,463.915651522,461.34481925,461.643753235,36742.0
2022-06-13 14:30:00,461.872935957,462.450874995,460.981215879,461.304961385,17278.0
2022-06-13 14:45:00,461.60389537,462.331301401,460.479505008,461.255139054,36934.0
2022-06-13 15:00:00,461.434499445,461.613859837,459.919900587,460.3284437,21789.0
2022-06-13 15:15:00,459.979687384,460.587519821,459.26224582,460.059403114,24938.0
2022-06-13 15:30:00,460.169012242,461.952651686,458.614555519,458.634484451,64393.0
2022-06-13 15:45:00,458.514910857,458.773986978,456.979486265,457.712771331,93422.0
2022-06-13 16:00:00,457.548357639,459.611002136,456.566857721,459.581108738,165339.0
2022-06-13 16:15:00,459.043027564,459.043027564,459.043027564,459.043027564,6560.0
2022-06-13 16:45:00,459.043027564,459.043027564,459.043027564,459.043027564,157.0
2022-06-13 17:30:00,459.043027564,459.043027564,459.043027564,459.043027564,313.0
2022-06-14 09:30:00,460.109225445,460.109225445,460.109225445,460.109225445,405.0
2022-06-14 09:45:00,458.335550466,461.314925851,456.442401538,458.445159594,43786.0
2022-06-14 10:00:00,458.47007076,459.252281354,457.633055601,457.633055601,10121.0
2022-06-14 10:15:00,457.558322105,458.285728135,455.808960424,456.377532864,23780.0
2022-06-14 10:30:00,455.914185187,456.482159758,454.529124389,454.529124389,14326.0
2022-06-14 10:45:00,454.359728464,454.379657396,450.926969868,451.484979974,29781.0
2022-06-14 11:00:00,452.197439305,456.45226636,452.197439305,454.877880705,43871.0
2022-06-14 11:15:00,455.555464405,456.183225773,452.745484944,453.014525531,22809.0
2022-06-14 11:30:00,452.785342809,452.785342809,450.453657725,451.001703364,13226.0
2022-06-14 11:45:00,450.921987635,452.307048433,450.443693259,452.307048433,10984.0
2022-06-14 12:00:00,452.396728628,452.396728628,451.345477447,451.793878425,14607.0
2022-06-14 12:15:00,451.734091628,452.232314937,450.49351559,451.30063735,12711.0
2022-06-14 12:30:00,450.892094237,452.361852997,450.498497823,450.628035883,12813.0
2022-06-14 12:45:00,450.573231319,450.573231319,448.819584918,449.15329489,11906.0
2022-06-14 13:00:00,448.530515754,448.744751777,447.125526024,448.211652837,33231.0
2022-06-14 13:15:00,448.709876145,450.035150146,448.485675656,449.367530912,16443.0
2022-06-14 13:30:00,449.905612086,451.714162696,449.636571499,449.636571499,11578.0
2022-06-14 13:45:00,449.118419258,449.432299942,446.950848932,447.484246806,20379.0
2022-06-14 14:00:00,448.141901573,449.94546995,447.404531077,449.337637514,9871.0
2022-06-14 14:15:00,448.87927207,450.224475003,448.54048022,448.54048022,11474.0
2022-06-14 14:30:00,448.555426919,450.334084131,448.371084295,449.237992852,23978.0
2022-06-14 14:45:00,448.919129935,450.264332868,448.400977694,449.118419258,27198.0
2022-06-14 15:00:00,449.317708582,450.49351559,448.610231483,450.49351559,22702.0
2022-06-14 15:15:00,450.134794808,451.370388613,449.646535965,449.786038492,24919.0
2022-06-14 15:30:00,449.796002958,450.41379986,449.038703529,450.334084131,39653.0
2022-06-14 15:45:00,450.334084131,453.034454463,450.224475003,452.147616974,43533.0
2022-06-14 16:00:00,452.107759109,453.522713306,451.998149982,452.889969704,123072.0
2022-06-14 16:15:00,452.845129606,452.884987471,451.426908061,452.884987471,49577.0
2022-06-14 19:45:00,453.383210779,453.383210779,453.383210779,453.383210779,196.0
2022-06-15 09:45:00,454.638733517,461.0060274,454.638733517,460.637342152,70316.0
2022-06-15 10:00:00,460.358337099,460.816702543,457.349068315,457.349068315,36569.0
2022-06-15 10:15:00,457.359032781,458.365443865,454.683573615,454.867916239,25715.0
2022-06-15 10:30:00,454.459373126,457.279317052,454.459373126,456.701378014,10185.0
2022-06-15 10:45:00,456.77611151,457.359032781,453.881434088,453.881434088,15032.0
2022-06-15 11:00:00,454.090687877,454.090687877,452.062919012,453.104205726,19083.0
2022-06-15 11:15:00,452.840147373,452.840147373,450.159705973,450.553302387,15484.0
2022-06-15 11:30:00,450.393870928,453.019507764,450.393870928,452.456515425,30773.0
2022-06-15 11:45:00,452.840147373,453.114170193,451.609535801,451.609535801,12333.0
2022-06-15 12:00:00,451.783913959,453.188903689,451.783913959,452.725556012,21920.0
2022-06-15 12:15:00,452.850111839,452.850111839,450.822342973,450.842271906,4878.0
2022-06-15 12:30:00,451.380353079,452.576089019,451.041561229,452.317012899,9896.0
2022-06-15 12:45:00,452.426622027,452.665769215,451.340594859,451.340594859,13574.0
2022-06-15 13:00:00,451.479997741,451.619500267,449.6066781,450.015221213,8379.0
2022-06-15 13:15:00,449.920558785,450.872165304,449.825896356,450.274297334,10316.0
2022-06-15 13:30:00,450.139777041,450.807396274,449.995292281,450.134794808,32203.0
2022-06-15 13:45:00,450.383906462,450.583195785,449.417353243,449.447246642,5324.0
2022-06-15 14:00:00,449.151899864,450.685331563,448.301333032,450.685331563,17746.0
2022-06-15 14:15:00,450.877147537,450.991738898,447.514140205,449.427317709,23942.0
2022-06-15 14:30:00,449.357566446,451.081419094,448.535497987,449.093508093,18681.0
2022-06-15 14:45:00,448.779627408,453.98107875,446.099186008,453.98107875,29131.0
2022-06-15 15:00:00,454.270048268,454.568982254,451.978221049,452.416657561,18451.0
2022-06-15 15:15:00,452.336941831,453.951185351,452.307048433,453.114170193,20195.0
2022-06-15 15:30:00,453.024489997,455.884291788,452.178706109,455.884291788,21777.0
2022-06-15 15:45:00,456.008847615,457.628073368,454.57894672,454.57894672,47938.0
2022-06-15 16:00:00,454.469337592,457.378961714,454.150474674,457.099956661,204662.0
2022-06-15 16:15:00,456.820951608,456.820951608,456.820951608,456.820951608,14153.0
2022-06-15 16:30:00,461.554073039,461.554073039,461.554073039,461.554073039,300.0
2022-06-15 19:15:00,456.820951608,456.820951608,456.820951608,456.820951608,163.0
2022-06-16 09:45:00,453.034454463,457.109921127,451.489962207,452.526266689,39417.0
2022-06-16 10:00:00,452.541213388,455.864362856,452.541213388,454.948827704,25366.0
2022-06-16 10:15:00,455.376104013,456.611697819,452.391746395,452.391746395,25764.0
2022-06-16 10:30:00,452.934809802,455.58037557,452.934809802,455.58037557,39049.0
2022-06-16 10:45:00,455.361157314,455.440873044,450.62305365,450.62305365,20609.0
2022-06-16 11:00:00,450.403835394,450.83230744,448.211652837,448.68496498,27454.0
2022-06-16 11:15:00,448.525533521,449.915576552,448.062185844,449.766109559,47061.0
2022-06-16 11:30:00,449.536926837,451.205974921,449.536926837,450.104602475,20606.0
2022-06-16 11:45:00,450.08995471,451.186045989,449.746180627,450.420276763,34318.0
2022-06-16 12:00:00,450.508462289,451.589606869,449.47714004,451.589606869,23038.0
2022-06-16 12:15:00,451.679287064,451.868611921,450.692804913,451.255797252,14766.0
2022-06-16 12:30:00,450.727680545,451.405264244,449.437282176,450.294226266,12567.0
2022-06-16 12:45:00,450.169670439,451.136223658,448.420906626,449.507033439,27214.0
2022-06-16 13:00:00,449.118419258,449.965398883,448.679982747,449.317708582,16926.0
2022-06-16 13:15:00,449.507033439,452.386764162,449.21806392,451.724127162,31480.0
2022-06-16 13:30:00,451.938363184,453.134099125,450.936934334,453.134099125,26818.0
2022-06-16 13:45:00,453.069330095,453.069330095,451.883558621,451.883558621,15028.0
2022-06-16 14:00:00,451.674304831,451.938363184,449.965398883,449.965398883,18278.0
2022-06-16 14:15:00,449.845825289,450.294226266,449.068596927,449.213081687,19057.0
2022-06-16 14:30:00,449.038703529,450.040132379,448.490657889,449.88070092,29506.0
2022-06-16 14:45:00,449.848316405,450.214510537,447.840476472,449.173223822,27665.0
2022-06-16 15:00:00,449.168241589,449.362548679,447.06324811,447.339762047,28613.0
2022-06-16 15:15:00,447.673571663,449.407388777,447.334779813,448.714858378,30665.0
2022-06-16 15:30:00,448.640124882,449.332655281,448.07215031,448.351155363,34660.0
2022-06-16 15:45:00,448.490657889,448.560409153,447.068230343,447.34474428,68770.0
2022-06-16 16:00:00,446.9262367,447.932647784,445.979612414,447.823038656,212798.0
2022-06-16 16:15:00,447.424460009,447.424460009,447.424460009,447.424460009,17637.0
2022-06-16 16:30:00,446.815570343,447.424460009,446.815570343,447.424460009,1108.0
2022-06-16 17:15:00,447.404531077,447.404531077,447.404531077,447.404531077,242.0
2022-06-16 17:30:00,447.653642731,447.653642731,447.653642731,447.653642731,100.0
2022-06-17 08:45:00,450.393870928,450.393870928,450.393870928,450.393870928,196.0
2022-06-17 09:30:00,449.825896356,451.071454628,449.825896356,451.061490161,1019.0
2022-06-17 09:45:00,445.411637843,450.134794808,445.411637843,448.087097009,188411.0
2022-06-17 10:00:00,447.703465062,449.656500431,446.577480385,446.637267182,36814.0
2022-06-17 10:15:00,446.851503204,448.420906626,446.517693587,446.786734174,12608.0
2022-06-17 10:30:00,446.437977858,446.467871257,441.864287886,442.731196443,26557.0
2022-06-17 10:45:00,443.030130428,443.030130428,438.725481042,439.951110381,36207.0
2022-06-17 11:00:00,439.791678922,439.791678922,434.520476318,437.928323748,46277.0
2022-06-17 11:15:00,437.405189274,440.419440291,437.210882184,440.269973298,20205.0
2022-06-17 11:30:00,440.987414863,441.246490983,438.894876967,440.588836216,24257.0
2022-06-17 11:45:00,440.70840981,441.844358953,440.294884464,440.339724561,21232.0
2022-06-17 12:00:00,439.821572321,440.230115434,437.77297772,438.660712012,26983.0
2022-06-17 12:15:00,438.277080064,438.735445508,437.410171507,438.735445508,18773.0
2022-06-17 12:30:00,439.134024155,439.148970854,437.35038471,438.665694245,23043.0
2022-06-17 12:45:00,438.745409974,438.745409974,436.54326295,437.440064906,22915.0
2022-06-17 13:00:00,437.300562379,439.462851538,437.08234057,439.203775418,22194.0
2022-06-17 13:15:00,438.884912501,442.083506141,438.556085117,441.336171179,20044.0
2022-06-17 13:30:00,440.608765148,441.216597585,440.050755043,440.663569712,16587.0
2022-06-17 13:45:00,440.539013885,442.651480713,440.235097667,442.651480713,22640.0
2022-06-17 14:00:00,442.392404593,442.960379164,440.997379329,441.664998562,33876.0
2022-06-17 14:15:00,441.415886908,441.934039149,441.077095058,441.754678758,20800.0
2022-06-17 14:30:00,441.684927495,442.930485766,441.381011276,441.585282833,23997.0
2022-06-17 14:45:00,441.485638171,442.960379164,440.484209321,441.733454445,18658.0
2022-06-17 15:00:00,441.246490983,441.505567103,439.990968245,440.698445344,26166.0
2022-06-17 15:15:00,441.027272727,441.595247299,438.969610463,439.109212634,33772.0
2022-06-17 15:30:00,439.014450561,441.301295547,438.934734831,440.887770201,37806.0
2022-06-17 15:45:00,440.9027169,441.973897014,439.821572321,441.376029043,54942.0
2022-06-17 16:00:00,441.226562051,443.089917225,440.808054472,442.292759931,146616.0
2022-06-17 16:15:00,442.352546728,442.352546728,442.352546728,442.352546728,8021.0
2022-06-17 16:30:00,442.384396151,442.384396151,442.352546728,442.352546728,1979.0
2022-06-17 18:45:00,443.438673541,443.438673541,443.438673541,443.438673541,100.0
2022-06-17 19:30:00,443.538318202,443.538318202,443.538318202,443.538318202,100.0
2022-06-21 07:15:00,448.400977694,448.400977694,448.400977694,448.400977694,125.0
2022-06-21 09:45:00,447.045810295,450.9618455,447.020899129,449.397424311,54070.0
2022-06-21 10:00:00,449.417353243,453.383210779,448.699911679,453.09424126,27089.0
2022-06-21 10:15:00,452.725556012,453.632322434,451.631457626,451.778931726,20533.0
2022-06-21 10:30:00,452.131673828,453.90136302,451.659358132,453.363281847,14346.0
2022-06-21 10:45:00,453.911327486,454.36969293,452.984632132,453.801718358,12814.0
2022-06-21 11:00:00,453.582500103,454.658662449,453.338370682,454.658662449,18963.0
2022-06-21 11:15:00,454.658662449,455.376104013,453.911327486,453.911327486,12249.0
2022-06-21 11:30:00,453.6422869,454.997454299,453.492819907,454.997454299,12640.0
2022-06-21 11:45:00,455.276459352,456.611697819,455.196743622,456.213119172,14537.0
2022-06-21 12:00:00,455.914185187,455.973971984,454.261279538,454.409550795,17455.0
2022-06-21 12:15:00,454.668626915,456.397461796,454.549053321,456.053687713,10151.0
2022-06-21 12:30:00,456.571839954,458.245870271,456.571839954,458.245870271,18535.0
2022-06-21 12:45:00,458.325586,459.302103685,457.51846424,459.302103685,17326.0
2022-06-21 13:00:00,459.33000419,459.999616317,458.843738241,459.999616317,15285.0
2022-06-21 13:15:00,459.979687384,460.806738077,459.252281354,460.74695128,22587.0
2022-06-21 13:30:00,460.517768558,460.966169535,459.959758452,460.368301565,12392.0
2022-06-21 13:45:00,460.607448753,461.110056427,460.208870106,461.110056427,14788.0
2022-06-21 14:00:00,460.717057881,461.145529926,460.238763505,460.966169535,15561.0
2022-06-21 14:15:00,461.095707596,462.600341987,460.567590889,461.768309062,19782.0
2022-06-21 14:30:00,461.534144107,461.932722754,460.79677361,461.932722754,20388.0
2022-06-21 14:45:00,462.08717198,462.351230333,461.105672062,462.351230333,17053.0
2022-06-21 15:00:00,462.132012077,462.420981596,462.07222528,462.351230333,20716.0
2022-06-21 15:15:00,462.336283634,462.675673352,461.982545085,461.982545085,20344.0
2022-06-21 15:30:00,461.902829355,462.550519657,461.843042558,462.261550138,17945.0
2022-06-21 15:45:00,462.102118679,463.128458694,461.623824303,461.952651686,32349.0
2022-06-21 16:00:00,461.962616152,463.108529762,461.653717701,462.291443536,116172.0
2022-06-21 16:15:00,462.122047611,462.122047611,462.122047611,462.122047611,88521.0
2022-06-21 17:30:00,461.195352257,461.195352257,461.195352257,461.195352257,200.0
2022-06-22 08:45:00,459.361890482,459.361890482,459.361890482,459.361890482,201.0
2022-06-22 09:30:00,453.77182496,453.77182496,453.77182496,453.77182496,539.0
2022-06-22 09:45:00,452.605982418,457.139814526,451.400282011,452.605982418,38985.0
2022-06-22 10:00:00,453.253672719,456.845862774,452.396728628,455.206708089,23509.0
2022-06-22 10:15:00,455.316317216,456.522017623,453.124134659,456.522017623,28164.0
2022-06-22 10:30:00,456.606715586,458.435195128,456.531982089,458.325586,11623.0
2022-06-22 10:45:00,458.305657068,460.288585836,458.086438812,459.222387955,13335.0
2022-06-22 11:00:00,459.411712813,459.591073204,458.477145531,459.569848891,14664.0
2022-06-22 11:15:00,459.511357474,459.650860001,457.707789097,458.445159594,13076.0
2022-06-22 11:30:00,458.843738241,461.0060274,458.798898143,460.3284437,12533.0
2022-06-22 11:45:00,460.378266031,461.0060274,459.307085918,459.307085918,14082.0
2022-06-22 12:00:00,459.013134166,459.635913302,458.544804256,458.958329602,7217.0
2022-06-22 12:15:00,459.023098632,459.880042723,458.365443865,459.082885429,16087.0
2022-06-22 12:30:00,459.038045331,461.025956332,459.038045331,460.293568069,13432.0
2022-06-22 12:45:00,459.959758452,460.91754294,459.620966602,460.178976708,10023.0
2022-06-22 13:00:00,460.024527482,460.258692437,459.441606211,459.979687384,8748.0
2022-06-22 13:15:00,459.699187662,460.079332046,458.913489504,459.695700099,7372.0
2022-06-22 13:30:00,459.620966602,460.856560408,459.620966602,460.492857392,9143.0
2022-06-22 13:45:00,460.642324385,460.642324385,459.521321941,460.557626422,10274.0
2022-06-22 14:00:00,460.477611759,461.075778663,460.21664239,460.662253317,10700.0
2022-06-22 14:15:00,460.647306618,462.092154213,460.358337099,462.092154213,11691.0
2022-06-22 14:30:00,461.833078092,462.361194799,459.800326993,459.800326993,11009.0
2022-06-22 14:45:00,459.780398061,460.428088362,459.331997083,459.481464076,10129.0
2022-06-22 15:00:00,459.351926016,460.298550302,459.351926016,459.760469129,11494.0
2022-06-22 15:15:00,459.581108738,459.581108738,458.06650988,458.325586,11875.0
2022-06-22 15:30:00,458.85868494,459.531286407,458.604591053,458.893560572,12642.0
2022-06-22 15:45:00,458.828791542,459.112778828,457.707789097,458.425230662,15199.0
2022-06-22 16:00:00,458.275763669,458.425230662,456.502088691,456.512053157,62698.0
2022-06-22 16:15:00,456.980383067,456.980383067,456.980383067,456.980383067,10877.0
2022-06-22 17:30:00,457.897113955,457.897113955,457.897113955,457.897113955,198.0
2022-06-22 18:15:00,455.396032946,455.396032946,455.396032946,455.396032946,100.0
2022-06-23 09:45:00,456.820951608,459.014030968,456.531982089,458.00174085,15860.0
2022-06-23 10:00:00,456.950489668,458.255834737,456.681449082,457.847291624,10488.0
2022-06-23 10:15:00,457.349068315,458.425230662,455.505642074,456.24301257,11462.0
2022-06-23 10:30:00,455.173028193,456.518430415,454.937966436,455.122010126,9704.0
2022-06-23 10:45:00,455.24158372,455.802583166,453.90136302,455.077170028,11807.0
2022-06-23 11:00:00,454.956400698,455.605286735,454.100652344,455.565428871,6554.0
2022-06-23 11:15:00,455.605286735,455.605286735,453.672180298,454.050830013,28716.0
2022-06-23 11:30:00,453.6422869,453.6422869,452.396728628,452.488202428,17017.0
2022-06-23 11:45:00,452.635875816,452.635875816,450.662911515,451.499926673,17708.0
2022-06-23 12:00:00,451.868312987,451.868312987,450.171065464,450.47856889,11778.0
2022-06-23 12:15:00,450.971809966,451.230886086,449.676429364,450.42874656,10758.0
2022-06-23 12:30:00,449.88070092,450.393870928,448.719840611,448.719840611,9556.0
2022-06-23 12:45:00,448.400977694,449.158277123,447.852932054,449.048667995,9709.0
2022-06-23 13:00:00,449.053650228,450.259350635,448.600267017,449.626607033,8853.0
2022-06-23 13:15:00,449.661482664,451.161134823,449.661482664,450.941916567,14059.0
2022-06-23 13:30:00,450.941916567,450.941916567,449.168241589,449.228028386,13022.0
2022-06-23 13:45:00,449.337637514,449.746180627,449.048667995,449.34760198,8120.0
2022-06-23 14:00:00,449.397424311,450.234439469,449.21806392,449.855789755,8277.0
2022-06-23 14:15:00,449.855789755,450.603124718,449.666464898,450.363977529,6896.0
2022-06-23 14:30:00,450.483551124,450.49351559,449.566820236,450.393870928,11887.0
2022-06-23 14:45:00,450.393870928,452.067901245,450.383906462,452.067901245,13882.0
2022-06-23 15:00:00,452.267190568,453.273601651,452.067901245,453.233743787,22359.0
2022-06-23 15:15:00,453.074312328,453.6273402,452.909898636,453.114170193,28573.0
2022-06-23 15:30:00,453.139181003,454.798164976,452.9647032,454.608840118,29145.0
2022-06-23 15:45:00,454.57894672,455.326281683,454.24015487,454.321066335,30137.0
2022-06-23 16:00:00,454.539088855,455.286423818,453.881434088,454.598875652,48371.0
2022-06-23 16:15:00,454.618804584,454.618804584,454.618804584,454.618804584,9559.0
2022-06-24 09:45:00,458.365443865,458.654413384,453.98107875,456.372550631,29451.0
2022-06-24 10:00:00,455.067205562,456.611697819,454.529124389,456.462230826,18316.0
2022-06-24 10:15:00,456.372550631,458.993205234,456.372550631,457.797469293,25618.0
2022-06-24 10:30:00,457.931989586,459.062956497,456.950489668,457.030205398,14507.0
2022-06-24 10:45:00,456.616680052,457.159743458,455.421043756,456.671484616,27335.0
2022-06-24 11:00:00,456.950489668,458.694271248,456.522017623,458.485017459,14981.0
2022-06-24 11:15:00,458.694271248,460.517868202,458.215976872,460.517868202,15168.0
2022-06-24 11:30:00,460.587519821,462.141976544,460.317383143,461.349801483,14595.0
2022-06-24 11:45:00,461.524179641,462.571245746,460.981116235,462.033064928,9148.0
2022-06-24 12:00:00,461.872935957,462.201763341,461.070397852,461.294996919,5295.0
2022-06-24 12:15:00,461.34481925,462.351230333,461.324890318,462.342262314,11444.0
2022-06-24 12:30:00,462.600341987,462.660128784,461.952651686,462.181834408,10862.0
2022-06-24 12:45:00,462.07222528,462.381123732,461.245174588,461.743397897,7707.0
2022-06-24 13:00:00,461.434499445,461.60389537,460.53919216,461.235210122,7617.0
2022-06-24 13:15:00,461.245174588,461.514215175,460.557626422,461.075778663,12995.0
2022-06-24 13:30:00,460.657271084,461.314925851,460.457981761,461.260121287,8739.0
2022-06-24 13:45:00,461.095707596,461.414570513,460.697128949,461.204718856,11150.0
2022-06-24 14:00:00,461.085743129,461.354783716,460.607448753,460.657271084,15599.0
2022-06-24 14:15:00,460.722040114,460.926311671,459.53626864,460.607448753,17838.0
2022-06-24 14:30:00,460.786809144,461.085743129,460.06936758,461.040903032,14846.0
2022-06-24 14:45:00,461.105672062,461.13556546,460.677200016,460.896418272,11411.0
2022-06-24 15:00:00,460.856560408,461.763326829,460.856560408,461.354783716,27574.0
2022-06-24 15:15:00,461.504250709,461.613859837,461.045885265,461.414570513,42676.0
2022-06-24 15:30:00,461.464392844,462.311372468,461.399623814,462.017420716,29821.0
2022-06-24 15:45:00,461.992509551,462.759773446,461.872935957,462.15194101,43783.0
2022-06-24 16:00:00,462.301408002,462.74980898,460.886453806,462.052296348,114122.0
2022-06-24 16:15:00,462.052296348,462.052296348,462.052296348,462.052296348,48404.0
2022-06-24 17:00:00,460.896418272,460.896418272,460.896418272,460.896418272,196.0
2022-06-27 08:00:00,462.052296348,462.052296348,462.052296348,462.052296348,115.0
2022-06-27 09:45:00,459.740540196,461.389659348,459.73057573,461.205316723,26031.0
2022-06-27 10:00:00,461.240192355,461.554073039,459.635913302,461.145529926,19408.0
2022-06-27 10:15:00,461.145529926,464.737122113,460.657271084,464.184692109,35345.0
2022-06-27 10:30:00,464.15479871,465.881341764,464.15479871,464.978561128,15521.0
2022-06-27 10:45:00,465.066547365,466.317087869,464.314230169,466.292176704,12678.0
2022-06-27 11:00:00,466.207478741,467.215484139,465.500001643,465.938438155,15730.0
2022-06-27 11:15:00,465.211032124,465.290747854,463.975438319,464.633093086,8147.0
2022-06-27 11:30:00,464.872240274,465.948402621,464.857293575,465.669397568,12301.0
2022-06-27 11:45:00,465.22099659,465.719219899,464.653022019,464.902133673,12205.0
2022-06-27 12:00:00,465.031671733,465.649468636,464.3640525,464.970489911,15896.0
2022-06-27 12:15:00,464.807471244,466.396803599,464.790830586,466.197514275,15778.0
2022-06-27 12:30:00,465.908544756,466.406768065,465.714237666,465.918509222,5466.0
2022-06-27 12:45:00,465.719219899,465.798935628,464.224549973,464.403910364,9198.0
2022-06-27 13:00:00,464.369034733,464.378999199,463.073654131,463.083618597,10326.0
2022-06-27 13:15:00,463.277925687,464.122912418,462.660128784,463.41244598,13793.0
2022-06-27 13:30:00,463.55693074,463.845900259,463.0088851,463.149882297,10301.0
2022-06-27 13:45:00,462.929169371,463.537001808,462.546135291,462.969027236,13590.0
2022-06-27 14:00:00,462.460839461,462.794649078,462.351230333,462.351230333,5813.0
2022-06-27 14:15:00,462.351230333,462.605324221,461.922758288,462.420981596,12466.0
2022-06-27 14:30:00,462.690022183,463.626682003,462.690022183,463.497143943,7979.0
2022-06-27 14:45:00,463.36262365,464.707826583,463.148387627,463.930598221,15331.0
2022-06-27 15:00:00,463.771166763,464.114940845,463.497143943,463.850882492,11477.0
2022-06-27 15:15:00,463.806042394,464.996796102,463.178281025,464.786545865,22501.0
2022-06-27 15:30:00,465.051600665,465.22099659,464.573306289,464.75266668,18966.0
2022-06-27 15:45:00,464.762631147,465.036653966,463.556831095,465.001778335,27613.0
2022-06-27 16:00:00,464.966902703,465.589681839,464.344123567,465.240925523,79472.0
2022-06-27 16:15:00,465.161209793,465.161209793,465.161209793,465.161209793,8516.0
2022-06-28 09:15:00,466.466554862,466.466554862,466.466554862,466.466554862,291.0
2022-06-28 09:45:00,466.466554862,471.010351436,466.466554862,469.98401142,45021.0
2022-06-28 10:00:00,470.402518999,472.136336113,469.734899766,470.551985992,24850.0
2022-06-28 10:15:00,470.995404736,470.995404736,467.223854291,467.841651193,22067.0
2022-06-28 10:30:00,467.283641088,467.871544592,464.932027071,464.932027071,16336.0
2022-06-28 10:45:00,464.932027071,465.59954666,463.845900259,465.101422996,18777.0
2022-06-28 11:00:00,464.922062605,466.177585343,463.666539868,466.067976215,12622.0
2022-06-28 11:15:00,466.731310728,467.51282381,466.731310728,466.944849238,11528.0
2022-06-28 11:30:00,466.825275644,466.883567771,464.463697161,465.161209793,23448.0
2022-06-28 11:45:00,464.922062605,465.838793493,464.035225116,464.035225116,10454.0
2022-06-28 12:00:00,464.035225116,464.453732695,463.357641416,463.84121696,11129.0
2022-06-28 12:15:00,463.726326665,465.918509222,463.581841905,465.295730087,15323.0
2022-06-28 12:30:00,465.225978823,466.655879719,464.83238241,466.655879719,6505.0
2022-06-28 12:45:00,466.516377193,466.516377193,465.798935628,466.51139496,7022.0
2022-06-28 13:00:00,466.639338705,466.639338705,465.609610771,465.858722425,4667.0
2022-06-28 13:15:00,465.818864561,466.147691944,464.971884936,465.106405229,5998.0
2022-06-28 13:30:00,465.141280861,465.739148831,464.991813868,465.141280861,9991.0
2022-06-28 13:45:00,465.928473689,465.978296019,465.081494064,465.340570184,7461.0
2022-06-28 14:00:00,465.380428049,465.659433102,465.17117426,465.440214846,7934.0
2022-06-28 14:15:00,465.579717373,466.058011749,464.842346876,464.912098139,20483.0
2022-06-28 14:30:00,464.722773282,465.051600665,464.593235222,464.593235222,18139.0
2022-06-28 14:45:00,464.503555026,464.762631147,463.626682003,464.075082981,30071.0
2022-06-28 15:00:00,464.264407838,465.410321448,464.264407838,465.360499117,14563.0
2022-06-28 15:15:00,465.211032124,465.848757959,465.056582899,465.36548135,24972.0
2022-06-28 15:30:00,465.305694553,466.127763012,465.106405229,465.500001643,19683.0
2022-06-28 15:45:00,465.415303681,466.3669102,463.367605883,463.576859672,31812.0
2022-06-28 16:00:00,463.576859672,463.845900259,462.520626258,463.08860083,60966.0
2022-06-28 16:15:00,463.018849567,463.018849567,463.018849567,463.018849567,17293.0
2022-06-28 17:15:00,463.945544921,463.945544921,463.945544921,463.945544921,190.0
2022-06-29 09:45:00,466.337016802,466.337016802,463.08860083,464.204621041,20611.0
2022-06-29 10:00:00,464.15479871,465.350534651,462.899275973,463.945544921,9540.0
2022-06-29 10:15:00,463.766184529,464.164763176,460.866524874,460.866524874,47433.0
2022-06-29 10:30:00,461.125600994,461.275067987,459.531286407,460.707093415,18233.0
2022-06-29 10:45:00,460.966169535,461.015991866,459.461535144,459.909936121,13907.0
2022-06-29 11:00:00,459.571144271,461.354783716,459.531286407,460.926311671,19767.0
2022-06-29 11:15:00,459.954776219,460.119189911,458.764022512,458.893560572,12945.0
2022-06-29 11:30:00,458.66437785,459.615984369,457.687860165,458.734129113,11213.0
2022-06-29 11:45:00,458.818827076,459.690717866,458.47007076,459.511357474,10742.0
2022-06-29 12:00:00,459.620966602,460.552644189,459.620966602,460.119189911,7789.0
2022-06-29 12:15:00,459.870078257,461.120618761,459.840184858,460.178976708,7367.0
2022-06-29 12:30:00,460.358337099,461.484321776,459.850149324,459.850149324,17758.0
2022-06-29 12:45:00,460.039474181,460.567590889,458.963311835,460.497839625,9526.0
2022-06-29 13:00:00,460.089296512,461.235210122,460.029509715,460.886453806,5291.0
2022-06-29 13:15:00,460.816702543,462.610306454,460.806738077,461.60389537,7762.0
2022-06-29 13:30:00,461.564037506,461.613859837,461.075778663,461.424534979,8777.0
2022-06-29 13:45:00,461.569019739,462.301408002,461.160476626,462.301408002,10780.0
2022-06-29 14:00:00,462.311372468,463.576859672,461.703540032,463.317783552,11250.0
2022-06-29 14:15:00,463.369598776,464.035225116,463.028814033,463.482795112,12135.0
2022-06-29 14:30:00,463.417428213,463.616717537,461.723468964,462.391088198,18144.0
2022-06-29 14:45:00,462.351230333,462.351230333,460.617413219,461.379694881,14071.0
2022-06-29 15:00:00,461.329872551,461.329872551,460.398194964,460.707093415,12659.0
2022-06-29 15:15:00,460.477910693,461.324890318,460.059403114,460.996062934,19319.0
2022-06-29 15:30:00,461.374712648,462.450874995,461.290014686,461.833078092,28730.0
2022-06-29 15:45:00,462.251585671,462.251585671,460.53769749,460.697128949,34883.0
2022-06-29 16:00:00,460.712075648,461.025956332,459.909936121,460.178976708,93451.0
2022-06-29 16:15:00,460.169012242,460.169012242,460.169012242,460.169012242,11475.0
2022-06-29 17:30:00,459.86011379,459.86011379,459.86011379,459.86011379,101.0
2022-06-29 17:45:00,459.959758452,459.959758452,459.959758452,459.959758452,100.0
2022-06-29 18:30:00,460.169012242,460.169012242,460.169012242,460.169012242,1138.0
2022-06-30 08:15:00,458.853702707,459.710646798,458.853702707,459.710646798,200.0
2022-06-30 09:45:00,456.482159758,462.839489176,456.482159758,461.862971491,30013.0
2022-06-30 10:00:00,461.793220228,462.988956168,460.079332046,461.982545085,29044.0
2022-06-30 10:15:00,461.932722754,465.519930576,461.838060325,465.519930576,52476.0
2022-06-30 10:30:00,465.081494064,467.517806043,465.061565132,467.248765456,29279.0
2022-06-30 10:45:00,467.169049727,469.25660539,466.3669102,468.977600337,36751.0
2022-06-30 11:00:00,468.977600337,472.933493407,468.628844021,472.85875991,38923.0
2022-06-30 11:15:00,472.385447767,472.639541655,470.781168714,471.154836195,28991.0
2022-06-30 11:30:00,471.139889496,471.508574744,469.296463254,469.296463254,22244.0
2022-06-30 11:45:00,469.265473765,469.465859179,467.134174095,468.050904983,27430.0
2022-06-30 12:00:00,468.295034404,468.718524216,467.951260321,468.499305961,9731.0
2022-06-30 12:15:00,468.31994557,470.003840708,468.31994557,469.17688966,23839.0
2022-06-30 12:30:00,468.932760239,472.120592257,468.927778006,471.98686912,20914.0
2022-06-30 12:45:00,472.00181582,473.352000986,471.767650865,473.172640595,110934.0
2022-06-30 13:00:00,473.182605061,477.148362952,473.182605061,476.729955018,50052.0
2022-06-30 13:15:00,476.919279875,476.929244341,473.840259828,473.959833422,26480.0
2022-06-30 13:30:00,473.840259828,475.558333085,473.840259828,475.185462761,26292.0
2022-06-30 13:45:00,475.404681017,477.018924537,475.394716551,475.982620055,29428.0
2022-06-30 14:00:00,476.112158115,477.287965123,475.265178491,476.221767243,31525.0
2022-06-30 14:15:00,476.206820544,476.809670747,475.404681017,475.404681017,25344.0
2022-06-30 14:30:00,475.414645483,476.779777349,474.677274987,476.042406852,20275.0
2022-06-30 14:45:00,476.161980446,477.208249394,475.504425324,475.678703837,22234.0
2022-06-30 15:00:00,475.504325679,476.690097153,475.095782566,475.424609949,25222.0
2022-06-30 15:15:00,475.524254611,476.660203755,474.806813047,474.996137904,41195.0
2022-06-30 15:30:00,474.996137904,476.710026086,473.850224294,476.680132687,47427.0
2022-06-30 15:45:00,476.929244341,478.174802613,476.510736762,477.248107259,58533.0
2022-06-30 16:00:00,477.287965123,478.344198538,475.265178491,477.018924537,250519.0
2022-06-30 16:15:00,476.869457544,476.869457544,476.869457544,476.869457544,43168.0
2022-06-30 19:00:00,478.254518342,478.254518342,478.254518342,478.254518342,129.0
2022-07-01 09:45:00,476.869457544,478.554349129,475.324965288,478.045264552,26716.0
2022-07-01 10:00:00,478.294376207,480.083894686,476.769812883,477.666614838,54995.0
2022-07-01 10:15:00,477.796152898,478.015371154,472.923528941,472.923528941,24063.0
2022-07-01 10:30:00,472.684381752,473.895064392,471.9471109,472.87370661,21980.0
2022-07-01 10:45:00,473.252356324,473.521396911,471.947011256,473.010219796,14119.0
2022-07-01 11:00:00,473.481539046,474.94133334,473.312143121,474.687239453,18109.0
2022-07-01 11:15:00,474.458056731,475.364823152,474.208945077,475.364823152,6863.0
2022-07-01 11:30:00,475.424609949,476.500772296,475.328951074,475.882975393,7878.0
2022-07-01 11:45:00,476.002548987,476.560559093,475.763401799,476.315134291,12010.0
2022-07-01 12:00:00,476.211802777,477.21821386,474.477985663,474.477985663,10781.0
2022-07-01 12:15:00,474.597559257,476.789741815,474.597559257,476.540630161,10587.0
2022-07-01 12:30:00,476.540630161,477.477289981,475.962691123,477.273018424,10558.0
2022-07-01 12:45:00,477.437432116,477.865904161,477.178355996,477.228178326,9342.0
2022-07-01 13:00:00,477.038853469,478.613239124,476.979066672,477.716437169,11055.0
2022-07-01 13:15:00,477.955584357,478.055229019,477.21821386,477.517147845,7122.0
2022-07-01 13:30:00,477.586899109,479.290822824,477.29792959,479.021782237,12369.0
2022-07-01 13:45:00,479.275876125,481.304641437,479.275876125,480.815386148,15491.0
2022-07-01 14:00:00,481.483005381,482.080873352,481.134249065,481.253822659,15375.0
2022-07-01 14:15:00,481.333538389,481.51289878,480.347056238,480.785492749,9526.0
2022-07-01 14:30:00,481.124284599,482.808279382,480.97979984,482.280162675,20108.0
2022-07-01 14:45:00,482.668776856,484.023944255,482.628918991,482.868066179,22500.0
2022-07-01 15:00:00,482.873048412,484.671634556,482.873048412,484.552060962,35895.0
2022-07-01 15:15:00,484.631776691,485.169857865,483.117177833,484.960604075,15764.0
2022-07-01 15:30:00,484.860959413,485.359182722,484.198322413,484.198322413,14257.0
2022-07-01 15:45:00,484.462380767,486.161322249,484.332842706,485.767725835,28619.0
2022-07-01 16:00:00,485.846445118,485.846445118,483.565578811,484.850994947,83045.0
2022-07-01 16:15:00,484.641741158,484.641741158,484.641741158,484.641741158,15863.0
2022-07-05 08:45:00,480.287269441,480.287269441,478.603274658,478.862350778,10024.0
2022-07-05 09:45:00,477.357716387,478.494163753,470.552085637,474.727097318,71918.0
2022-07-05 10:00:00,475.075853633,476.729955018,467.961224787,467.996100419,36903.0
2022-07-05 10:15:00,468.379732367,468.623861788,462.839489176,464.179709876,89719.0
2022-07-05 10:30:00,463.885758123,464.184692109,459.008151933,460.517768558,49987.0
2022-07-05 10:45:00,460.612430986,461.872935957,458.19604794,458.19604794,30278.0
2022-07-05 11:00:00,457.667931233,458.813844842,456.66152015,457.85725609,58977.0
2022-07-05 11:15:00,457.548357639,458.365443865,455.874327322,457.408855112,30313.0
2022-07-05 11:30:00,457.757611428,458.365443865,456.546928789,457.159743458,18426.0
2022-07-05 11:45:00,457.16960828,458.315621534,456.860809473,457.687860165,30477.0
2022-07-05 12:00:00,457.618108902,458.365443865,456.586786653,456.586786653,21148.0
2022-07-05 12:15:00,456.372550631,457.169707924,454.718449246,455.022365464,13753.0
2022-07-05 12:30:00,455.007418765,456.352621698,453.83659399,455.694966931,18292.0
2022-07-05 12:45:00,455.598311609,455.899238487,454.588911186,455.092116728,11616.0
2022-07-05 13:00:00,454.957596434,455.156885758,454.419515261,454.927703036,10620.0
2022-07-05 13:15:00,454.907774103,455.954043051,454.907774103,455.754753728,18724.0
2022-07-05 13:30:00,455.944078585,456.522017623,454.9675609,454.977525367,12074.0
2022-07-05 13:45:00,455.336246149,456.24301257,454.668626915,456.068634412,13716.0
2022-07-05 14:00:00,455.904220721,456.701378014,455.236601487,455.946569702,18011.0
2022-07-05 14:15:00,455.877615596,458.563238518,455.77468266,458.45512406,20193.0
2022-07-05 14:30:00,458.126296677,459.142572581,457.51846424,458.92345397,18486.0
2022-07-05 14:45:00,459.102814361,459.451570677,457.946936286,458.290411434,24479.0
2022-07-05 15:00:00,457.877185022,458.285728135,456.691413548,456.691413548,18334.0
2022-07-05 15:15:00,456.701378014,459.043027564,456.332692766,458.948365136,23563.0
2022-07-05 15:30:00,458.983240767,461.434499445,458.506939284,461.175423325,50362.0
2022-07-05 15:45:00,461.044888818,462.28147907,460.707093415,462.082090102,80405.0
2022-07-05 16:00:00,462.082189747,464.433803763,461.972580619,462.819560243,161714.0
2022-07-05 16:15:00,462.709951115,462.709951115,462.709951115,462.709951115,145316.0
2022-07-06 09:30:00,460.946240603,462.690022183,460.707093415,462.690022183,620.0
2022-07-06 09:45:00,463.238067822,468.289952526,461.838060325,465.699290967,28701.0
2022-07-06 10:00:00,464.802489011,466.356945734,464.433803763,465.465126012,27382.0
2022-07-06 10:15:00,465.938438155,470.402518999,465.798935628,468.897884607,45279.0
2022-07-06 10:30:00,468.70855975,473.620941928,468.205354209,472.963386805,35631.0
2022-07-06 10:45:00,472.669435053,473.272285257,470.870848909,471.628148338,28532.0
2022-07-06 11:00:00,471.433841248,471.433841248,469.685077435,470.043798217,42810.0
2022-07-06 11:15:00,469.829562194,469.829562194,468.339874502,469.535610442,20381.0
2022-07-06 11:30:00,469.51568151,471.379036684,469.336321119,471.25946309,12761.0
2022-07-06 11:45:00,471.119960564,472.305732038,470.482234729,471.643095038,14270.0
2022-07-06 12:00:00,471.418894549,472.843813211,471.00038697,472.843813211,16102.0
2022-07-06 12:15:00,472.692353325,472.774061948,470.696470751,472.056620384,11437.0
2022-07-06 12:30:00,472.116407181,472.186158444,470.771204248,470.771204248,7377.0
2022-07-06 12:45:00,471.085084932,471.752704165,470.484127977,471.568361541,11535.0
2022-07-06 13:00:00,471.568361541,472.335625436,471.45377018,472.335625436,9362.0
2022-07-06 13:15:00,472.66445282,473.690792836,472.505021361,472.779044181,16899.0
2022-07-06 13:30:00,472.993280204,474.373358768,472.896724527,474.338483137,25138.0
2022-07-06 13:45:00,474.159122746,475.444538882,474.159122746,475.035995769,10145.0
2022-07-06 14:00:00,475.324965288,477.068746868,475.324965288,476.390664945,17668.0
2022-07-06 14:15:00,476.450949965,477.925690958,475.125675964,477.925690958,32718.0
2022-07-06 14:30:00,477.716935392,481.393325186,477.198284928,480.566274494,24238.0
2022-07-06 14:45:00,481.094391201,482.504363164,480.097944584,482.210411412,52526.0
2022-07-06 15:00:00,482.260233743,482.519309863,479.599721275,480.376949636,23502.0
2022-07-06 15:15:00,480.456665366,480.536381095,479.131391365,480.536381095,22638.0
2022-07-06 15:30:00,480.451683133,481.283716058,479.7691172,480.665919155,27778.0
2022-07-06 15:45:00,480.526416629,482.758457051,480.287269441,482.445572814,72292.0
2022-07-06 16:00:00,482.120731216,483.236751428,479.400431952,479.988335456,155900.0
2022-07-06 16:15:00,480.157731381,480.157731381,480.157731381,480.157731381,7698.0
2022-07-07 09:45:00,478.294376207,481.547774412,478.294376207,480.02819332,30673.0
2022-07-07 10:00:00,480.655954689,483.894406195,480.357020704,483.666219919,14174.0
2022-07-07 10:15:00,483.809708232,483.85454833,479.544916711,481.423218584,23809.0
2022-07-07 10:30:00,481.164142464,483.117177833,480.843884521,482.628918991,41098.0
2022-07-07 10:45:00,483.057391036,485.13,481.557738878,481.557738878,25703.0
2022-07-07 11:00:00,481.891548494,483.087284435,481.891548494,482.372333987,17497.0
2022-07-07 11:15:00,481.966281991,484.033908721,481.931406359,483.426076285,16640.0
2022-07-07 11:30:00,483.421094052,483.510774247,481.502934314,481.926424126,16810.0
2022-07-07 11:45:00,481.791903833,482.868066179,481.791903833,482.060944419,12847.0
2022-07-07 12:00:00,482.282055924,482.65582305,480.351938826,480.399369685,10040.0
2022-07-07 12:15:00,480.337091772,481.014675471,479.629614674,480.546644495,28696.0
2022-07-07 12:30:00,480.735670419,480.905066344,480.058086719,480.058086719,9176.0
2022-07-07 12:45:00,480.277304975,480.964853141,479.97837099,480.177660313,11773.0
2022-07-07 13:00:00,480.287269441,480.426771967,478.423914267,478.917155342,7419.0
2022-07-07 13:15:00,479.07848005,479.569827877,477.681262603,477.898687255,14154.0
2022-07-07 13:30:00,477.865904161,478.639744604,477.018924537,477.352734154,18260.0
2022-07-07 13:45:00,477.487254447,477.865904161,476.964119973,476.975678754,14796.0
2022-07-07 14:00:00,477.307894056,478.742777184,477.155935947,478.742777184,11946.0
2022-07-07 14:15:00,478.463772132,479.161284764,478.443843199,478.513594462,10337.0
2022-07-07 14:30:00,478.463772132,479.948377946,478.264482808,479.868761862,14201.0
2022-07-07 14:45:00,479.930342263,480.058086719,478.304340673,478.722947897,15836.0
2022-07-07 15:00:00,479.086551267,479.818939531,478.932102042,479.799010599,21417.0
2022-07-07 15:15:00,479.744206035,480.795457216,479.485129914,480.795457216,11885.0
2022-07-07 15:30:00,480.805421682,480.984782073,479.838868463,480.297134262,17706.0
2022-07-07 15:45:00,479.878726328,480.297233907,478.344198538,478.503629996,25919.0
2022-07-07 16:00:00,478.548470094,478.673025921,476.804688514,477.447396582,75556.0
2022-07-07 16:15:00,477.676579304,477.676579304,477.676579304,477.676579304,11638.0
2022-07-08 09:45:00,478.932102042,481.283716058,476.909315409,479.290822824,15091.0
2022-07-08 10:00:00,479.330680688,479.410396418,477.258071725,478.523558929,10539.0
2022-07-08 10:15:00,478.648114756,479.619650207,477.900779793,478.971959906,16311.0
2022-07-08 10:30:00,479.161284764,480.867599951,478.040282319,480.581221193,7369.0
2022-07-08 10:45:00,480.785492749,480.785492749,479.808975065,479.868761862,11509.0
2022-07-08 11:00:00,480.033175554,480.83531508,478.892244177,479.031746703,13439.0
2022-07-08 11:15:00,479.17124923,479.320716222,477.965548823,478.663061455,27917.0
2022-07-08 11:30:00,478.224624944,478.616925977,477.268036191,477.935655425,58175.0
2022-07-08 11:45:00,478.902208643,479.689401471,478.742777184,479.096515733,7328.0
2022-07-08 12:00:00,478.96199544,479.564845644,478.344198538,479.360574087,5415.0
2022-07-08 12:15:00,479.23601826,479.23601826,478.533523395,478.892244177,5270.0
2022-07-08 12:30:00,479.270893891,479.764134967,479.181213696,479.420360884,4571.0
2022-07-08 12:45:00,479.928548659,480.247411576,478.792599515,479.001853305,5478.0
2022-07-08 13:00:00,479.071604568,479.275078967,478.354163004,478.354163004,4267.0
2022-07-08 13:15:00,478.354163004,478.862350778,478.204696011,478.36412747,6847.0
2022-07-08 13:30:00,478.354163004,478.822492914,478.354163004,478.722848252,4990.0
2022-07-08 13:45:00,478.722848252,478.847404079,478.384056402,478.692954854,7546.0
2022-07-08 14:00:00,478.538505628,478.806749057,478.134944748,478.199813423,4922.0
2022-07-08 14:15:00,478.319287372,478.96199544,478.319287372,478.772670583,4356.0
2022-07-08 14:30:00,479.111462433,480.277304975,478.882279711,480.147766915,5455.0
2022-07-08 14:45:00,480.087980117,480.386914103,479.97837099,480.247411576,4938.0
2022-07-08 15:00:00,480.57623896,480.660936922,480.217518178,480.581221193,4199.0
2022-07-08 15:15:00,480.579128655,481.492870203,480.516452163,480.70577702,6529.0
2022-07-08 15:30:00,480.546345561,480.665919155,480.307198373,480.307198373,8438.0
2022-07-08 15:45:00,480.406843035,480.406843035,478.648114756,480.127837982,16703.0
2022-07-08 16:00:00,480.073033418,480.137702804,478.334234071,478.36412747,36024.0
2022-07-08 16:15:00,478.722848252,478.722848252,478.722848252,478.722848252,3395.0
2022-07-11 09:30:00,478.294376207,478.324269605,475.584041408,475.584041408,591.0
2022-07-11 09:45:00,476.919279875,478.792599515,475.016066836,478.239571643,31945.0
2022-07-11 10:00:00,477.586899109,480.058086719,477.113586965,478.795788144,15028.0
2022-07-11 10:15:00,478.712883786,478.712883786,473.621041573,473.801896634,31970.0
2022-07-11 10:30:00,473.34203652,473.790437497,471.030280368,471.294338722,27635.0
2022-07-11 10:45:00,471.349143286,472.465163497,471.0502093,471.672988436,16502.0
2022-07-11 11:00:00,471.742739699,473.282249723,470.92067124,470.980458037,13283.0
2022-07-11 11:15:00,471.329214353,473.13278273,471.329214353,472.594701557,11714.0
2022-07-11 11:30:00,473.292214189,474.298625272,472.704310685,473.177622828,16143.0
2022-07-11 11:45:00,473.591148174,473.800401964,472.221034076,472.923528941,13051.0
2022-07-11 12:00:00,472.913564474,472.913564474,471.339178819,472.305732038,12457.0
2022-07-11 12:15:00,472.426302079,472.426302079,471.540660325,471.867295526,5258.0
2022-07-11 12:30:00,471.837402128,472.754133016,471.365086431,472.455199031,8874.0
2022-07-11 12:45:00,472.544879226,473.177622828,471.822455429,472.823884279,11175.0
2022-07-11 13:00:00,472.704310685,472.803955347,472.016762519,472.32566097,17668.0
2022-07-11 13:15:00,472.335625436,472.833848745,472.046655918,472.514985828,19060.0
2022-07-11 13:30:00,472.579754858,473.501467978,472.539896993,473.26232079,8304.0
2022-07-11 13:45:00,473.322107587,476.032442386,473.242391858,475.952726657,12314.0
2022-07-11 14:00:00,475.932797724,476.998995604,475.932797724,476.142051514,11037.0
2022-07-11 14:15:00,476.012513454,476.211802777,474.577630325,474.577630325,11755.0
2022-07-11 14:30:00,475.016066836,475.016066836,473.999691287,473.999691287,7683.0
2022-07-11 14:45:00,473.915192614,474.66731052,473.312143121,474.56278327,22372.0
2022-07-11 15:00:00,474.512861295,474.717132851,473.645952738,473.929940024,8816.0
2022-07-11 15:15:00,473.740615167,474.627452656,473.401823317,474.627452656,13930.0
2022-07-11 15:30:00,474.438127799,474.438127799,473.68082837,474.129229347,13247.0
2022-07-11 15:45:00,473.999691287,474.268731874,472.953422339,472.953422339,22285.0
2022-07-11 16:00:00,472.943457873,474.109300415,472.684381752,474.029584686,57412.0
2022-07-11 16:15:00,473.820330896,473.820330896,473.820330896,473.820330896,2883.0
2022-07-12 07:45:00,473.142747196,473.820330896,473.142747196,473.142747196,350.0
2022-07-12 09:45:00,474.986173438,475.305036355,471.887224459,475.0858181,33658.0
2022-07-12 10:00:00,474.742044017,476.710026086,474.418198866,475.863046461,33934.0
2022-07-12 10:15:00,475.863046461,476.107175882,471.329214353,471.329214353,19114.0
2022-07-12 10:30:00,470.816044345,471.767650865,468.718524216,468.718524216,15137.0
2022-07-12 10:45:00,468.519234893,470.561950458,467.77189993,470.046289334,17408.0
2022-07-12 11:00:00,470.018887052,470.444867981,469.077244999,469.949135789,13499.0
2022-07-12 11:15:00,470.372625601,472.32566097,470.173336277,472.250927474,8965.0
2022-07-12 11:30:00,472.465163497,472.843813211,471.757686399,472.574772625,10884.0
2022-07-12 11:45:00,472.724239617,472.943457873,470.840955511,472.026726985,17078.0
2022-07-12 12:00:00,471.907153391,471.907153391,470.527074826,471.289356489,14801.0
2022-07-12 12:15:00,470.801097646,471.478681346,470.621737255,471.408930083,5785.0
2022-07-12 12:30:00,471.98686912,472.056620384,471.151049698,471.628148338,5778.0
2022-07-12 12:45:00,471.927082323,472.415341166,471.538468143,472.26089194,7120.0
2022-07-12 13:00:00,471.996833587,472.953422339,471.98686912,472.953422339,8121.0
2022-07-12 13:15:00,472.654488354,472.983315738,471.568361541,471.568361541,12505.0
2022-07-12 13:30:00,471.448787947,472.026726985,470.302874338,471.947011256,12104.0
2022-07-12 13:45:00,471.956975722,472.564808158,471.862313293,472.514985828,9701.0
2022-07-12 14:00:00,472.32566097,472.32566097,471.443805714,471.588290474,8319.0
2022-07-12 14:15:00,471.588290474,472.136336113,471.478681346,471.717828534,8991.0
2022-07-12 14:30:00,471.558397075,471.777615331,470.970493571,471.199676293,8408.0
2022-07-12 14:45:00,471.204658526,471.204658526,469.695041901,469.864437826,9368.0
2022-07-12 15:00:00,469.695041901,469.739881999,468.510366518,468.64379072,17822.0
2022-07-12 15:15:00,468.564573214,468.598950622,467.386673668,468.379732367,19723.0
2022-07-12 15:30:00,468.484359261,468.484359261,467.099995976,467.233818757,21321.0
2022-07-12 15:45:00,467.154103028,467.353392351,465.818864561,466.625986321,30518.0
2022-07-12 16:00:00,466.77047108,467.502859344,465.978296019,467.403214682,82399.0
2022-07-12 16:15:00,467.702148667,468.688630818,466.878286604,466.878286604,22157.0
2022-07-13 09:00:00,464.463697161,464.463697161,464.463697161,464.463697161,315.0
2022-07-13 09:45:00,463.317783552,475.212964688,462.351230333,473.043102535,47292.0
2022-07-13 10:00:00,472.475127963,474.283678573,471.508574744,472.694346219,40329.0
2022-07-13 10:15:00,472.235980775,472.335625436,468.937742472,469.605361706,16290.0
2022-07-13 10:30:00,469.396107916,470.013904819,467.951260321,468.937742472,11875.0
2022-07-13 10:45:00,468.823151111,471.578326007,468.300016637,471.040244834,20816.0
2022-07-13 11:00:00,471.040244834,472.295767572,470.741310849,471.757686399,17703.0
2022-07-13 11:15:00,471.608219406,472.335625436,471.249498624,471.249498624,9197.0
2022-07-13 11:30:00,471.613201639,471.817473196,469.409161367,469.409161367,11138.0
2022-07-13 11:45:00,469.356250051,470.028851518,468.718524216,469.475823645,6745.0
2022-07-13 12:00:00,469.286498788,469.974046954,468.957671405,469.32137442,7937.0
2022-07-13 12:15:00,469.346285585,469.949135789,469.346285585,469.371196751,2936.0
2022-07-13 12:30:00,469.346285585,470.342732202,469.346285585,470.163371811,5738.0
2022-07-13 12:45:00,470.038815984,470.45234133,469.734899766,469.864437826,9545.0
2022-07-13 13:00:00,469.784423163,471.279392022,469.685077435,471.169782894,5022.0
2022-07-13 13:15:00,470.950564639,471.643095038,470.342732202,470.342732202,6994.0
2022-07-13 13:30:00,470.472270262,470.472270262,469.186854126,469.326356653,11901.0
2022-07-13 13:45:00,469.201800826,469.236676457,466.586128456,467.891473524,19780.0
2022-07-13 14:00:00,468.429554697,469.087209465,468.170478577,468.245212073,12543.0
2022-07-13 14:15:00,468.245212073,468.245212073,466.356945734,466.97972487,9569.0
2022-07-13 14:30:00,466.97972487,467.183996426,465.649468636,466.685773118,12958.0
2022-07-13 14:45:00,466.870115742,468.300016637,466.870115742,467.791828863,7629.0
2022-07-13 15:00:00,468.021011584,468.469412562,467.17403196,468.04592275,7181.0
2022-07-13 15:15:00,468.001082652,468.564074991,466.994671569,467.475656351,11502.0
2022-07-13 15:30:00,467.472965945,468.040940517,467.193960892,467.921366923,18336.0
2022-07-13 15:45:00,467.856597893,467.856597893,465.061565132,465.400356981,28451.0
2022-07-13 16:00:00,465.260854455,465.332598612,463.168316559,463.457286078,78511.0
2022-07-13 16:15:00,463.546966274,463.546966274,463.546966274,463.546966274,10558.0
2022-07-14 09:00:00,460.059403114,460.059403114,460.059403114,460.059403114,621.0
2022-07-14 09:15:00,460.059403114,460.059403114,459.361890482,459.361890482,422.0
2022-07-14 09:30:00,457.349068315,457.378961714,457.349068315,457.349068315,663.0
2022-07-14 09:45:00,457.25938812,459.426659512,456.641591217,457.329139383,26492.0
2022-07-14 10:00:00,457.578251037,460.109225445,457.05013433,458.176119008,26613.0
2022-07-14 10:15:00,457.349068315,457.682877932,455.794611593,457.269352586,20553.0
2022-07-14 10:30:00,457.628073368,458.215976872,456.372550631,457.458677443,13705.0
2022-07-14 10:45:00,457.080027729,457.438748511,455.844433924,457.438748511,17891.0
2022-07-14 11:00:00,456.626644518,457.329139383,455.387264216,455.51560654,16848.0
2022-07-14 11:15:00,455.535535472,456.326614442,454.949325927,455.784647126,26210.0
2022-07-14 11:30:00,455.694966931,455.694966931,454.598875652,455.555464405,10604.0
2022-07-14 11:45:00,455.38606848,457.677895699,455.077170028,457.677895699,18006.0
2022-07-14 12:00:00,457.927007353,458.016687549,456.900667338,456.900667338,12189.0
2022-07-14 12:15:00,457.020240932,457.299245984,456.3227283,457.209565789,7666.0
2022-07-14 12:30:00,457.119885593,457.119885593,455.685002465,455.867850419,7594.0
2022-07-14 12:45:00,455.77468266,455.814540525,454.03090108,454.03090108,9771.0
2022-07-14 13:00:00,454.424497494,454.424497494,453.572535637,454.020936614,6122.0
2022-07-14 13:15:00,453.891398554,453.941220885,453.124134659,453.874558606,13242.0
2022-07-14 13:30:00,453.751896028,455.734824796,453.542642238,454.713467013,12950.0
2022-07-14 13:45:00,454.70848478,454.925610498,453.90136302,454.49923099,9736.0
2022-07-14 14:00:00,454.724228637,455.633486175,454.509195457,455.256530419,9182.0
2022-07-14 14:15:00,455.85439839,456.820951608,455.729842563,456.372550631,10561.0
2022-07-14 14:30:00,456.611697819,458.076474346,456.362586164,457.18714574,14223.0
2022-07-14 14:45:00,457.109921127,457.398890646,456.551911022,456.651555683,16894.0
2022-07-14 15:00:00,456.845862774,457.408855112,456.362586164,457.242049949,16899.0
2022-07-14 15:15:00,457.279317052,457.687860165,456.606715586,457.438748511,16495.0
2022-07-14 15:30:00,457.219530255,458.136261143,456.830916074,457.827362692,20186.0
2022-07-14 15:45:00,457.618108902,457.677895699,456.133403442,456.606715586,46086.0
2022-07-14 16:00:00,456.691413548,457.867220556,456.591768886,457.070063263,62169.0
2022-07-14 16:15:00,457.359032781,457.359032781,457.359032781,457.359032781,23416.0
2022-07-15 09:45:00,461.354783716,461.354783716,453.393175245,455.77468266,51412.0
2022-07-15 10:00:00,456.45226636,457.877185022,455.525571006,455.525571006,26899.0
2022-07-15 10:15:00,456.531982089,459.565464526,456.507070924,457.677895699,19414.0
2022-07-15 10:30:00,457.433766278,458.754058045,456.398956466,458.754058045,19612.0
2022-07-15 10:45:00,458.694271248,460.298550302,458.39035503,459.172565625,24786.0
2022-07-15 11:00:00,458.813844842,459.47149961,457.897113955,458.385372797,25202.0
2022-07-15 11:15:00,458.863667173,460.846595941,458.863667173,460.79677361,15315.0
2022-07-15 11:30:00,460.507804092,460.846595941,460.016456265,460.821684776,12290.0
2022-07-15 11:45:00,461.0060274,461.531354057,460.79677361,460.991080701,13583.0
2022-07-15 12:00:00,460.836631475,460.966169535,459.481464076,460.099260979,13064.0
2022-07-15 12:15:00,459.620966602,459.81029146,458.714200181,459.057974264,13644.0
2022-07-15 12:30:00,459.102814361,459.919900587,459.037248174,459.092849895,7452.0
2022-07-15 12:45:00,459.102814361,459.421677279,458.295692602,458.295692602,17414.0
2022-07-15 13:00:00,458.445159594,459.242316888,458.265799203,458.509928624,13408.0
2022-07-15 13:15:00,458.624519985,459.710646798,458.624519985,459.680753399,9202.0
2022-07-15 13:30:00,459.710646798,459.73057573,459.023098632,459.137689993,10775.0
2022-07-15 13:45:00,458.973276301,459.302103685,458.400319496,458.744093579,12723.0
2022-07-15 14:00:00,458.853702707,458.983240767,457.239459187,457.239459187,15328.0
2022-07-15 14:15:00,457.089992195,457.902096188,456.372550631,457.837327158,12380.0
2022-07-15 14:30:00,458.046580947,458.405301729,457.877185022,457.966865218,8517.0
2022-07-15 14:45:00,457.936971819,458.235905805,457.51846424,458.076474346,11663.0
2022-07-15 15:00:00,458.225941338,459.531286407,458.215976872,459.32701485,17604.0
2022-07-15 15:15:00,459.32701485,459.551215339,459.023198277,459.481464076,21618.0
2022-07-15 15:30:00,459.581108738,459.999616317,459.331997083,459.735557963,20004.0
2022-07-15 15:45:00,459.690717866,459.725593497,458.365443865,459.670788933,39881.0
2022-07-15 16:00:00,459.750504663,459.929865054,458.245870271,459.322032617,180226.0
2022-07-15 16:15:00,459.561179805,459.561179805,459.561179805,459.561179805,357150.0
2022-07-15 16:45:00,459.561179805,460.149083309,459.561179805,460.149083309,600.0
2022-07-15 17:15:00,460.059403114,460.059403114,460.059403114,460.059403114,146.0
2022-07-18 07:15:00,460.418123896,460.418123896,460.418123896,460.418123896,121.0
2022-07-18 09:45:00,461.354783716,462.739844514,459.361890482,460.403177197,26486.0
2022-07-18 10:00:00,459.361890482,459.361890482,454.738378179,455.17681469,14562.0
2022-07-18 10:15:00,455.425926344,456.552608534,454.339799532,455.964007518,14958.0
2022-07-18 10:30:00,456.716324713,458.435195128,455.704931397,456.230457343,8265.0
2022-07-18 10:45:00,455.898640619,456.880738405,455.027347697,456.372550631,8706.0
2022-07-18 11:00:00,456.751200345,457.209565789,455.595322269,457.209565789,14244.0
2022-07-18 11:15:00,456.596751119,456.761164811,455.635180134,456.611697819,11523.0
2022-07-18 11:30:00,456.402444029,456.681449082,456.342657232,456.392479563,8413.0
2022-07-18 11:45:00,456.487141992,456.522017623,454.698520314,455.393541829,14304.0
2022-07-18 12:00:00,455.585357803,455.585357803,452.49637329,453.051892279,19323.0
2022-07-18 12:15:00,453.363281847,454.160439141,453.263637185,454.090687877,12341.0
2022-07-18 12:30:00,454.319870599,454.384639629,453.09424126,453.522713306,8233.0
2022-07-18 12:45:00,453.541247213,453.599240406,452.949258278,453.191295161,9354.0
2022-07-18 13:00:00,453.383210779,453.393175245,452.566124553,452.620929117,8816.0
2022-07-18 13:15:00,452.416657561,452.735022255,452.077865711,452.685698147,8155.0
2022-07-18 13:30:00,452.586053486,454.459373126,452.586053486,454.299941667,13699.0
2022-07-18 13:45:00,454.319870599,455.30336341,453.936238652,454.608840118,31220.0
2022-07-18 14:00:00,454.349763998,454.598875652,453.582500103,454.150474674,15834.0
2022-07-18 14:15:00,453.746913795,454.130545742,453.547624471,454.065776712,8872.0
2022-07-18 14:30:00,454.409550795,454.529124389,453.099223493,453.183921456,11063.0
2022-07-18 14:45:00,453.223779321,453.687126997,452.830182907,452.984632132,11686.0
2022-07-18 15:00:00,452.949756501,452.949756501,451.594589102,452.062919012,18566.0
2022-07-18 15:15:00,452.033025613,452.142634741,450.583195785,451.041561229,31835.0
2022-07-18 15:30:00,451.126259192,451.240850553,450.214510537,450.657929282,25820.0
2022-07-18 15:45:00,450.443693259,450.448675492,447.598838167,447.872860987,71932.0
2022-07-18 16:00:00,447.823038656,447.972505648,446.607373783,447.504175738,139711.0
2022-07-18 16:15:00,447.663607197,447.663607197,447.663607197,447.663607197,10842.0
2022-07-18 16:45:00,447.663607197,447.663607197,446.906307768,446.906307768,3798.0
2022-07-18 17:00:00,447.663607197,447.663607197,447.663607197,447.663607197,3014.0
2022-07-18 17:15:00,446.906307768,446.906307768,446.40808446,446.40808446,2614.0
2022-07-18 17:30:00,444.923379,444.923379,444.166079571,444.166079571,507.0
2022-07-18 17:45:00,444.415191225,444.415191225,444.415191225,444.415191225,2042.0
2022-07-18 18:45:00,445.411637843,445.411637843,445.411637843,445.411637843,599.0
2022-07-18 19:45:00,445.411637843,445.411637843,445.411637843,445.411637843,248.0
2022-07-19 07:15:00,447.424460009,447.424460009,447.404531077,447.404531077,384.0
2022-07-19 07:45:00,444.554693752,444.554693752,444.415191225,444.415191225,912.0
2022-07-19 08:15:00,438.592853997,442.37247566,438.592853997,442.37247566,450.0
2022-07-19 08:45:00,439.43295814,439.43295814,438.396653658,438.436511523,4478.0
2022-07-19 09:00:00,438.436511523,438.436511523,438.436511523,438.436511523,1478.0
2022-07-19 09:15:00,441.425851374,441.425851374,441.425851374,441.425851374,967.0
2022-07-19 09:30:00,442.103435074,442.103435074,442.103435074,442.103435074,171.0
2022-07-19 09:45:00,442.521942653,448.679982747,441.555389434,448.097061476,65550.0
2022-07-19 10:00:00,448.67001828,451.918434252,448.67001828,451.589606869,38374.0
2022-07-19 10:15:00,451.549749004,453.253672719,451.151170357,452.426622027,17380.0
2022-07-19 10:30:00,452.267190568,453.393175245,452.047972312,453.074312328,21512.0
2022-07-19 10:45:00,452.954738734,453.472890975,452.351888531,452.351888531,16516.0
2022-07-19 11:00:00,451.759002793,453.049401163,451.569677936,452.556160087,17932.0
2022-07-19 11:15:00,452.566124553,453.90136302,452.566124553,452.875023005,14110.0
2022-07-19 11:30:00,453.014525531,454.339799532,453.014525531,454.299941667,13637.0
2022-07-19 11:45:00,454.698520314,454.753225233,452.097794643,452.635875816,10902.0
2022-07-19 12:00:00,452.486408824,452.486408824,450.513444522,451.579642402,21537.0
2022-07-19 12:15:00,451.43017541,451.450104342,450.21949277,450.423764327,12501.0
2022-07-19 12:30:00,450.383906462,452.018078914,450.383906462,451.460068808,17181.0
2022-07-19 12:45:00,451.470033274,452.003132215,451.340495214,451.55971347,11488.0
2022-07-19 13:00:00,451.749038327,453.17395699,451.68925153,453.17395699,11880.0
2022-07-19 13:15:00,453.203850388,454.628769051,453.044418929,453.054383396,29350.0
2022-07-19 13:30:00,453.064347862,453.343352915,452.038007846,452.23729717,11440.0
2022-07-19 13:45:00,452.077865711,453.452962042,451.729109395,452.755449411,17491.0
2022-07-19 14:00:00,452.436586493,452.815236208,452.067901245,452.70562708,7482.0
2022-07-19 14:15:00,452.984632132,454.105634577,452.984632132,453.811682825,12339.0
2022-07-19 14:30:00,453.811682825,453.821647291,452.865058538,452.979649899,14796.0
2022-07-19 14:45:00,453.014525531,453.413104178,452.800289508,453.17395699,14003.0
2022-07-19 15:00:00,453.09424126,453.662215832,452.745484944,453.662215832,18098.0
2022-07-19 15:15:00,453.678258623,454.260083802,453.383210779,454.001007682,16283.0
2022-07-19 15:30:00,454.230190404,454.852969539,453.622357967,454.852969539,26142.0
2022-07-19 15:45:00,454.728413712,455.973971984,453.941220885,455.864362856,49940.0
2022-07-19 16:00:00,455.949060818,456.631626751,454.250119336,455.415961878,154686.0
2022-07-19 16:15:00,455.764718194,455.764718194,455.764718194,455.764718194,5931.0
2022-07-20 08:00:00,455.844433924,455.844433924,455.844433924,455.844433924,150.0
2022-07-20 08:45:00,455.924149653,455.924149653,455.924149653,455.924149653,100.0
2022-07-20 09:45:00,456.372550631,457.523446473,452.147616974,452.984632132,12210.0
2022-07-20 10:00:00,452.043089724,453.134099125,450.533373454,453.104205726,14229.0
2022-07-20 10:15:00,452.665769215,454.001007682,452.077865711,452.56114232,11588.0
2022-07-20 10:30:00,452.546195621,454.549053321,451.988185515,453.741931561,9726.0
2022-07-20 10:45:00,453.961149817,454.987489833,453.064347862,453.064347862,12343.0
2022-07-20 11:00:00,452.89993417,455.226637021,452.685698147,454.758307111,16833.0
2022-07-20 11:15:00,454.758307111,455.615251202,454.748342645,454.758307111,10728.0
2022-07-20 11:30:00,454.962578667,455.037312164,453.124134659,453.124134659,24448.0
2022-07-20 11:45:00,453.258654952,453.898074746,452.605982418,453.861505155,21888.0
2022-07-20 12:00:00,453.801718358,456.497106458,453.801718358,455.724860329,15138.0
2022-07-20 12:15:00,455.555464405,457.349068315,455.346609194,456.706360247,15329.0
2022-07-20 12:30:00,456.801022676,457.523446473,456.741235879,456.870773939,7249.0
2022-07-20 12:45:00,456.870773939,457.996758616,456.651555683,456.900667338,14218.0
2022-07-20 13:00:00,456.870773939,459.13270776,456.591768886,458.978258534,13776.0
2022-07-20 13:15:00,458.674342316,458.918471737,456.691413548,457.339103849,21183.0
2022-07-20 13:30:00,457.687860165,458.983240767,457.667931233,458.983240767,9924.0
2022-07-20 13:45:00,458.953347369,458.953347369,457.159743458,457.538393173,14546.0
2022-07-20 14:00:00,457.280712077,458.225941338,455.794611593,455.794611593,16668.0
2022-07-20 14:15:00,455.704931397,456.173261307,454.539088855,454.798164976,17169.0
2022-07-20 14:30:00,455.475748675,456.208136939,454.9675609,455.934114119,15488.0
2022-07-20 14:45:00,456.013829848,456.24301257,455.366139547,455.665073532,28418.0
2022-07-20 15:00:00,455.968989751,456.3227283,454.299941667,454.937667502,22597.0
2022-07-20 15:15:00,454.798164976,455.973971984,454.798164976,455.78215601,23281.0
2022-07-20 15:30:00,456.013829848,456.053687713,455.097098961,455.575393337,22121.0
2022-07-20 15:45:00,455.728846116,456.850845007,454.768271577,456.566857721,30078.0
2022-07-20 16:00:00,456.477177525,456.477177525,454.070758945,454.080723411,81664.0
2022-07-20 16:15:00,454.44940866,454.44940866,454.44940866,454.44940866,7200.0
2022-07-20 16:45:00,454.44940866,454.44940866,454.44940866,454.44940866,409.0
2022-07-21 09:45:00,452.70562708,453.522713306,449.327673048,449.94546995,14057.0
2022-07-21 10:00:00,450.065043544,452.247261636,449.825896356,452.127688042,5316.0
2022-07-21 10:15:00,452.996489847,453.084276794,448.181759438,448.251610346,16640.0
2022-07-21 10:30:00,448.435853325,448.640124882,447.205241753,447.434424475,13274.0
2022-07-21 10:45:00,448.012363513,449.885085285,447.912718851,449.676429364,9402.0
2022-07-21 11:00:00,449.975363349,451.320566282,449.776074025,450.742627244,15915.0
2022-07-21 11:15:00,450.802414041,451.599571335,450.692804913,450.941916567,7752.0
2022-07-21 11:30:00,450.9618455,451.340495214,449.646535965,450.334084131,19901.0
2022-07-21 11:45:00,450.354013063,451.061490161,450.144759274,450.344048597,10021.0
2022-07-21 12:00:00,450.483551124,450.613687052,448.839414205,448.949023333,10042.0
2022-07-21 12:15:00,448.919129935,449.796002958,448.819485273,448.94703044,11045.0
2022-07-21 12:30:00,448.660053814,449.676429364,448.610231483,449.626607033,9198.0
2022-07-21 12:45:00,449.55685577,450.49351559,449.55685577,449.900629853,8258.0
2022-07-21 13:00:00,449.965398883,450.857218605,449.487104506,450.857218605,12314.0
2022-07-21 13:15:00,451.270743951,451.320566282,450.294226266,450.862200838,9860.0
2022-07-21 13:30:00,450.717716079,451.041561229,450.045114612,450.334084131,9647.0
2022-07-21 13:45:00,450.184617138,450.503480056,449.656500431,450.373941996,17194.0
2022-07-21 14:00:00,450.214510537,450.214510537,449.457211108,449.457211108,8003.0
2022-07-21 14:15:00,449.198134987,450.204546071,448.929094401,450.134794808,18228.0
2022-07-21 14:30:00,450.184617138,450.956863267,449.985327815,450.847553073,19993.0
2022-07-21 14:45:00,450.662911515,450.662911515,449.422335476,449.422335476,25689.0
2022-07-21 15:00:00,449.427317709,449.516997905,448.54048022,449.447246642,18491.0
2022-07-21 15:15:00,449.566820236,451.519855605,449.566820236,450.877147537,15368.0
2022-07-21 15:30:00,450.69380136,451.340495214,450.563266853,451.290672883,20148.0
2022-07-21 15:45:00,451.121276958,452.904916403,450.712733845,452.760431644,30961.0
2022-07-21 16:00:00,452.768702151,452.904916403,451.918434252,452.127688042,77885.0
2022-07-21 16:15:00,452.187474839,452.187474839,452.187474839,452.187474839,15074.0
2022-07-21 16:45:00,452.187474839,452.187474839,452.187474839,452.187474839,224.0
2022-07-21 17:15:00,453.09424126,453.09424126,453.09424126,453.09424126,160.0
2022-07-22 09:45:00,455.744789262,457.38892618,454.588911186,455.834469457,24266.0
2022-07-22 10:00:00,455.555464405,455.904220721,454.349763998,455.51560654,8906.0
2022-07-22 10:15:00,455.77468266,459.745522429,455.77468266,459.501393008,48644.0
2022-07-22 10:30:00,459.541250873,461.613859837,459.541250873,461.613859837,16015.0
2022-07-22 10:45:00,461.524179641,461.524179641,458.589644354,458.734129113,17563.0
2022-07-22 11:00:00,458.983240767,459.541250873,457.787504827,458.126296677,19159.0
2022-07-22 11:15:00,458.230923571,459.062956497,457.897113955,458.413472592,17257.0
2022-07-22 11:30:00,458.126296677,458.365443865,457.249423654,457.882167255,13363.0
2022-07-22 11:45:00,457.797469293,458.265799203,456.676466849,457.966865218,35147.0
2022-07-22 12:00:00,457.807433759,457.847291624,456.980383067,457.697824631,15111.0
2022-07-22 12:15:00,457.976829684,458.345514932,456.965436368,457.757611428,11098.0
2022-07-22 12:30:00,457.707789097,458.270781436,457.164725691,457.498535308,12228.0
2022-07-22 12:45:00,457.254405887,457.862238323,456.960454135,457.060796309,10356.0
2022-07-22 13:00:00,456.905649571,457.000311999,456.342657232,456.417390728,6991.0
2022-07-22 13:15:00,456.233048104,456.531982089,455.43589081,456.531982089,8232.0
2022-07-22 13:30:00,455.924149653,456.013829848,454.847987306,454.877880705,13590.0
2022-07-22 13:45:00,454.70848478,455.002436532,453.821746935,454.17538584,25622.0
2022-07-22 14:00:00,454.070758945,454.270048268,453.30349505,453.906046319,25223.0
2022-07-22 14:15:00,453.682144764,453.682144764,448.41094216,451.714162696,108923.0
2022-07-22 14:30:00,452.087830177,453.542542593,451.440139876,453.014525531,21623.0
2022-07-22 14:45:00,452.805271741,452.805271741,451.788896192,452.02804338,12543.0
2022-07-22 15:00:00,452.057936779,453.064347862,451.76896726,451.983601861,19893.0
2022-07-22 15:15:00,451.684269297,451.968256583,450.652947048,451.539784538,26884.0
2022-07-22 15:30:00,451.629464733,452.038007846,450.68782268,451.838718523,15978.0
2022-07-22 15:45:00,451.948327651,452.386764162,450.912023169,451.370388613,31053.0
2022-07-22 16:00:00,451.509891139,451.519855605,449.148312657,450.244403935,135180.0
2022-07-22 16:15:00,450.244403935,450.244403935,450.244403935,450.244403935,52094.0
2022-07-25 09:45:00,450.2842618,455.067205562,449.507033439,453.761860494,67766.0
2022-07-25 10:00:00,453.766842727,454.190332539,450.941916567,451.993167748,27366.0
2022-07-25 10:15:00,452.546195621,454.828058374,452.207403771,453.154028057,23473.0
2022-07-25 10:30:00,453.044418929,453.044418929,451.340495214,451.744056094,26341.0
2022-07-25 10:45:00,451.848682989,454.469337592,451.848682989,454.469337592,18051.0
2022-07-25 11:00:00,454.160439141,457.25938812,453.662215832,456.417390728,34643.0
2022-07-25 11:15:00,456.404436922,456.76734278,456.153332375,456.372550631,28743.0
2022-07-25 11:30:00,456.402444029,458.106367744,456.068634412,456.611697819,81253.0
2022-07-25 11:45:00,456.432337428,456.990347533,456.063652179,456.432337428,17265.0
2022-07-25 12:00:00,456.781093744,456.825933841,455.585357803,456.038741014,15270.0
2022-07-25 12:15:00,455.844433924,456.203154706,453.622357967,454.070758945,15985.0
2022-07-25 12:30:00,454.170403607,454.36969293,453.547624471,453.90136302,9129.0
2022-07-25 12:45:00,453.891398554,454.359728464,453.248690486,453.791753892,13311.0
2022-07-25 13:00:00,453.751896028,455.057241096,453.423068644,454.260083802,9192.0
2022-07-25 13:15:00,454.439444193,454.83802284,454.311899026,454.608840118,9798.0
2022-07-25 13:30:00,454.723431479,454.723431479,453.682144764,453.891398554,12281.0
2022-07-25 13:45:00,453.846558456,453.846558456,452.934809802,453.268619418,19214.0
2022-07-25 14:00:00,453.288548351,453.482855441,451.858647455,451.858647455,18484.0
2022-07-25 14:15:00,451.759002793,453.104205726,451.669322598,452.884987471,13364.0
2022-07-25 14:30:00,452.765413877,452.880005238,452.2871195,452.845129606,14204.0
2022-07-25 14:45:00,452.675733681,452.675733681,451.410246477,451.499926673,24123.0
2022-07-25 15:00:00,451.499926673,451.499926673,451.171099289,451.295655116,37133.0
2022-07-25 15:15:00,451.22092162,451.704198229,450.368959763,450.792449575,24803.0
2022-07-25 15:30:00,450.55828462,451.400282011,449.995292281,450.638000349,24870.0
2022-07-25 15:45:00,450.633018116,451.355441913,450.463622191,450.657929282,32352.0
2022-07-25 16:00:00,450.717716079,452.884987471,450.712733845,451.310601816,128143.0
2022-07-25 16:15:00,451.709180463,451.709180463,451.709180463,451.709180463,6623.0
2022-07-25 17:15:00,450.802414041,450.802414041,450.802414041,450.802414041,100.0
2022-07-26 09:45:00,451.539784538,452.326977365,448.241546235,452.326977365,47957.0
2022-07-26 10:00:00,452.167545906,453.492819907,450.164688206,451.141205891,33346.0
2022-07-26 10:15:00,451.011667831,452.127688042,450.49351559,451.81878959,17420.0
2022-07-26 10:30:00,451.778931726,452.077865711,449.570307799,451.644411432,18082.0
2022-07-26 10:45:00,451.808825124,452.83516514,451.051525695,452.506337756,16332.0
2022-07-26 11:00:00,452.436586493,452.635875816,449.985327815,451.161134823,14765.0
2022-07-26 11:15:00,451.230886086,451.43017541,449.447246642,449.447246642,14211.0
2022-07-26 11:30:00,449.711304995,449.885683153,448.261475167,448.630160416,19749.0
2022-07-26 11:45:00,448.321261964,448.689947213,447.165383889,448.689947213,21444.0
2022-07-26 12:00:00,448.371084295,448.849378671,447.693500596,448.67001828,8618.0
2022-07-26 12:15:00,448.809520807,449.108454792,448.116990408,448.520551288,12098.0
2022-07-26 12:30:00,448.361119829,449.786038492,448.361119829,449.566820236,6598.0
2022-07-26 12:45:00,449.377495379,449.696358296,448.440835558,448.610231483,17526.0
2022-07-26 13:00:00,448.311297498,449.616642567,448.301333032,449.616642567,7069.0
2022-07-26 13:15:00,449.681411597,450.737645011,449.417353243,449.417353243,13373.0
2022-07-26 13:30:00,449.502051206,449.68639383,449.237992852,449.417353243,8383.0
2022-07-26 13:45:00,449.337637514,449.526962371,448.74973401,448.939058867,13146.0
2022-07-26 14:00:00,448.839414205,448.958987799,448.082114776,448.097958278,12578.0
2022-07-26 14:15:00,448.07215031,448.889236536,447.34474428,447.583891468,14218.0
2022-07-26 14:30:00,447.464317874,447.464317874,445.192419587,445.192419587,25000.0
2022-07-26 14:45:00,445.222312985,445.371779978,444.106292774,444.484942489,31555.0
2022-07-26 15:00:00,444.465013556,444.684231812,444.05148821,444.126221706,23636.0
2022-07-26 15:15:00,444.126221706,444.220884135,442.84080557,443.289206548,32845.0
2022-07-26 15:30:00,443.488495872,444.953272399,443.458602473,444.943307932,25206.0
2022-07-26 15:45:00,444.973201331,445.6009627,444.469995789,444.564658218,25962.0
2022-07-26 16:00:00,444.569640451,444.694196278,442.731196443,442.830841104,126246.0
2022-07-26 16:15:00,443.069988292,443.069988292,443.069988292,443.069988292,5880.0
2022-07-27 09:45:00,443.996683646,444.036541511,440.977649686,443.667856263,35490.0
2022-07-27 10:00:00,444.803805406,444.803805406,441.859305653,441.859305653,17228.0
2022-07-27 10:15:00,441.445780306,442.551836051,440.020861644,440.020861644,30182.0
2022-07-27 10:30:00,440.080648441,441.425851374,439.831536787,441.390975743,27260.0
2022-07-27 10:45:00,441.186704186,441.505567103,440.349689028,441.505567103,22068.0
2022-07-27 11:00:00,442.013754878,442.691338578,441.77460769,442.492049254,24499.0
2022-07-27 11:15:00,442.477102555,442.900592367,441.057166126,441.057166126,23220.0
2022-07-27 11:30:00,440.918759691,442.631551781,440.83794787,442.621587315,29313.0
2022-07-27 11:45:00,442.531907119,443.428709074,442.487067021,442.641516247,15505.0
2022-07-27 12:00:00,442.492049254,443.418744608,442.492049254,443.079952758,13906.0
2022-07-27 12:15:00,442.950414698,443.51838927,442.84080557,443.408780142,14298.0
2022-07-27 12:30:00,443.319099947,443.548282669,442.153257405,442.397386826,13524.0
2022-07-27 12:45:00,442.2429376,442.362511194,441.764643224,442.138310705,12969.0
2022-07-27 13:00:00,442.123364006,442.397386826,441.684927495,441.894181284,12594.0
2022-07-27 13:15:00,442.053612743,442.143292938,441.276384382,441.400940209,15383.0
2022-07-27 13:30:00,441.595247299,441.794536622,440.917663599,441.625140698,14378.0
2022-07-27 13:45:00,441.590265066,442.651480713,441.590265066,442.601658382,10963.0
2022-07-27 14:00:00,442.686356345,442.815894405,441.425851374,441.684927495,15122.0
2022-07-27 14:15:00,441.894181284,442.352546728,440.738303208,441.844358953,16145.0
2022-07-27 14:30:00,441.963932547,442.073541675,441.220882305,441.465709239,13438.0
2022-07-27 14:45:00,441.575318367,444.474978022,441.276384382,443.428709074,26395.0
2022-07-27 15:00:00,443.478531405,444.240813067,442.731196443,443.139739556,28563.0
2022-07-27 15:15:00,443.438673541,444.72907191,443.438673541,444.355404428,25351.0
2022-07-27 15:30:00,444.445084624,445.830145422,444.310564331,445.830145422,25282.0
2022-07-27 15:45:00,446.079257076,446.079257076,444.734054143,445.032988128,45634.0
2022-07-27 16:00:00,444.973201331,445.032988128,443.438673541,443.438673541,103025.0
2022-07-27 16:15:00,444.225866368,444.225866368,444.225866368,444.225866368,12282.0
2022-07-28 09:45:00,436.832232469,442.621587315,432.32829376,438.471387154,87809.0
2022-07-28 10:00:00,437.644336462,438.205933776,433.751917042,433.902679415,51098.0
2022-07-28 10:15:00,434.26638243,436.911948199,433.892714949,433.912643881,35074.0
2022-07-28 10:30:00,434.07207534,442.37247566,434.07207534,442.008772645,53348.0
2022-07-28 10:45:00,441.794536622,448.022327979,441.794536622,448.022327979,44316.0
2022-07-28 11:00:00,447.663607197,451.440139876,447.384602144,451.440139876,33148.0
2022-07-28 11:15:00,451.298245878,452.207403771,448.689947213,450.433728793,45605.0
2022-07-28 11:30:00,450.094936943,450.692804913,449.247957318,449.94546995,27496.0
2022-07-28 11:45:00,450.184617138,450.184617138,446.9262367,447.81307419,35252.0
2022-07-28 12:00:00,447.81307419,448.600267017,444.51981812,444.529782586,23742.0
2022-07-28 12:15:00,444.51981812,446.014488046,443.493478105,445.810216489,32582.0
2022-07-28 12:30:00,445.879967753,447.643678265,445.616208333,447.6038204,17364.0
2022-07-28 12:45:00,447.613784866,447.793145257,446.089221542,447.793145257,16355.0
2022-07-28 13:00:00,447.653642731,448.709876145,447.26502855,448.510586822,14826.0
2022-07-28 13:15:00,448.341190897,449.018674952,447.932647784,448.430871092,29796.0
2022-07-28 13:30:00,448.54048022,449.098490326,448.301333032,449.098490326,15148.0
2022-07-28 13:45:00,449.058632461,450.214510537,448.968952266,450.005256747,21263.0
2022-07-28 14:00:00,449.995292281,452.83516514,449.925541018,452.62591135,28664.0
2022-07-28 14:15:00,452.605982418,452.805271741,451.569677936,452.526266689,22283.0
2022-07-28 14:30:00,452.416657561,454.060794479,452.416657561,453.881434088,24914.0
2022-07-28 14:45:00,453.761860494,453.90136302,452.645840283,453.084276794,18521.0
2022-07-28 15:00:00,453.024489997,453.572535637,452.516302222,452.516302222,30973.0
2022-07-28 15:15:00,452.556160087,453.203850388,451.450104342,452.815236208,33709.0
2022-07-28 15:30:00,452.904916403,454.260083802,452.381781929,454.260083802,35203.0
2022-07-28 15:45:00,454.040865547,454.185350306,453.398157479,453.672180298,36516.0
2022-07-28 16:00:00,453.801718358,453.841576223,451.968256583,452.775378343,123840.0
2022-07-28 16:15:00,452.845129606,452.845129606,452.845129606,452.845129606,7896.0
2022-07-29 07:15:00,453.881434088,453.881434088,453.881434088,453.881434088,218.0
2022-07-29 09:00:00,456.924382767,456.924382767,456.924382767,456.924382767,100.0
2022-07-29 09:45:00,456.093545578,462.969027236,454.439444193,460.981116235,75290.0
2022-07-29 10:00:00,460.587519821,462.470803927,460.119189911,462.052296348,35579.0
2022-07-29 10:15:00,461.803184694,464.70284435,461.255139054,462.754791213,33951.0
2022-07-29 10:30:00,462.420981596,466.506412726,460.507804092,465.749113297,48807.0
2022-07-29 10:45:00,465.320641252,465.82484324,464.83238241,465.250889989,30390.0
2022-07-29 11:00:00,465.225978823,465.225978823,463.068671897,464.234514439,23630.0
2022-07-29 11:15:00,464.161275613,465.191103192,463.357641416,464.96192047,21795.0
2022-07-29 11:30:00,464.932027071,467.213889825,464.613164154,466.526341659,43327.0
2022-07-29 11:45:00,466.984707103,468.658737419,465.579717373,468.623861788,17232.0
2022-07-29 12:00:00,468.349838968,468.678666352,466.83524011,466.914955839,13629.0
2022-07-29 12:15:00,466.904991373,467.477948178,466.10783408,467.263712155,18204.0
2022-07-29 12:30:00,467.592539539,468.11069178,467.124209629,467.124209629,15244.0
2022-07-29 12:45:00,467.233818757,468.519234893,467.104280697,468.51425266,25968.0
2022-07-29 13:00:00,468.519234893,469.924224623,468.24022984,469.914260157,20258.0
2022-07-29 13:15:00,470.175428815,471.498610278,469.754828698,471.498610278,21334.0
2022-07-29 13:30:00,471.46871688,471.85733106,470.19326521,470.422447932,23879.0
2022-07-29 13:45:00,470.681524052,472.056620384,470.53205706,472.006798053,52657.0
2022-07-29 14:00:00,472.171211745,472.903600008,470.731346383,471.550425502,35383.0
2022-07-29 14:15:00,471.538468143,472.305732038,470.821026578,472.151282812,26549.0
2022-07-29 14:30:00,472.096478248,472.833848745,472.041673684,472.546573185,27121.0
2022-07-29 14:45:00,472.629577189,473.466592347,472.435270098,473.312143121,32047.0
2022-07-29 15:00:00,473.082960399,474.557701393,472.505021361,474.34346537,41009.0
2022-07-29 15:15:00,474.547736926,474.547736926,472.754133016,473.332072054,24357.0
2022-07-29 15:30:00,473.391858851,474.059478084,473.053067001,474.059478084,24372.0
2022-07-29 15:45:00,473.949868956,474.906457709,473.790437497,474.61748819,54026.0
2022-07-29 16:00:00,474.497914596,478.095086883,474.348447603,477.995442222,231637.0
2022-07-29 16:15:00,477.198284928,477.198284928,477.198284928,477.198284928,20600.0
2022-07-29 17:00:00,476.241696175,476.241696175,476.241696175,476.241696175,212.0
2022-08-01 09:00:00,477.198284928,477.198284928,477.198284928,477.198284928,530.0
2022-08-01 09:15:00,478.075157951,478.294376207,478.075157951,478.294376207,430.0
2022-08-01 09:30:00,478.443843199,478.443843199,478.443843199,478.443843199,158.0
2022-08-01 09:45:00,479.659508072,486.435345068,478.334234071,481.089408968,129491.0
2022-08-01 10:00:00,481.184071396,483.442019431,478.325266052,479.749188268,55581.0
2022-08-01 10:15:00,479.729259335,481.572685577,479.260929425,480.376949636,30938.0
2022-08-01 10:30:00,480.586203426,480.800439449,474.433145565,475.454503348,37241.0
2022-08-01 10:45:00,475.369805386,476.141154712,472.524950294,475.462773855,38844.0
2022-08-01 11:00:00,475.773366265,476.132087048,472.734204083,472.953422339,26634.0
2022-08-01 11:15:00,472.784026414,472.784026414,470.542021526,471.369072218,22474.0
2022-08-01 11:30:00,471.498610278,475.708597235,471.179747361,475.708597235,23545.0
2022-08-01 11:45:00,475.454503348,475.764398246,474.756990716,475.165533829,20682.0
2022-08-01 12:00:00,475.138031902,476.724972785,475.138031902,476.680132687,18080.0
2022-08-01 12:15:00,476.68511492,476.739919484,475.912868792,476.640274822,23510.0
2022-08-01 12:30:00,476.660203755,477.686444126,476.500772296,476.680132687,34699.0
2022-08-01 12:45:00,476.480843364,476.503761636,474.547736926,475.295071889,19605.0
2022-08-01 13:00:00,475.275142957,476.161980446,474.487950129,475.932797724,20380.0
2022-08-01 13:15:00,475.898818895,476.015702083,474.378341002,474.931368874,16745.0
2022-08-01 13:30:00,475.135640431,475.135640431,474.139193813,474.34346537,16514.0
2022-08-01 13:45:00,474.408334045,474.497914596,472.843813211,473.347018753,18361.0
2022-08-01 14:00:00,472.833848745,473.546308076,472.396807259,473.546308076,11005.0
2022-08-01 14:15:00,473.391858851,473.880117693,473.192569527,473.571219242,13154.0
2022-08-01 14:30:00,473.750579633,474.911439942,473.431716715,474.766955182,28295.0
2022-08-01 14:45:00,474.756990716,475.295071889,473.964815655,474.886528776,17952.0
2022-08-01 15:00:00,474.737061784,475.68368607,474.06944255,475.379769852,28315.0
2022-08-01 15:15:00,475.205391694,475.285107423,474.677274987,474.966244506,18019.0
2022-08-01 15:30:00,474.966244506,475.718561702,474.507879062,474.771937415,34856.0
2022-08-01 15:45:00,474.66731052,475.175498295,474.029584686,474.049513618,38790.0
2022-08-01 16:00:00,474.228874009,475.364823152,473.441681181,474.218909543,110422.0
2022-08-01 16:15:00,473.93990449,473.93990449,473.93990449,473.93990449,7542.0
2022-08-01 17:00:00,476.301482973,476.301482973,476.301482973,476.301482973,250.0
2022-08-01 17:15:00,476.28155404,476.28155404,476.28155404,476.28155404,172.0
2022-08-01 17:30:00,473.959833422,473.959833422,473.959833422,473.959833422,131.0
2022-08-01 18:00:00,473.93990449,473.93990449,473.93990449,473.93990449,100.0
2022-08-02 09:00:00,480.466629832,480.466629832,480.466629832,480.466629832,100.0
2022-08-02 09:30:00,480.934959742,480.934959742,480.934959742,480.934959742,595.0
2022-08-02 09:45:00,480.127837982,480.127837982,470.51711036,472.833848745,30059.0
2022-08-02 10:00:00,472.873806254,474.582612558,471.513556977,474.517843528,21041.0
2022-08-02 10:15:00,474.766955182,480.964853141,474.388305468,479.789046132,41351.0
2022-08-02 10:30:00,480.202571478,482.429629668,480.202571478,481.36841402,24433.0
2022-08-02 10:45:00,481.7719749,483.887530713,481.662365773,483.216822495,27734.0
2022-08-02 11:00:00,483.58052551,484.92074621,481.941370825,481.941370825,26498.0
2022-08-02 11:15:00,481.961299758,482.050979953,477.566970176,478.184767079,36331.0
2022-08-02 11:30:00,478.344198538,480.426771967,478.309322906,480.048122253,8386.0
2022-08-02 11:45:00,480.078015651,481.781939367,479.938513125,481.766992667,18237.0
2022-08-02 12:00:00,481.811832765,482.374825104,481.582650043,481.841726164,9858.0
2022-08-02 12:15:00,481.542792178,482.160589081,481.313609457,482.150624615,7555.0
2022-08-02 12:30:00,482.130695683,482.230340344,481.164142464,481.791903833,7403.0
2022-08-02 12:45:00,481.961299758,483.85454833,481.921441893,483.85454833,17733.0
2022-08-02 13:00:00,484.213269112,484.542096496,483.306502691,484.32287824,16418.0
2022-08-02 13:15:00,484.292984842,485.269502526,483.894406195,485.269502526,22334.0
2022-08-02 13:30:00,485.767725835,485.797619233,484.565612636,484.996476153,10029.0
2022-08-02 13:45:00,485.06523097,485.488720782,484.023944255,485.438898451,16812.0
2022-08-02 14:00:00,485.438898451,485.438898451,483.834619398,484.083731052,14891.0
2022-08-02 14:15:00,484.302949308,485.74281467,484.168429015,485.74281467,10915.0
2022-08-02 14:30:00,485.593347677,486.475202933,484.970568541,486.475202933,26959.0
2022-08-02 14:45:00,486.525025264,486.624669926,484.592915273,484.656687857,30084.0
2022-08-02 15:00:00,484.482309699,484.990497474,482.599025593,483.067355503,23814.0
2022-08-02 15:15:00,483.117177833,483.316467157,481.762010434,482.379807337,19847.0
2022-08-02 15:30:00,482.32002054,482.429629668,481.542792178,482.290127141,17471.0
2022-08-02 15:45:00,482.280162675,483.077319969,481.971264224,482.594043359,26429.0
2022-08-02 16:00:00,482.668776856,482.778385984,479.04171117,479.480147681,95335.0
2022-08-02 16:15:00,479.340645155,479.340645155,479.340645155,479.340645155,4241.0
2022-08-03 08:15:00,488.258842378,488.258842378,488.258842378,488.258842378,152.0
2022-08-03 09:45:00,478.294376207,481.104355667,471.364089985,472.380465534,62460.0
2022-08-03 10:00:00,471.877259993,474.14915828,471.558397075,471.897188925,23100.0
2022-08-03 10:15:00,471.887224459,473.092924865,469.346285585,473.092924865,43140.0
2022-08-03 10:30:00,473.102889332,473.112853798,470.412483465,471.608219406,39874.0
2022-08-03 10:45:00,471.618183872,473.122818264,471.458752413,473.122818264,44933.0
2022-08-03 11:00:00,473.102889332,475.454503348,473.102889332,474.946315573,32320.0
2022-08-03 11:15:00,475.095782566,476.305468759,474.627452656,474.627452656,41479.0
2022-08-03 11:30:00,475.026031303,475.026031303,472.724239617,473.100896438,16956.0
2022-08-03 11:45:00,473.127800497,475.140622664,473.122818264,474.189016144,12999.0
2022-08-03 12:00:00,474.218909543,474.776919648,473.501467978,474.19898061,14418.0
2022-08-03 12:15:00,474.4082344,475.464467814,473.969797889,474.169087212,51855.0
2022-08-03 12:30:00,474.169087212,475.285107423,473.770508565,474.627452656,17223.0
2022-08-03 12:45:00,474.752008483,474.856635378,473.710721768,474.109300415,23185.0
2022-08-03 13:00:00,473.929940024,474.776919648,473.631006039,474.776919648,8521.0
2022-08-03 13:15:00,474.776919648,475.544183544,473.910011091,474.19898061,28769.0
2022-08-03 13:30:00,474.258767407,475.225320626,473.860188761,475.220338393,9283.0
2022-08-03 13:45:00,475.653792671,475.997566754,474.742044017,475.255214025,19503.0
2022-08-03 14:00:00,475.255214025,477.108604732,475.125675964,476.869457544,9946.0
2022-08-03 14:15:00,476.859493078,477.885833094,476.700061619,477.870886394,13038.0
2022-08-03 14:30:00,477.676579304,479.30078729,477.586899109,478.872315245,18141.0
2022-08-03 14:45:00,478.902208643,478.937084275,477.716437169,478.782635049,18238.0
2022-08-03 15:00:00,478.692954854,480.227482644,478.473736598,479.878726328,19265.0
2022-08-03 15:15:00,479.913601959,480.994746539,479.7691172,480.755599351,20711.0
2022-08-03 15:30:00,480.785492749,481.831761697,480.327127306,481.831761697,25371.0
2022-08-03 15:45:00,481.801868299,482.150624615,481.393325186,482.075891119,34728.0
2022-08-03 16:00:00,481.98122869,482.389771803,480.018228854,480.038157787,88514.0
2022-08-03 16:15:00,480.038157787,480.038157787,480.038157787,480.038157787,14542.0
2022-08-04 08:30:00,483.276609292,483.575543277,483.276609292,483.575543277,423.0
2022-08-04 09:45:00,480.287269441,481.582650043,476.919279875,476.919279875,19858.0
2022-08-04 10:00:00,478.194731545,482.379807337,478.124980282,479.848832929,27617.0
2022-08-04 10:15:00,479.231036027,481.17410693,478.747759417,479.539934478,14431.0
2022-08-04 10:30:00,479.470183215,482.678741322,478.36412747,482.090837818,23481.0
2022-08-04 10:45:00,482.072901779,484.42740549,482.072901779,484.053837654,11987.0
2022-08-04 11:00:00,483.336396089,484.243162511,482.547110724,482.907924044,13535.0
2022-08-04 11:15:00,482.628918991,482.653830157,481.034604404,481.453111983,16498.0
2022-08-04 11:30:00,481.263787126,482.529174685,481.216057333,481.831761697,8711.0
2022-08-04 11:45:00,481.632472374,483.565578811,481.552756645,481.841726164,19394.0
2022-08-04 12:00:00,481.602578975,482.878030645,481.064497802,482.090837818,15872.0
2022-08-04 12:15:00,482.414682968,482.4495586,481.752045968,481.752045968,4973.0
2022-08-04 12:30:00,481.125978559,481.682294705,480.517448609,480.606132358,16869.0
2022-08-04 12:45:00,480.775528283,481.687276938,480.616096825,481.51289878,11069.0
2022-08-04 13:00:00,481.51289878,481.627490141,480.546345561,480.905066344,11417.0
2022-08-04 13:15:00,480.775528283,481.502934314,480.586203426,481.184071396,21604.0
2022-08-04 13:30:00,481.084426735,481.85169063,480.924995276,481.124284599,17509.0
2022-08-04 13:45:00,480.845279546,481.423218584,480.725705952,481.283716058,11822.0
2022-08-04 14:00:00,481.064497802,482.080873352,480.984782073,482.080873352,15491.0
2022-08-04 14:15:00,481.831761697,482.434611901,481.204000329,481.288698291,22521.0
2022-08-04 14:30:00,481.223929261,481.742081502,480.68674489,481.742081502,18015.0
2022-08-04 14:45:00,481.532827712,482.539238796,480.855244013,482.310056074,24393.0
2022-08-04 15:00:00,482.369842871,482.369842871,479.564845644,480.137802448,20630.0
2022-08-04 15:15:00,480.117873516,480.586203426,479.699365937,480.207553712,12485.0
2022-08-04 15:30:00,480.097944584,480.157731381,478.480711724,478.892244177,16651.0
2022-08-04 15:45:00,478.782635049,478.782635049,476.351305303,476.590452491,33450.0
2022-08-04 16:00:00,476.580488025,476.759848416,475.818206363,476.191873845,58557.0
2022-08-04 16:15:00,476.341340837,476.341340837,476.341340837,476.341340837,96073.0
2022-08-04 16:45:00,475.295071889,475.295071889,475.295071889,475.295071889,213.0
2022-08-05 09:45:00,473.989726821,476.680132687,472.495056895,475.290089656,15461.0
2022-08-05 10:00:00,474.886528776,475.484396746,473.481539046,474.61748819,18314.0
2022-08-05 10:15:00,474.582612558,474.881546543,472.335625436,472.614630489,9626.0
2022-08-05 10:30:00,472.345589903,472.345589903,469.700024134,470.412483465,19592.0
2022-08-05 10:45:00,471.060173767,471.060173767,470.003940352,470.003940352,15017.0
2022-08-05 11:00:00,470.133478413,470.58187939,469.769775397,470.55856254,13418.0
2022-08-05 11:15:00,470.631701721,470.66159512,468.867991209,469.839526661,16465.0
2022-08-05 11:30:00,470.003940352,470.352696668,468.549128292,468.554110525,13651.0
2022-08-05 11:45:00,468.359803434,469.641433073,467.717095366,469.641433073,19853.0
2022-08-05 12:00:00,469.216747525,469.216747525,467.956242554,468.70855975,13526.0
2022-08-05 12:15:00,468.748417615,470.277963172,468.51425266,469.705006367,11894.0
2022-08-05 12:30:00,470.522092593,471.075120466,469.675112969,471.075120466,9525.0
2022-08-05 12:45:00,471.498610278,473.541325843,471.309285421,473.227445159,16454.0
2022-08-05 13:00:00,473.466592347,475.313805086,473.466592347,474.363394302,10980.0
2022-08-05 13:15:00,474.14915828,474.468021197,473.421752249,474.468021197,8975.0
2022-08-05 13:30:00,474.567665859,474.916422175,474.378341002,474.527807994,9463.0
2022-08-05 13:45:00,474.418198866,474.507879062,473.112853798,473.710721768,21604.0
2022-08-05 14:00:00,473.491503512,473.999691287,472.903600008,473.740615167,11020.0
2022-08-05 14:15:00,473.521396911,474.727097318,473.322107587,474.318554204,8850.0
2022-08-05 14:30:00,474.358412069,475.205391694,473.800401964,473.800401964,11865.0
2022-08-05 14:45:00,473.616059339,474.542754693,473.616059339,474.418198866,8456.0
2022-08-05 15:00:00,474.403252167,474.906457709,473.929940024,474.587594791,10858.0
2022-08-05 15:15:00,474.722115084,475.105747032,474.218909543,474.66731052,17310.0
2022-08-05 15:30:00,474.66731052,475.105747032,474.4082344,475.0858181,14134.0
2022-08-05 15:45:00,474.996137904,475.225320626,474.482967896,474.567665859,31175.0
2022-08-05 16:00:00,474.652363821,476.15201598,474.627452656,475.882975393,87595.0
2022-08-05 16:15:00,475.89293986,475.89293986,475.89293986,475.89293986,7344.0
2022-08-05 16:45:00,474.936351107,474.936351107,474.936351107,474.936351107,302.0
2022-08-05 17:45:00,474.936351107,474.936351107,474.936351107,474.936351107,1254.0
2022-08-08 09:45:00,477.248107259,478.374091936,471.508574744,471.523521444,19178.0
2022-08-08 10:00:00,471.949701662,474.916422175,471.45377018,474.547736926,31011.0
2022-08-08 10:15:00,474.059478084,474.906358064,471.648077271,471.648077271,17599.0
2022-08-08 10:30:00,472.141318346,474.169087212,472.141318346,474.169087212,15949.0
2022-08-08 10:45:00,473.929940024,474.298625272,472.385447767,472.385447767,8804.0
2022-08-08 11:00:00,472.305732038,473.292214189,472.305732038,472.843813211,12329.0
2022-08-08 11:15:00,472.988895839,473.202533993,469.535610442,470.058744916,15586.0
2022-08-08 11:30:00,469.964082488,470.382590067,469.615326172,470.382590067,21458.0
2022-08-08 11:45:00,470.153407345,470.342732202,469.082227232,469.565503841,29282.0
2022-08-08 12:00:00,469.286498788,469.695041901,466.805346712,466.885062441,27624.0
2022-08-08 12:15:00,466.790400012,467.403214682,464.872240274,464.892169207,31990.0
2022-08-08 12:30:00,465.036653966,465.596656965,464.344123567,465.230961057,20927.0
2022-08-08 12:45:00,465.240925523,465.649468636,464.414970922,465.066547365,15180.0
2022-08-08 13:00:00,464.882204741,465.370463583,464.618146387,465.071529598,15004.0
2022-08-08 13:15:00,464.862275808,466.027520482,464.119923079,466.023335406,19478.0
2022-08-08 13:30:00,466.018153884,466.436661463,465.490037177,465.729184365,12869.0
2022-08-08 13:45:00,465.450179312,467.283641088,465.435232613,467.213889825,10719.0
2022-08-08 14:00:00,466.934884772,468.648772953,466.924920306,468.006064885,9867.0
2022-08-08 14:15:00,467.831686727,467.871544592,466.481501561,467.632397404,23084.0
2022-08-08 14:30:00,467.443072547,467.931331389,466.735595448,467.492894877,23058.0
2022-08-08 14:45:00,467.788241655,468.569057224,467.388267983,467.582575073,16283.0
2022-08-08 15:00:00,467.353392351,467.572610607,466.356945734,467.557663907,12728.0
2022-08-08 15:15:00,467.622432938,468.419590231,467.419656051,468.080798381,25562.0
2022-08-08 15:30:00,468.165496344,468.872973442,468.001082652,468.105709547,13647.0
2022-08-08 15:45:00,468.088271731,468.088271731,466.875097975,467.63339385,26264.0
2022-08-08 16:00:00,467.781864396,468.678666352,467.517806043,468.379732367,72425.0
2022-08-08 16:15:00,468.379732367,468.379732367,468.379732367,468.379732367,3486.0
2022-08-09 09:45:00,472.305732038,477.140989247,471.338182373,474.06944255,32651.0
2022-08-09 10:00:00,474.268731874,478.902208643,473.700757302,478.598292425,46867.0
2022-08-09 10:15:00,478.588327959,480.36698517,478.443843199,479.270893891,40688.0
2022-08-09 10:30:00,479.659508072,480.466629832,479.121426899,479.789046132,26960.0
2022-08-09 10:45:00,479.719294869,480.23744711,478.513594462,478.568399026,10966.0
2022-08-09 11:00:00,478.384056402,478.673025921,476.082264717,476.082264717,18488.0
2022-08-09 11:15:00,475.902904326,476.072300251,474.547736926,475.334929754,30014.0
2022-08-09 11:30:00,475.524254611,476.984945707,475.524254611,476.92366424,13999.0
2022-08-09 11:45:00,476.759848416,476.969102206,476.231731709,476.95913774,12254.0
2022-08-09 12:00:00,477.068746868,477.801035487,475.733508401,477.008960071,29350.0
2022-08-09 12:15:00,476.964119973,478.294376207,476.964119973,477.880850861,27205.0
2022-08-09 12:30:00,477.736366101,478.15487368,477.083693567,477.083693567,13971.0
2022-08-09 12:45:00,477.058782402,477.357716387,475.778348499,475.778348499,23665.0
2022-08-09 13:00:00,475.972555944,475.972555944,475.175498295,475.80296073,10812.0
2022-08-09 13:15:00,475.843117529,475.853081995,474.159122746,474.159122746,10039.0
2022-08-09 13:30:00,474.099335949,474.19898061,472.704310685,473.023173602,13867.0
2022-08-09 13:45:00,472.893635542,474.647381588,472.893635542,473.969797889,12220.0
2022-08-09 14:00:00,473.690792836,473.800401964,472.06658485,472.923528941,23266.0
2022-08-09 14:15:00,472.4053767,473.082960399,471.458752413,472.853777677,19255.0
2022-08-09 14:30:00,472.903600008,473.352000986,472.365518835,472.365518835,10952.0
2022-08-09 14:45:00,472.539896993,472.539896993,471.737757466,471.947011256,9453.0
2022-08-09 15:00:00,472.116407181,472.554843692,471.767650865,472.216051842,14901.0
2022-08-09 15:15:00,471.93704679,472.086513782,471.329214353,471.677970669,12982.0
2022-08-09 15:30:00,471.777615331,472.923528941,471.777615331,472.883671076,18327.0
2022-08-09 15:45:00,472.803955347,473.232427392,471.887224459,471.907153391,24289.0
2022-08-09 16:00:00,471.976904654,472.803955347,471.329214353,472.046655918,83243.0
2022-08-09 16:15:00,472.554843692,472.554843692,472.046655918,472.046655918,8170.0
2022-08-10 09:45:00,472.803955347,472.803955347,467.876526825,470.327785503,23222.0
2022-08-10 10:00:00,469.774757631,471.976904654,468.339874502,471.976904654,26850.0
2022-08-10 10:15:00,471.817473196,473.312143121,471.583308241,472.056620384,19489.0
2022-08-10 10:30:00,471.867295526,472.306828129,470.542021526,471.463933936,14309.0
2022-08-10 10:45:00,471.538468143,471.538468143,470.302874338,470.756257548,27347.0
2022-08-10 11:00:00,470.900742308,470.996899406,469.416036848,470.233123074,20728.0
2022-08-10 11:15:00,470.013904819,471.717828534,469.874402292,470.3773089,30417.0
2022-08-10 11:30:00,470.45234133,471.433841248,470.267998706,470.492199195,29346.0
2022-08-10 11:45:00,470.811062112,470.890777842,470.063727149,470.651630654,19677.0
2022-08-10 12:00:00,470.591843857,470.681524052,469.794686563,470.023869285,13512.0
2022-08-10 12:15:00,470.153407345,470.771204248,470.153407345,470.272980939,8457.0
2022-08-10 12:30:00,470.292909871,470.578292183,469.361232284,469.939171322,15646.0
2022-08-10 12:45:00,469.939171322,470.775787902,469.939171322,470.522092593,9406.0
2022-08-10 13:00:00,470.302874338,471.996833587,470.292909871,471.767650865,9829.0
2022-08-10 13:15:00,472.106442715,472.435270098,470.502163661,472.221034076,21236.0
2022-08-10 13:30:00,472.425305632,472.425305632,470.04878045,470.063727149,25392.0
2022-08-10 13:45:00,470.073691616,470.716399684,470.013904819,470.716399684,22696.0
2022-08-10 14:00:00,470.731346383,470.825012365,470.233123074,470.233123074,25368.0
2022-08-10 14:15:00,470.352696668,471.010351436,469.944153555,470.613267459,16289.0
2022-08-10 14:30:00,470.66159512,470.895760075,470.342732202,470.45234133,10969.0
2022-08-10 14:45:00,470.601808323,470.85590221,470.497181428,470.731346383,8744.0
2022-08-10 15:00:00,470.66159512,471.040244834,470.173336277,470.930635706,14963.0
2022-08-10 15:15:00,470.823218761,470.940600173,470.362661135,470.701452984,22444.0
2022-08-10 15:30:00,470.691488518,470.691488518,470.183300744,470.392554533,18392.0
2022-08-10 15:45:00,470.272980939,471.085084932,470.013904819,470.960529105,35994.0
2022-08-10 16:00:00,470.930635706,471.887224459,470.512128127,471.458752413,134758.0
2022-08-10 16:15:00,471.458752413,471.458752413,458.365443865,470.342732202,15228.0
2022-08-10 16:30:00,471.458752413,471.458752413,471.458752413,471.458752413,166.0
2022-08-10 19:30:00,471.458652769,471.458652769,471.458652769,471.458652769,227.0
2022-08-11 09:45:00,472.315696504,472.634559422,470.219471756,470.888286725,29973.0
2022-08-11 10:00:00,471.707864068,471.707864068,467.672255268,467.881509058,24409.0
2022-08-11 10:15:00,468.090762848,468.170478577,466.337016802,466.591110689,32215.0
2022-08-11 10:30:00,466.586128456,469.30642772,466.15765641,469.30642772,59102.0
2022-08-11 10:45:00,469.45669187,471.050109656,469.084419414,469.084419414,30059.0
2022-08-11 11:00:00,469.316392187,469.774757631,469.057316066,469.695041901,20591.0
2022-08-11 11:15:00,469.540592676,469.615326172,468.050904983,469.236676457,25280.0
2022-08-11 11:30:00,469.336321119,470.143442879,469.027422668,469.027422668,20934.0
2022-08-11 11:45:00,469.102156164,469.276534322,467.627415171,468.290052171,11759.0
2022-08-11 12:00:00,468.499305961,469.097173931,468.040940517,468.648772953,19746.0
2022-08-11 12:15:00,468.77332878,469.117102863,467.572610607,467.951260321,24030.0
2022-08-11 12:30:00,468.001082652,468.603932855,468.001082652,468.260158773,16008.0
2022-08-11 12:45:00,468.200371976,468.987564803,468.200371976,468.867991209,11487.0
2022-08-11 13:00:00,468.280087705,468.549128292,467.712113133,468.180443043,8493.0
2022-08-11 13:15:00,468.050904983,468.140585178,467.333463419,467.333463419,19775.0
2022-08-11 13:30:00,467.373321283,468.549128292,467.373321283,468.549128292,10276.0
2022-08-11 13:45:00,468.987564803,469.037387134,468.459448096,468.78827548,10253.0
2022-08-11 14:00:00,468.658737419,469.11212063,468.270123239,468.509270427,14216.0
2022-08-11 14:15:00,468.712146958,468.712146958,467.77189993,468.030976051,9905.0
2022-08-11 14:30:00,468.160514111,468.947706938,468.160514111,468.44948363,21292.0
2022-08-11 14:45:00,468.409625765,468.469412562,466.735595448,467.30357002,22061.0
2022-08-11 15:00:00,467.472965945,468.16798746,467.0444939,467.871544592,17014.0
2022-08-11 15:15:00,468.090762848,468.090762848,466.865133509,466.885062441,20844.0
2022-08-11 15:30:00,466.885062441,467.742006532,466.690755351,467.463001479,11764.0
2022-08-11 15:45:00,467.373321283,467.732042065,466.974742636,467.507841577,23244.0
2022-08-11 16:00:00,467.393250216,469.296463254,467.223854291,468.499305961,86413.0
2022-08-11 16:15:00,468.638808487,468.638808487,468.638808487,468.638808487,31497.0
2022-08-11 19:15:00,468.648772953,468.648772953,468.648772953,468.648772953,149.0
2022-08-12 09:45:00,468.848062277,471.369072218,468.848062277,470.233123074,12426.0
2022-08-12 10:00:00,469.495752578,470.422447932,467.612468471,467.931331389,15738.0
2022-08-12 10:15:00,467.552681674,469.505717044,467.552681674,468.748417615,10547.0
2022-08-12 10:30:00,468.912831307,469.117102863,468.399661299,468.678666352,4450.0
2022-08-12 10:45:00,469.057216422,470.203229676,468.389696833,469.675112969,19347.0
2022-08-12 11:00:00,469.630272871,470.214190589,469.30642772,470.214190589,9282.0
2022-08-12 11:15:00,470.218176375,470.771204248,469.650201803,470.771204248,9844.0
2022-08-12 11:30:00,470.741310849,471.38900115,470.282945405,470.731346383,14394.0
2022-08-12 11:45:00,470.761239781,471.588290474,470.093620548,470.860884443,16959.0
2022-08-12 12:00:00,471.075120466,471.777615331,470.890777842,471.269427556,13518.0
2022-08-12 12:15:00,471.351235823,471.807508729,471.179747361,471.369072218,12897.0
2022-08-12 12:30:00,471.433841248,471.817473196,471.299320955,471.548432609,8897.0
2022-08-12 12:45:00,471.608219406,471.707864068,470.776186481,471.608219406,7513.0
2022-08-12 13:00:00,471.658041737,471.727793,471.359107752,471.623166105,5885.0
2022-08-12 13:15:00,471.45377018,471.727793,471.299320955,471.364687853,9113.0
2022-08-12 13:30:00,471.339178819,471.668006203,471.269427556,471.648077271,8304.0
2022-08-12 13:45:00,471.767650865,472.644523888,471.418894549,472.216051842,14395.0
2022-08-12 14:00:00,472.375483301,473.526379144,472.315696504,473.411787783,10177.0
2022-08-12 14:15:00,473.381894384,474.438127799,472.823884279,474.109300415,41327.0
2022-08-12 14:30:00,474.208945077,476.949173274,473.910011091,476.769812883,69513.0
2022-08-12 14:45:00,476.859493078,477.666614838,475.853081995,475.952726657,49683.0
2022-08-12 15:00:00,475.778348499,475.971758787,474.487950129,475.633863739,23943.0
2022-08-12 15:15:00,475.584041408,476.680033042,475.305036355,476.550594627,19430.0
2022-08-12 15:30:00,476.470878897,476.470878897,475.065889167,475.81322413,25479.0
2022-08-12 15:45:00,475.703615002,477.606828041,475.673721604,477.566970176,44762.0
2022-08-12 16:00:00,477.477289981,478.055229019,476.470878897,477.457361048,134948.0
2022-08-12 16:15:00,477.875868628,477.875868628,477.875868628,477.875868628,3976.0
2022-08-15 09:30:00,475.833153062,475.833153062,475.833153062,475.833153062,251.0
2022-08-15 09:45:00,476.271589574,478.354163004,473.401823317,477.796152898,19050.0
2022-08-15 10:00:00,477.885833094,478.039784096,476.191873845,477.287965123,15065.0
2022-08-15 10:15:00,477.307894056,479.799010599,477.21821386,479.270893891,21454.0
2022-08-15 10:30:00,479.400431952,480.57623896,478.762706117,479.30078729,7325.0
2022-08-15 10:45:00,479.505058846,479.520005546,477.910943548,478.483800709,7055.0
2022-08-15 11:00:00,479.360574087,480.536381095,479.360574087,479.589756809,7883.0
2022-08-15 11:15:00,479.97837099,482.070908886,479.948477591,482.001157622,19279.0
2022-08-15 11:30:00,482.220375878,484.437469601,482.220375878,484.437469601,18882.0
2022-08-15 11:45:00,484.552060962,484.552060962,482.698670254,483.640312307,13174.0
2022-08-15 12:00:00,483.530005667,485.847441564,483.455969683,485.558472045,14759.0
2022-08-15 12:15:00,485.93712176,487.018266339,485.93712176,486.784101384,16004.0
2022-08-15 12:30:00,486.804030317,487.307235858,486.365593805,486.639616625,11517.0
2022-08-15 12:45:00,486.87378158,487.282324693,486.425380602,486.74424352,11213.0
2022-08-15 13:00:00,486.583616325,487.336929968,485.8075837,487.073070903,14513.0
2022-08-15 13:15:00,487.362040422,487.641045475,485.668081173,485.895769225,16273.0
2022-08-15 13:30:00,485.877334963,486.046730888,484.740389373,485.907228361,9348.0
2022-08-15 13:45:00,485.74281467,486.584812061,485.648152241,486.490149632,12398.0
2022-08-15 14:00:00,486.485167399,486.988372941,486.236055745,486.490149632,11629.0
2022-08-15 14:15:00,486.335700407,487.641045475,485.991926324,487.641045475,24917.0
2022-08-15 14:30:00,487.68090334,487.68090334,486.335700407,486.893710512,13167.0
2022-08-15 14:45:00,486.993355174,487.292189514,486.564883129,486.813994783,16430.0
2022-08-15 15:00:00,486.80901255,487.172715565,486.246020211,486.933568377,32118.0
2022-08-15 15:15:00,486.923603911,487.013284106,486.544954196,486.584812061,27218.0
2022-08-15 15:30:00,486.594776527,487.092999836,486.465238467,486.564883129,18925.0
2022-08-15 15:45:00,486.569865362,486.774136918,486.127443064,486.614705459,22924.0
2022-08-15 16:00:00,486.53498973,486.53498973,484.542096496,485.090142135,82128.0
2022-08-15 16:15:00,485.139964466,485.139964466,485.139964466,485.139964466,3382.0
2022-08-15 17:00:00,486.106517685,486.106517685,486.106517685,486.106517685,144.0
2022-08-16 09:45:00,483.605436676,486.833923715,483.555614345,486.031186321,23006.0
2022-08-16 10:00:00,485.249573594,486.863817114,481.522863246,481.961299758,21934.0
2022-08-16 10:15:00,482.404718502,483.880854521,481.808345202,482.559167728,14495.0
2022-08-16 10:30:00,482.743510352,483.934264059,482.519309863,483.306502691,14582.0
2022-08-16 10:45:00,483.495827548,483.764868135,482.733545886,482.733545886,8675.0
2022-08-16 11:00:00,482.499380931,483.85454833,482.499380931,482.758457051,17328.0
2022-08-16 11:15:00,482.783368217,483.946719642,482.19048248,483.391200653,31814.0
2022-08-16 11:30:00,483.336396089,483.366289488,482.409700735,482.70863472,18551.0
2022-08-16 11:45:00,482.673759089,484.317896007,481.512998425,483.774832601,50196.0
2022-08-16 12:00:00,484.008997556,484.671634556,483.411129586,484.671634556,5098.0
2022-08-16 12:15:00,484.253126977,484.890852812,483.784797067,484.681599022,23097.0
2022-08-16 12:30:00,484.631776691,485.707939038,484.442451834,485.159893399,12320.0
2022-08-16 12:45:00,485.149928932,485.508649714,484.990497474,485.159893399,12959.0
2022-08-16 13:00:00,485.110071068,485.110071068,484.118606684,484.19334018,4368.0
2022-08-16 13:15:00,484.023944255,484.831066015,483.784797067,484.831066015,5605.0
2022-08-16 13:30:00,484.741385819,485.413987286,484.691563488,485.209715729,4555.0
2022-08-16 13:45:00,485.159893399,485.8075837,485.159893399,485.349218256,5934.0
2022-08-16 14:00:00,485.379111654,485.837477098,485.289431459,485.618258842,6726.0
2022-08-16 14:15:00,485.25953806,485.379111654,484.123588917,484.123588917,8969.0
2022-08-16 14:30:00,484.163446781,484.970568541,484.163446781,484.312913774,7475.0
2022-08-16 14:45:00,484.307931541,484.522167564,482.698670254,483.406147352,12529.0
2022-08-16 15:00:00,483.17696463,483.17696463,481.991193156,482.733545886,16179.0
2022-08-16 15:15:00,482.489416465,482.668776856,482.250269277,482.668776856,9402.0
2022-08-16 15:30:00,482.519309863,483.1271423,482.409700735,483.122160067,16018.0
2022-08-16 15:45:00,483.25668036,483.794761533,483.241733661,483.475898616,14076.0
2022-08-16 16:00:00,483.525720946,483.994050857,483.147071232,483.625365608,46903.0
2022-08-16 16:15:00,483.774832601,483.774832601,483.774832601,483.774832601,6370.0
2022-08-16 16:45:00,482.808279382,482.808279382,482.808279382,482.808279382,203.0
2022-08-17 09:45:00,481.004711005,485.179822331,480.91503081,485.179822331,19950.0
2022-08-17 10:00:00,484.841030481,488.01969519,484.442451834,487.581258678,24927.0
2022-08-17 10:15:00,487.621116543,492.732887688,487.621116543,491.776298936,57442.0
2022-08-17 10:30:00,492.040855513,492.174877583,489.295146859,491.387684755,59044.0
2022-08-17 10:45:00,491.846050199,492.14488454,489.34496919,489.773341591,25924.0
2022-08-17 11:00:00,489.524329581,491.63679641,489.384827055,491.248182229,22266.0
2022-08-17 11:15:00,491.497293883,492.698012057,490.82967465,492.583420696,28395.0
2022-08-17 11:30:00,492.663136425,494.540342207,492.663136425,494.17275305,29580.0
2022-08-17 11:45:00,493.958517027,494.04321499,491.243199996,491.243199996,24011.0
2022-08-17 12:00:00,490.660278725,491.014017274,489.89301483,490.909390379,14216.0
2022-08-17 12:15:00,490.655296492,492.942141478,490.655296492,491.563856517,23859.0
2022-08-17 12:30:00,492.100144087,492.138507281,491.028963973,491.616867477,8022.0
2022-08-17 12:45:00,491.985552726,491.985552726,490.650314259,491.188395432,18808.0
2022-08-17 13:00:00,491.377720289,492.174877583,491.347826891,492.174877583,19640.0
2022-08-17 13:15:00,492.438935936,493.071679538,491.527187282,492.787692252,17706.0
2022-08-17 13:30:00,492.792674485,493.619725178,492.23466438,493.226128764,26524.0
2022-08-17 13:45:00,493.435382554,493.435382554,491.714917824,492.981999343,16952.0
2022-08-17 14:00:00,492.981999343,494.187600105,492.683065358,493.629689644,33266.0
2022-08-17 14:15:00,493.729334306,494.038232757,492.359220207,492.967052643,29417.0
2022-08-17 14:30:00,493.241075463,493.44534702,492.433953703,492.732887688,14680.0
2022-08-17 14:45:00,492.952105944,493.051750606,492.394095839,492.791080171,9966.0
2022-08-17 15:00:00,492.913244526,492.981999343,491.656725342,492.035375056,20522.0
2022-08-17 15:15:00,492.02541059,492.224699914,490.411266715,491.442489319,16514.0
2022-08-17 15:30:00,491.258146695,493.290897794,490.739994454,492.423989237,35737.0
2022-08-17 15:45:00,492.463847102,493.862858152,492.304415643,493.315808959,56239.0
2022-08-17 16:00:00,493.251039929,493.340720125,490.62042086,490.759923387,119540.0
2022-08-17 16:15:00,490.759923387,490.759923387,490.759923387,490.759923387,15594.0
2022-08-17 18:00:00,491.248182229,491.248182229,491.248182229,491.248182229,100.0
2022-08-17 18:15:00,491.248182229,491.248182229,491.248182229,491.248182229,150.0
2022-08-17 18:30:00,491.487329417,491.487329417,491.487329417,491.487329417,100.0
2022-08-18 09:45:00,492.23466438,495.433258021,491.567045146,491.897466845,49180.0
2022-08-18 10:00:00,492.244628846,494.058161689,490.849603582,493.644337409,28323.0
2022-08-18 10:15:00,493.480222651,493.480222651,489.776928799,492.707976523,28752.0
2022-08-18 10:30:00,492.792674485,493.520080516,492.129140683,492.194806515,15612.0
2022-08-18 10:45:00,492.184842049,493.211182065,490.979141642,492.404060305,32061.0
2022-08-18 11:00:00,492.414024771,492.942141478,491.028963973,491.447471552,19186.0
2022-08-18 11:15:00,491.078786304,491.826121267,489.912943762,491.278075627,30515.0
2022-08-18 11:30:00,491.463215409,491.736441071,490.690172123,491.009035041,15734.0
2022-08-18 11:45:00,490.929319312,492.314380109,490.899425913,491.940712628,11359.0
2022-08-18 12:00:00,491.950677094,492.36420244,491.21828883,491.21828883,6528.0
2022-08-18 12:15:00,491.611885244,492.294451177,491.128608635,492.095161854,9035.0
2022-08-18 12:30:00,491.89587253,492.284486711,490.560634063,490.774870086,10790.0
2022-08-18 12:45:00,491.009035041,491.547116214,490.102268619,491.058857372,11069.0
2022-08-18 13:00:00,490.839639116,491.696583207,490.441060469,490.725047755,12043.0
2022-08-18 13:15:00,490.82967465,491.596938545,489.623974243,489.674095508,46919.0
2022-08-18 13:30:00,489.76347677,490.102268619,489.145679867,489.434649386,19654.0
2022-08-18 13:45:00,489.187331335,490.311522409,488.688809093,490.142126484,14124.0
2022-08-18 14:00:00,490.206895514,490.650314259,488.777094263,488.836781416,18479.0
2022-08-18 14:15:00,489.055999671,490.047464055,488.916497145,489.633938709,6889.0
2022-08-18 14:30:00,489.962766093,490.321486875,489.414720454,490.221842213,10558.0
2022-08-18 14:45:00,490.112233085,491.29800456,489.823263567,491.188395432,15786.0
2022-08-18 15:00:00,490.510811732,490.769887853,490.181984349,490.311522409,9464.0
2022-08-18 15:15:00,490.411167071,491.377720289,490.411167071,491.163484267,10272.0
2022-08-18 15:30:00,491.173448733,491.706547673,490.720065522,491.55708068,18233.0
2022-08-18 15:45:00,491.577009613,492.174877583,491.228253297,491.646760876,21881.0
2022-08-18 16:00:00,491.63679641,491.63679641,490.710101056,491.417578154,63184.0
2022-08-18 16:15:00,491.128608635,491.128608635,491.128608635,491.128608635,6645.0
2022-08-18 17:00:00,490.246554089,490.246554089,490.246554089,490.246554089,205.0
2022-08-19 09:45:00,490.381273672,491.487329417,488.368451506,489.783405702,61988.0
2022-08-19 10:00:00,489.942837161,489.942837161,486.355629339,487.282324693,11751.0
2022-08-19 10:15:00,488.258842378,489.026106273,486.668712866,488.258842378,23595.0
2022-08-19 10:30:00,488.87663928,488.966319476,487.386951588,487.959908393,31362.0
2022-08-19 10:45:00,488.089446453,488.61756316,488.06951752,488.497989566,9456.0
2022-08-19 11:00:00,488.796923551,489.384827055,488.298700242,489.185537732,7096.0
2022-08-19 11:15:00,489.155644333,489.155644333,486.435345068,486.923603911,26013.0
2022-08-19 11:30:00,486.953497309,488.433220536,486.594776527,487.013284106,28251.0
2022-08-19 11:45:00,486.584812061,488.981266175,486.425380602,488.131795434,15913.0
2022-08-19 12:00:00,487.949943926,489.245324529,487.880192663,488.517918498,16697.0
2022-08-19 12:15:00,488.438202769,488.951372777,487.242466828,488.248877912,9334.0
2022-08-19 12:30:00,488.358487039,489.205466664,487.651009941,487.805459167,24265.0
2022-08-19 12:45:00,487.628988471,488.856710348,487.17281521,488.348522573,28032.0
2022-08-19 13:00:00,488.557776363,489.255288995,488.268806844,488.318629175,11798.0
2022-08-19 13:15:00,488.926461611,489.095857536,488.14923325,488.478060633,14465.0
2022-08-19 13:30:00,488.40830937,489.255288995,488.40830937,489.195502198,13732.0
2022-08-19 13:45:00,488.936426077,489.016141807,487.830370332,488.099410919,6059.0
2022-08-19 14:00:00,487.910086062,488.159197716,487.660974407,487.893246114,4936.0
2022-08-19 14:15:00,487.999766257,488.438202769,487.790512468,487.989801791,6537.0
2022-08-19 14:30:00,488.089446453,488.816852483,487.68090334,488.53784743,7758.0
2022-08-19 14:45:00,488.512936265,488.667385491,486.87378158,486.978408475,9777.0
2022-08-19 15:00:00,487.092999836,487.192644497,486.136411083,486.594776527,9495.0
2022-08-19 15:15:00,486.559900896,486.833923715,486.107514131,486.749225753,14731.0
2022-08-19 15:30:00,486.983390708,487.232502362,486.759190219,486.823959249,8335.0
2022-08-19 15:45:00,486.684456723,486.973525886,486.106517685,486.973525886,17139.0
2022-08-19 16:00:00,486.988372941,489.245324529,486.853852648,488.976283942,96621.0
2022-08-19 16:15:00,489.006177341,489.006177341,489.006177341,489.006177341,14825.0
2022-08-19 18:00:00,488.757065686,488.757065686,488.757065686,488.757065686,100.0
2022-08-22 09:45:00,486.265949143,491.223271064,486.265949143,489.873085897,33206.0
2022-08-22 10:00:00,489.474507251,491.387684755,487.999766257,488.776994619,32195.0
2022-08-22 10:15:00,488.017204073,489.036070739,487.646027708,488.403327137,16376.0
2022-08-22 10:30:00,488.079481987,490.331451341,487.770583535,489.305111326,30707.0
2022-08-22 10:45:00,489.205466664,490.36134474,488.557776363,489.4819806,16042.0
2022-08-22 11:00:00,489.663832108,489.982695025,488.478060633,488.517918498,11164.0
2022-08-22 11:15:00,488.378415972,488.378415972,487.491578483,488.363469272,13575.0
2022-08-22 11:30:00,488.532865197,489.823263567,488.029659656,489.823263567,17806.0
2022-08-22 11:45:00,489.708672206,490.460989401,489.394791521,489.394791521,21124.0
2022-08-22 12:00:00,488.836781416,489.21543113,488.049588588,488.258842378,9692.0
2022-08-22 12:15:00,488.154215483,488.61756316,487.501542949,487.850299265,18017.0
2022-08-22 12:30:00,487.870228197,488.184108881,487.073170548,487.501542949,11899.0
2022-08-22 12:45:00,487.252431294,487.252431294,485.120035534,485.120035534,9360.0
2022-08-22 13:00:00,485.010426406,485.882317196,484.492274165,485.638187775,10830.0
2022-08-22 13:15:00,485.458827384,485.458827384,482.987739418,483.983986746,15923.0
2022-08-22 13:30:00,483.764868135,483.914335127,483.186929097,483.416111819,8817.0
2022-08-22 13:45:00,483.635330074,483.655259007,482.554185495,482.828208315,18131.0
2022-08-22 14:00:00,482.927852976,484.153482315,482.840763542,483.899388428,15270.0
2022-08-22 14:15:00,484.018962022,485.031551074,484.018962022,484.544089389,15198.0
2022-08-22 14:30:00,484.273055909,484.292984842,482.858101713,483.226786961,19475.0
2022-08-22 14:45:00,483.25668036,483.804725999,483.25668036,483.356325022,7096.0
2022-08-22 15:00:00,483.077319969,483.460951916,482.618954525,483.027497638,8384.0
2022-08-22 15:15:00,482.91788851,484.312913774,482.91788851,483.979104157,12090.0
2022-08-22 15:30:00,484.113624451,484.392629503,483.361307255,483.38621842,12516.0
2022-08-22 15:45:00,483.196893563,483.734974736,482.300091607,482.300091607,23560.0
2022-08-22 16:00:00,482.280162675,482.907924044,482.021086555,482.78835045,68078.0
2022-08-22 16:15:00,482.469487532,482.469487532,482.469487532,482.469487532,74352.0
2022-08-23 09:45:00,481.124284599,483.565578811,478.971959906,481.542792178,38978.0
2022-08-23 10:00:00,481.841726164,481.991193156,479.390467486,481.766992667,20348.0
2022-08-23 10:15:00,481.542792178,482.758457051,480.127837982,481.286007885,9870.0
2022-08-23 10:30:00,482.021086555,482.021086555,480.297233907,481.542792178,34011.0
2022-08-23 10:45:00,482.021086555,483.046629413,480.994746539,481.896530728,14727.0
2022-08-23 11:00:00,481.672330239,482.509345397,480.566274494,480.566274494,9416.0
2022-08-23 11:15:00,480.591185659,480.591185659,478.971959906,479.599721275,12922.0
2022-08-23 11:30:00,479.988335456,480.685848088,479.539934478,479.539934478,15076.0
2022-08-23 11:45:00,479.619650207,480.342074005,478.922137575,480.018228854,21774.0
2022-08-23 12:00:00,479.843850696,481.074462268,479.731850097,479.838868463,10000.0
2022-08-23 12:15:00,479.998299922,480.267340509,479.520005546,479.779081666,23199.0
2022-08-23 12:30:00,479.634596907,479.928548659,477.96056659,478.224624944,11139.0
2022-08-23 12:45:00,478.015371154,479.679437004,478.015371154,479.679437004,5210.0
2022-08-23 13:00:00,479.828903997,480.675883622,479.828903997,480.675883622,6614.0
2022-08-23 13:15:00,480.805421682,481.092398308,480.57623896,480.984782073,8040.0
2022-08-23 13:30:00,481.059515569,481.861655096,480.287269441,480.645990223,11671.0
2022-08-23 13:45:00,480.825350614,481.876601795,480.815386148,481.85169063,4241.0
2022-08-23 14:00:00,481.652401306,481.652401306,480.556310028,480.924995276,9090.0
2022-08-23 14:15:00,480.506487697,481.483005381,480.287269441,480.775528283,7784.0
2022-08-23 14:30:00,480.775528283,481.453111983,480.416807501,481.30364499,4421.0
2022-08-23 14:45:00,481.323573923,483.077319969,481.10784323,483.027497638,8904.0
2022-08-23 15:00:00,483.037462104,483.037462104,481.313609457,482.369842871,10819.0
2022-08-23 15:15:00,482.519309863,483.59547221,482.468491086,482.718599187,10104.0
2022-08-23 15:30:00,483.002586472,483.615401142,482.91788851,483.455969683,10340.0
2022-08-23 15:45:00,483.625365608,483.894406195,482.4495586,483.027497638,17629.0
2022-08-23 16:00:00,482.887995112,482.937817442,481.064497802,481.273751592,45711.0
2022-08-23 16:15:00,481.164142464,481.164142464,481.164142464,481.164142464,4822.0
2022-08-23 17:00:00,482.130695683,482.130695683,482.130695683,482.130695683,332.0
2022-08-24 09:30:00,483.246715894,483.276609292,483.246715894,483.276609292,586.0
2022-08-24 09:45:00,483.475898616,486.106517685,483.273520308,485.070213203,18866.0
2022-08-24 10:00:00,486.046730888,486.983390708,483.416111819,486.255984677,34280.0
2022-08-24 10:15:00,486.231073512,488.174144415,486.231073512,487.00331964,46898.0
2022-08-24 10:30:00,486.912543353,487.242466828,485.563454278,485.563454278,9950.0
2022-08-24 10:45:00,485.638187775,485.638187775,483.057391036,484.611847759,11370.0
2022-08-24 11:00:00,484.083731052,484.631776691,483.316467157,483.446005217,10262.0
2022-08-24 11:15:00,483.411129586,484.083731052,482.858101713,484.083731052,11242.0
2022-08-24 11:30:00,483.934363704,485.518614181,483.525720946,485.518614181,19137.0
2022-08-24 11:45:00,485.93712176,486.72929682,485.827512632,486.206162346,15082.0
2022-08-24 12:00:00,486.485167399,486.614705459,485.688010106,485.877334963,13824.0
2022-08-24 12:15:00,486.246020211,486.265949143,485.797619233,486.06665982,16356.0
2022-08-24 12:30:00,486.265949143,486.515060798,485.986944091,486.29345107,6664.0
2022-08-24 12:45:00,485.957050692,486.026801955,483.216722851,483.216722851,11734.0
2022-08-24 13:00:00,483.082302202,483.605436676,482.907924044,483.455969683,3173.0
2022-08-24 13:15:00,483.605436676,484.382665037,483.455969683,484.143517849,6293.0
2022-08-24 13:30:00,484.462380767,484.771279218,483.406147352,483.406147352,11550.0
2022-08-24 13:45:00,483.844583864,484.771279218,483.640312307,484.243162511,13868.0
2022-08-24 14:00:00,484.158464548,485.239609128,483.98408639,484.706510188,11364.0
2022-08-24 14:15:00,484.875906113,486.19619788,484.875906113,485.40402282,18304.0
2022-08-24 14:30:00,485.747796903,486.415416136,485.458827384,486.265949143,12135.0
2022-08-24 14:45:00,486.34068264,486.415416136,485.428933985,485.942103993,12000.0
2022-08-24 15:00:00,486.166304482,486.415416136,485.379111654,486.380540504,15435.0
2022-08-24 15:15:00,486.604740993,487.362040422,486.136411083,487.312218091,12043.0
2022-08-24 15:30:00,487.262395761,487.431692041,486.475202933,486.564883129,34729.0
2022-08-24 15:45:00,486.554918662,487.302253625,486.40545167,487.1328577,21969.0
2022-08-24 16:00:00,487.182680031,488.55279413,487.117911001,487.152786633,115074.0
2022-08-24 16:15:00,487.152786633,487.152786633,487.152786633,487.152786633,5387.0
2022-08-25 09:45:00,487.252431294,490.23180668,485.050284271,485.947086226,18539.0
2022-08-25 10:00:00,486.853852648,488.535854537,486.006873023,487.621116543,8689.0
2022-08-25 10:15:00,488.737136754,489.693725506,486.535986177,487.17560526,10533.0
2022-08-25 10:30:00,486.983390708,488.846745882,486.983390708,488.836781416,8523.0
2022-08-25 10:45:00,488.996212874,489.584116378,486.993355174,487.102964302,12742.0
2022-08-25 11:00:00,487.564717664,487.564717664,486.046730888,486.759190219,11524.0
2022-08-25 11:15:00,486.594776527,487.08303537,486.166304482,486.594776527,6712.0
2022-08-25 11:30:00,486.236055745,486.754207986,485.59832991,486.604740993,5661.0
2022-08-25 11:45:00,486.246020211,486.953497309,486.246020211,486.953497309,6706.0
2022-08-25 12:00:00,487.252431294,487.651009941,486.036766422,486.141393316,13822.0
2022-08-25 12:15:00,486.315771474,486.315771474,485.608294376,485.712921271,3757.0
2022-08-25 12:30:00,485.967015158,487.112928768,485.797619233,486.734279054,8162.0
2022-08-25 12:45:00,486.554918662,487.192644497,486.166404126,486.684456723,4607.0
2022-08-25 13:00:00,486.734279054,487.242466828,486.549936429,486.833923715,5486.0
2022-08-25 13:15:00,486.877568077,487.421827219,486.843888181,487.282324693,6644.0
2022-08-25 13:30:00,487.421827219,488.607598694,487.381969355,487.930014994,7432.0
2022-08-25 13:45:00,487.910086062,488.667385491,487.784633433,488.667385491,10936.0
2022-08-25 14:00:00,488.35529841,488.799613957,488.288735776,488.547811897,4341.0
2022-08-25 14:15:00,488.413690182,488.727172288,487.93997946,488.458629924,7521.0
2022-08-25 14:30:00,488.27877131,489.255288995,488.27877131,489.235360062,6507.0
2022-08-25 14:45:00,489.245324529,489.255288995,488.667385491,488.809678068,7375.0
2022-08-25 15:00:00,488.76633264,489.016141807,488.597634227,488.687314423,6349.0
2022-08-25 15:15:00,488.846745882,489.199487984,488.707243355,488.856710348,9337.0
2022-08-25 15:30:00,488.931443844,490.401202604,488.611185901,490.271664544,19882.0
2022-08-25 15:45:00,490.411167071,491.327897958,489.713654439,491.208324364,27141.0
2022-08-25 16:00:00,491.248182229,492.842496816,491.248182229,492.812603418,66777.0
2022-08-25 16:15:00,492.722923222,492.722923222,492.722923222,492.722923222,7475.0
2022-08-25 17:15:00,491.487329417,491.487329417,491.487329417,491.487329417,285.0
2022-08-26 09:15:00,490.1183,490.1183,490.0832,490.0832,550.0
2022-08-26 09:45:00,493.37,495.48,491.77,494.89,22578.0
2022-08-26 10:00:00,495.52,496.75,494.15,494.45,10929.0
2022-08-26 10:15:00,493.56,493.56,490.44,492.07,19796.0
2022-08-26 10:30:00,493.57,493.77,490.0,490.37,11815.0
2022-08-26 10:45:00,490.88,492.265,489.63,492.265,18068.0
2022-08-26 11:00:00,492.685,493.995,491.87,492.7,13726.0
2022-08-26 11:15:00,492.652,492.88,490.17,490.18,12352.0
2022-08-26 11:30:00,490.4,490.96,489.5637,489.92,14437.0
2022-08-26 11:45:00,489.78,491.61,489.78,491.34,6476.0
2022-08-26 12:00:00,491.66,491.81,491.03,491.17,6433.0
2022-08-26 12:15:00,491.03,491.38,490.49,490.84,12296.0
2022-08-26 12:30:00,490.88,491.31,490.5,490.6,6885.0
2022-08-26 12:45:00,490.91,490.98,489.8862,490.6,9533.0
2022-08-26 13:00:00,490.46,491.15,490.46,491.01,7860.0
2022-08-26 13:15:00,490.58,491.355,490.34,490.65,5071.0
2022-08-26 13:30:00,490.4,490.8,489.94,490.675,6380.0
2022-08-26 13:45:00,490.52,490.52,489.0,489.355,7827.0
2022-08-26 14:00:00,489.295,489.66,489.128,489.59,8102.0
2022-08-26 14:15:00,489.43,489.73,488.97,488.97,6242.0
2022-08-26 14:30:00,489.19,489.28,488.29,488.69,9774.0
2022-08-26 14:45:00,488.67,488.9,487.98,488.11,12504.0
2022-08-26 15:00:00,487.88,487.88,486.08,486.08,9805.0
2022-08-26 15:15:00,486.28,486.59,485.57,486.01,12510.0
2022-08-26 15:30:00,486.0,486.66,485.91,486.5425,9528.0
2022-08-26 15:45:00,486.54,486.99,485.71,485.97,26268.0
2022-08-26 16:00:00,486.29,486.5,484.705,485.14,79493.0
2022-08-26 16:15:00,485.13,485.13,485.13,485.13,8980.0
2022-08-29 09:30:00,480.27,480.27,480.27,480.27,348.0
2022-08-29 09:45:00,480.05,483.52,479.15,479.94,28799.0
2022-08-29 10:00:00,478.955,481.0811,477.1,480.175,15091.0
2022-08-29 10:15:00,480.2,481.84,477.32,481.41,34171.0
2022-08-29 10:30:00,481.705,482.19,481.59,481.7635,5754.0
2022-08-29 10:45:00,481.78,481.84,478.2,479.63,24411.0
2022-08-29 11:00:00,479.63,479.71,478.2488,478.2488,9069.0
2022-08-29 11:15:00,478.23,482.0,478.23,482.0,14931.0
2022-08-29 11:30:00,481.63,483.19,481.63,482.34,8228.0
2022-08-29 11:45:00,482.2899,484.47,482.2899,483.21,14904.0
2022-08-29 12:00:00,483.14,485.13,483.02,485.13,11062.0
2022-08-29 12:15:00,485.245,486.27,485.24,485.67,8506.0
2022-08-29 12:30:00,486.21,486.4,485.42,486.12,5077.0
2022-08-29 12:45:00,485.9747,486.47,485.7,486.22,3804.0
2022-08-29 13:00:00,486.44,487.04,486.26,486.26,3377.0
2022-08-29 13:15:00,486.41,486.41,484.15,484.49,17630.0
2022-08-29 13:30:00,484.2443,485.3464,484.21,485.26,5160.0
2022-08-29 13:45:00,485.26,487.16,485.26,487.16,6501.0
2022-08-29 14:00:00,487.13,488.685,487.06,488.05,26196.0
2022-08-29 14:15:00,488.21,488.65,487.65,487.74,23046.0
2022-08-29 14:30:00,487.79,488.11,487.27,488.11,23120.0
2022-08-29 14:45:00,487.9168,489.09,487.9168,488.89,10824.0
2022-08-29 15:00:00,488.73,489.15,487.655,488.5,26100.0
2022-08-29 15:15:00,488.6,489.17,488.2661,488.54,10622.0
2022-08-29 15:30:00,488.44,488.71,486.85,486.85,9390.0
2022-08-29 15:45:00,487.015,487.57,486.84,486.93,13870.0
2022-08-29 16:00:00,486.76,487.22,485.79,485.81,62261.0
2022-08-29 16:15:00,485.81,487.0,485.81,486.0,4759.0
2022-08-29 16:30:00,486.0,486.0,486.0,486.0,398.0
2022-08-30 09:15:00,487.17,487.17,487.17,487.17,311.0
2022-08-30 09:45:00,486.6,486.75,485.05,486.25,18408.0
2022-08-30 10:00:00,486.14,486.31,485.155,485.73,16843.0
2022-08-30 10:15:00,485.49,486.29,483.08,483.08,12689.0
2022-08-30 10:30:00,483.24,485.0,483.22,484.52,28288.0
2022-08-30 10:45:00,484.48,484.48,481.22,481.82,14318.0
2022-08-30 11:00:00,481.71,481.715,479.59,480.56,19500.0
2022-08-30 11:15:00,480.8899,482.36,480.77,481.5996,15877.0
2022-08-30 11:30:00,481.635,483.6466,481.13,483.02,17367.0
2022-08-30 11:45:00,482.75,482.9399,481.725,481.74,13229.0
2022-08-30 12:00:00,481.52,482.755,481.38,482.68,12480.0
2022-08-30 12:15:00,482.51,483.21,481.885,481.885,7291.0
2022-08-30 12:30:00,482.15,482.87,480.97,481.47,9882.0
2022-08-30 12:45:00,481.445,481.73,480.78,481.49,9411.0
2022-08-30 13:00:00,481.175,482.33,480.86,482.04,11354.0
2022-08-30 13:15:00,482.24,483.4,481.51,481.51,11335.0
2022-08-30 13:30:00,481.34,481.69,480.892,481.09,9474.0
2022-08-30 13:45:00,481.0,481.59,478.64,478.78,22596.0
2022-08-30 14:00:00,478.95,480.99,478.94,480.65,16786.0
2022-08-30 14:15:00,480.7223,480.98,479.71,480.34,15012.0
2022-08-30 14:30:00,480.5,481.015,479.31,479.31,13107.0
2022-08-30 14:45:00,479.44,480.335,479.38,479.38,7545.0
2022-08-30 15:00:00,478.85,479.63,478.85,479.24,19346.0
2022-08-30 15:15:00,479.59,481.285,479.15,480.9,12983.0
2022-08-30 15:30:00,480.89,481.445,480.47,480.875,16003.0
2022-08-30 15:45:00,480.965,481.07,479.71,480.62,27020.0
2022-08-30 16:00:00,480.53,481.46,479.14,481.07,93872.0
2022-08-30 16:15:00,480.93,480.93,480.93,480.93,10090.0
2022-08-31 09:45:00,481.13,482.59,478.86,481.06,33619.0
2022-08-31 10:00:00,480.82,481.39,479.09,479.18,12296.0
2022-08-31 10:15:00,479.23,480.473,478.75,479.305,26689.0
2022-08-31 10:30:00,478.98,479.355,476.9814,477.65,20317.0
2022-08-31 10:45:00,477.79,478.81,477.31,478.81,15449.0
2022-08-31 11:00:00,479.615,479.8,479.03,479.03,24634.0
2022-08-31 11:15:00,479.215,479.42,477.9001,478.43,15646.0
2022-08-31 11:30:00,478.58,479.82,477.98,478.9,25080.0
2022-08-31 11:45:00,479.11,480.2,478.72,479.96,11038.0
2022-08-31 12:00:00,479.97,480.145,479.34,480.0,6697.0
2022-08-31 12:15:00,479.85,479.95,478.92,479.09,8196.0
2022-08-31 12:30:00,479.985,480.01,479.25,479.37,5858.0
2022-08-31 12:45:00,479.65,479.743,478.685,479.0,4315.0
2022-08-31 13:00:00,479.36,479.75,479.16,479.54,11285.0
2022-08-31 13:15:00,479.75,480.47,479.75,480.2,17249.0
2022-08-31 13:30:00,480.36,480.53,479.74,480.085,11911.0
2022-08-31 13:45:00,480.125,480.125,479.14,479.42,11744.0
2022-08-31 14:00:00,479.47,480.43,478.99,479.995,25883.0
2022-08-31 14:15:00,479.91,480.41,479.07,480.1,17087.0
2022-08-31 14:30:00,480.21,480.2725,478.08,478.17,17742.0
2022-08-31 14:45:00,478.17,478.28,477.235,477.345,15387.0
2022-08-31 15:00:00,477.22,477.99,476.9693,477.775,15156.0
2022-08-31 15:15:00,477.765,479.31,477.6,479.24,23942.0
2022-08-31 15:30:00,479.45,479.81,478.755,478.755,26976.0
2022-08-31 15:45:00,478.75,479.74,478.01,479.58,38480.0
2022-08-31 16:00:00,479.575,480.22,477.71,477.99,104839.0
2022-08-31 16:15:00,477.99,477.99,477.99,477.99,69381.0
2022-08-31 18:30:00,478.0,478.0,478.0,478.0,981.0
2022-09-01 09:45:00,475.96,478.78,475.0,477.9,28052.0
2022-09-01 10:00:00,479.18,479.92,478.215,478.425,23620.0
2022-09-01 10:15:00,478.65,478.99,477.65,477.65,11593.0
2022-09-01 10:30:00,477.05,478.24,476.42,477.85,11596.0
2022-09-01 10:45:00,478.0547,479.23,477.0,477.01,10864.0
2022-09-01 11:00:00,476.83,477.63,476.16,477.63,9398.0
2022-09-01 11:15:00,477.665,479.3034,477.17,478.95,14352.0
2022-09-01 11:30:00,479.16,480.0686,478.77,478.77,11003.0
2022-09-01 11:45:00,479.03,480.55,478.88,478.9,12535.0
2022-09-01 12:00:00,478.445,479.01,477.816,478.94,16598.0
2022-09-01 12:15:00,478.915,479.17,478.23,479.17,33863.0
2022-09-01 12:30:00,479.41,479.67,478.37,478.66,13482.0
2022-09-01 12:45:00,478.415,479.22,478.365,479.0,14108.0
2022-09-01 13:00:00,478.85,479.0,477.25,477.25,20376.0
2022-09-01 13:15:00,477.02,479.06,477.02,479.06,12704.0
2022-09-01 13:30:00,479.17,481.01,479.17,480.88,5421.0
2022-09-01 13:45:00,480.92,481.16,480.25,480.25,6734.0
2022-09-01 14:00:00,480.07,480.2968,479.63,479.75,15949.0
2022-09-01 14:15:00,479.89,479.9,478.5,478.73,9218.0
2022-09-01 14:30:00,479.258,481.31,479.23,481.02,34414.0
2022-09-01 14:45:00,481.0,481.44,479.94,480.0,18254.0
2022-09-01 15:00:00,479.9999,480.58,479.42,479.89,13172.0
2022-09-01 15:15:00,479.92,480.27,479.8,479.92,12669.0
2022-09-01 15:30:00,479.62,480.0,478.15,478.34,38772.0
2022-09-01 15:45:00,478.3,478.96,478.04,478.93,27734.0
2022-09-01 16:00:00,478.92,480.6,478.09,480.31,57836.0
2022-09-01 16:15:00,480.32,480.32,480.32,480.32,17840.0
2022-09-01 18:00:00,480.0,480.0,480.0,480.0,100.0
2022-09-01 18:45:00,480.32,480.32,480.32,480.32,100.0
2022-09-02 09:45:00,483.99,483.99,481.0,482.31,21701.0
2022-09-02 10:00:00,482.485,482.97,481.88,482.56,10641.0
2022-09-02 10:15:00,482.57,484.44,482.56,484.44,14193.0
2022-09-02 10:30:00,484.98,485.37,484.1,485.37,8235.0
2022-09-02 10:45:00,484.37,485.3383,484.37,484.9499,11740.0
2022-09-02 11:00:00,484.59,484.66,483.415,484.09,9308.0
2022-09-02 11:15:00,484.0076,485.0732,483.865,484.415,10293.0
2022-09-02 11:30:00,484.56,484.73,484.035,484.285,9119.0
2022-09-02 11:45:00,484.275,484.53,483.17,483.27,10622.0
2022-09-02 12:00:00,483.39,483.97,483.37,483.84,5031.0
2022-09-02 12:15:00,483.66,484.28,483.4501,483.88,9386.0
2022-09-02 12:30:00,483.86,483.86,482.62,483.555,14756.0
2022-09-02 12:45:00,483.35,483.5208,481.87,483.21,9891.0
2022-09-02 13:00:00,482.56,482.72,481.44,481.83,12134.0
2022-09-02 13:15:00,481.91,481.91,479.79,479.96,19860.0
2022-09-02 13:30:00,479.99,480.62,478.038,478.135,29666.0
2022-09-02 13:45:00,477.92,479.235,477.91,478.95,17552.0
2022-09-02 14:00:00,479.05,479.2699,477.0,477.0,13439.0
2022-09-02 14:15:00,477.73,478.53,477.57,478.33,10381.0
2022-09-02 14:30:00,478.2196,479.18,478.1,478.655,10981.0
2022-09-02 14:45:00,478.625,479.46,478.51,479.1429,10894.0
2022-09-02 15:00:00,479.17,479.35,478.07,478.31,10719.0
2022-09-02 15:15:00,478.335,479.205,478.335,478.72,9880.0
2022-09-02 15:30:00,478.73,478.84,477.25,477.65,18865.0
2022-09-02 15:45:00,477.5,477.5,474.74,474.98,23699.0
2022-09-02 16:00:00,475.1,476.97,475.09,476.73,86242.0
2022-09-02 16:15:00,476.95,476.95,476.95,476.95,8997.0
2022-09-06 09:45:00,476.8,479.13,476.72,478.25,20231.0
2022-09-06 10:00:00,478.655,480.52,478.2,480.22,14846.0
2022-09-06 10:15:00,480.36,480.66,478.72,480.5,17871.0
2022-09-06 10:30:00,480.31,480.49,479.06,479.91,18980.0
2022-09-06 10:45:00,479.91,480.0525,478.0,480.0,21504.0
2022-09-06 11:00:00,480.0,482.98,479.32,482.51,35621.0
2022-09-06 11:15:00,482.34,484.19,482.22,483.55,14881.0
2022-09-06 11:30:00,483.935,483.935,481.9316,482.58,13891.0
2022-09-06 11:45:00,482.48,482.92,481.765,482.43,11278.0
2022-09-06 12:00:00,482.28,483.48,482.28,483.02,7795.0
2022-09-06 12:15:00,482.89,482.89,481.28,482.05,11570.0
2022-09-06 12:30:00,482.32,482.4,481.12,482.07,21752.0
2022-09-06 12:45:00,482.09,482.55,481.58,482.4923,8052.0
2022-09-06 13:00:00,482.74,483.09,482.38,482.89,12393.0
2022-09-06 13:15:00,482.9131,482.9131,480.07,480.28,9673.0
2022-09-06 13:30:00,480.2,480.37,479.2037,479.875,5665.0
2022-09-06 13:45:00,479.795,480.3,479.0736,479.49,15001.0
2022-09-06 14:00:00,480.0,481.095,479.75,481.095,17498.0
2022-09-06 14:15:00,481.26,481.26,480.42,480.89,9141.0
2022-09-06 14:30:00,481.14,481.175,479.675,480.13,12453.0
2022-09-06 14:45:00,480.1,480.38,479.08,479.39,13408.0
2022-09-06 15:00:00,479.2223,479.23,477.94,478.55,17875.0
2022-09-06 15:15:00,478.8,480.46,478.71,480.46,13443.0
2022-09-06 15:30:00,480.15,480.63,479.24,479.815,13804.0
2022-09-06 15:45:00,479.69,479.69,478.28,479.19,35222.0
2022-09-06 16:00:00,479.14,480.0,478.12,479.58,90022.0
2022-09-06 16:15:00,479.74,479.74,479.74,479.74,3358.0
2022-09-06 19:30:00,479.9,479.9,479.9,479.9,348.0
2022-09-07 09:45:00,477.8,479.16,475.97,478.84,22869.0
2022-09-07 10:00:00,479.09,479.364,477.46,478.145,16670.0
2022-09-07 10:15:00,477.84,479.18,477.09,477.75,20014.0
2022-09-07 10:30:00,477.66,479.27,477.31,479.095,9893.0
2022-09-07 10:45:00,479.335,481.39,479.23,480.81,24226.0
2022-09-07 11:00:00,481.19,482.22,480.87,481.89,12099.0
2022-09-07 11:15:00,481.74,482.195,480.09,481.82,21112.0
2022-09-07 11:30:00,482.31,482.6,481.48,482.15,10022.0
2022-09-07 11:45:00,482.23,483.58,482.12,482.89,13592.0
2022-09-07 12:00:00,482.32,482.6,481.93,482.27,9806.0
2022-09-07 12:15:00,482.36,483.1058,482.36,482.78,12226.0
2022-09-07 12:30:00,482.57,482.92,481.9,482.51,8714.0
2022-09-07 12:45:00,482.75,484.0,482.0975,483.81,11225.0
2022-09-07 13:00:00,484.61,484.69,483.96,484.32,7332.0
2022-09-07 13:15:00,484.53,485.03,484.34,484.93,8290.0
2022-09-07 13:30:00,484.7,485.24,483.9,483.9,3755.0
2022-09-07 13:45:00,484.51,485.94,484.175,485.94,10814.0
2022-09-07 14:00:00,485.96,486.04,485.07,485.17,11697.0
2022-09-07 14:15:00,485.33,487.02,485.33,486.71,11701.0
2022-09-07 14:30:00,486.72,486.72,484.74,485.25,9954.0
2022-09-07 14:45:00,485.69,485.9275,485.01,485.036,12517.0
2022-09-07 15:00:00,485.12,485.99,484.88,485.68,10244.0
2022-09-07 15:15:00,485.68,486.04,484.97,485.67,16507.0
2022-09-07 15:30:00,485.72,487.65,485.7005,487.38,25041.0
2022-09-07 15:45:00,487.2,487.59,486.46,487.105,30611.0
2022-09-07 16:00:00,487.09,488.22,486.74,487.8,96271.0
2022-09-07 16:15:00,487.78,487.78,487.78,487.78,4114.0
2022-09-08 09:45:00,487.07,487.5599,485.0,487.18,11090.0
2022-09-08 10:00:00,487.32,487.76,485.15,486.91,11211.0
2022-09-08 10:15:00,486.86,486.86,483.48,483.8,15876.0
2022-09-08 10:30:00,483.91,484.85,483.5,484.85,6677.0
2022-09-08 10:45:00,484.81,486.8054,484.81,486.67,9487.0
2022-09-08 11:00:00,486.37,487.23,486.25,487.07,5450.0
2022-09-08 11:15:00,486.6,487.825,486.44,487.825,12029.0
2022-09-08 11:30:00,487.47,487.47,486.39,486.76,5131.0
2022-09-08 11:45:00,487.09,487.565,484.97,485.72,13881.0
2022-09-08 12:00:00,485.875,485.92,484.61,485.02,6133.0
2022-09-08 12:15:00,484.88,485.21,481.3032,481.87,8722.0
2022-09-08 12:30:00,481.99,482.67,481.99,482.51,5012.0
2022-09-08 12:45:00,482.51,483.14,482.26,483.14,8088.0
2022-09-08 13:00:00,483.44,485.36,483.44,485.36,8985.0
2022-09-08 13:15:00,484.825,486.27,484.715,486.23,10855.0
2022-09-08 13:30:00,486.03,487.12,485.765,486.785,4650.0
2022-09-08 13:45:00,486.78,487.81,486.54,487.58,14323.0
2022-09-08 14:00:00,487.74,487.88,486.27,486.78,9642.0
2022-09-08 14:15:00,487.285,488.82,486.76,488.54,21212.0
2022-09-08 14:30:00,488.22,489.16,487.72,489.11,20931.0
2022-09-08 14:45:00,488.92,489.81,487.62,488.28,100360.0
2022-09-08 15:00:00,488.08,488.72,487.341,487.7931,20034.0
2022-09-08 15:15:00,487.91,488.43,487.21,487.9,21228.0
2022-09-08 15:30:00,487.95,488.47,487.59,487.59,24345.0
2022-09-08 15:45:00,487.78,488.65,486.78,486.85,27537.0
2022-09-08 16:00:00,486.84,489.82,486.77,489.74,85013.0
2022-09-08 16:15:00,489.73,489.73,489.73,489.73,9295.0
2022-09-08 17:30:00,489.5057,489.5057,489.5057,489.5057,105.0
2022-09-09 09:45:00,489.47,490.81,486.27,490.2,50041.0
2022-09-09 10:00:00,490.1375,491.0,488.6788,491.0,37765.0
2022-09-09 10:15:00,491.55,493.2,491.24,491.94,17627.0
2022-09-09 10:30:00,491.9,492.59,491.2,492.39,20503.0
2022-09-09 10:45:00,492.59,494.83,492.59,494.79,23555.0
2022-09-09 11:00:00,494.79,494.87,494.06,494.74,24568.0
2022-09-09 11:15:00,494.7,495.38,493.98,494.09,18052.0
2022-09-09 11:30:00,494.17,494.42,492.8179,492.8179,11548.0
2022-09-09 11:45:00,492.73,492.73,491.61,492.0,17084.0
2022-09-09 12:00:00,492.085,492.085,490.995,491.09,14171.0
2022-09-09 12:15:00,491.185,491.41,490.5,491.41,17616.0
2022-09-09 12:30:00,491.09,491.28,490.65,491.045,10307.0
2022-09-09 12:45:00,491.065,491.9925,490.6448,491.58,10134.0
2022-09-09 13:00:00,491.615,491.74,491.04,491.74,12893.0
2022-09-09 13:15:00,491.79,491.905,491.19,491.47,12058.0
2022-09-09 13:30:00,491.47,492.56,491.47,492.56,12809.0
2022-09-09 13:45:00,492.61,493.07,492.41,492.61,8303.0
2022-09-09 14:00:00,492.32,493.19,492.2475,493.19,8454.0
2022-09-09 14:15:00,493.29,493.29,492.41,493.08,12050.0
2022-09-09 14:30:00,493.2,493.85,492.81,493.85,15250.0
2022-09-09 14:45:00,493.925,494.635,493.92,494.24,11919.0
2022-09-09 15:00:00,494.45,494.55,494.05,494.335,10773.0
2022-09-09 15:15:00,494.35,494.47,493.7925,494.26,12939.0
2022-09-09 15:30:00,494.08,494.25,493.56,494.07,14549.0
2022-09-09 15:45:00,493.72,493.875,492.57,493.78,23380.0
2022-09-09 16:00:00,493.78,493.83,491.1,491.42,123549.0
2022-09-09 16:15:00,491.41,491.41,491.41,491.41,8239.0
2022-09-12 09:45:00,491.05,491.11,487.9351,488.22,31909.0
2022-09-12 10:00:00,488.47,488.665,486.6801,487.69,44212.0
2022-09-12 10:15:00,488.0,489.11,486.99,488.76,34172.0
2022-09-12 10:30:00,488.775,489.0,487.7,488.53,29175.0
2022-09-12 10:45:00,488.51,488.68,487.41,488.23,19384.0
2022-09-12 11:00:00,487.95,487.95,485.79,486.33,47562.0
2022-09-12 11:15:00,486.33,486.44,485.195,485.195,23286.0
2022-09-12 11:30:00,484.585,485.8162,484.23,485.225,45645.0
2022-09-12 11:45:00,485.53,485.94,484.95,485.56,22743.0
2022-09-12 12:00:00,485.39,485.39,482.69,483.55,21584.0
2022-09-12 12:15:00,483.6,483.87,482.47,483.87,20028.0
2022-09-12 12:30:00,483.71,484.3402,483.13,484.27,14067.0
2022-09-12 12:45:00,484.2,485.3,484.09,485.26,10231.0
2022-09-12 13:00:00,485.08,485.484,484.51,484.98,16072.0
2022-09-12 13:15:00,485.17,485.6,484.31,485.345,20443.0
2022-09-12 13:30:00,485.1,485.28,484.09,484.695,18477.0
2022-09-12 13:45:00,484.59,485.1815,484.14,484.27,14269.0
2022-09-12 14:00:00,484.26,485.88,484.16,485.6,17205.0
2022-09-12 14:15:00,485.525,485.53,484.7,484.895,10310.0
2022-09-12 14:30:00,484.88,485.05,483.8,485.03,26572.0
2022-09-12 14:45:00,485.01,485.99,484.79,485.47,25653.0
2022-09-12 15:00:00,485.215,485.29,484.2025,484.415,17397.0
2022-09-12 15:15:00,484.38,484.7,483.07,483.83,25088.0
2022-09-12 15:30:00,483.66,483.66,482.04,482.04,24191.0
2022-09-12 15:45:00,482.095,482.8,481.455,482.8,34035.0
2022-09-12 16:00:00,482.77,483.93,481.6,482.39,154030.0
2022-09-12 16:15:00,482.3,482.3,482.3,482.3,8391.0
2022-09-12 17:15:00,483.0,483.0,483.0,483.0,300.0
2022-09-12 20:00:00,483.0,483.51,483.0,483.51,1000.0
2022-09-13 08:45:00,482.0,482.0,482.0,482.0,280.0
2022-09-13 09:45:00,479.57,487.395,479.09,485.28,49608.0
2022-09-13 10:00:00,485.23,485.23,483.62,485.0,24191.0
2022-09-13 10:15:00,484.85,485.0,483.14,483.78,71582.0
2022-09-13 10:30:00,483.8,485.49,483.745,485.04,9721.0
2022-09-13 10:45:00,485.55,485.59,484.14,484.56,11716.0
2022-09-13 11:00:00,484.81,485.225,481.7368,481.87,25183.0
2022-09-13 11:15:00,481.56,482.1,479.825,480.87,18660.0
2022-09-13 11:30:00,480.81,481.77,480.0,480.04,9983.0
2022-09-13 11:45:00,480.0,480.08,478.42,479.2,12957.0
2022-09-13 12:00:00,479.19,479.59,477.18,477.83,23430.0
2022-09-13 12:15:00,477.02,477.71,476.61,477.45,15228.0
2022-09-13 12:30:00,477.56,477.72,475.87,476.55,13032.0
2022-09-13 12:45:00,476.31,476.97,476.29,476.34,9442.0
2022-09-13 13:00:00,476.36,477.82,476.0,477.18,10499.0
2022-09-13 13:15:00,476.735,477.08,476.345,476.58,6731.0
2022-09-13 13:30:00,476.19,476.7,475.3728,475.945,5409.0
2022-09-13 13:45:00,476.12,476.28,474.1701,475.32,14579.0
2022-09-13 14:00:00,475.425,475.425,474.57,474.57,9545.0
2022-09-13 14:15:00,474.14,474.14,472.08,472.475,10209.0
2022-09-13 14:30:00,472.25,472.4,470.85,471.235,20697.0
2022-09-13 14:45:00,471.15,471.31,470.31,470.51,14833.0
2022-09-13 15:00:00,470.64,470.65,469.49,469.91,20692.0
2022-09-13 15:15:00,470.05,471.08,469.57,470.19,29072.0
2022-09-13 15:30:00,470.18,470.398,468.9104,469.32,34622.0
2022-09-13 15:45:00,469.085,469.085,466.4,467.15,64914.0
2022-09-13 16:00:00,467.08,470.16,465.25,468.86,176238.0
2022-09-13 16:15:00,468.93,468.93,468.93,468.93,37213.0
2022-09-13 16:30:00,468.93,468.93,468.0,468.0,722.0
2022-09-13 17:00:00,470.73,470.73,470.73,470.73,100.0
2022-09-14 08:15:00,469.2,469.2,469.2,469.2,100.0
2022-09-14 09:30:00,471.39,471.39,471.39,471.39,348.0
2022-09-14 09:45:00,472.81,474.2,471.8466,473.64,36868.0
2022-09-14 10:00:00,473.5,477.32,473.01,476.89,36219.0
2022-09-14 10:15:00,476.805,476.8225,473.88,474.24,23771.0
2022-09-14 10:30:00,474.51,475.39,473.72,473.83,24432.0
2022-09-14 10:45:00,473.78,477.55,473.17,477.18,28830.0
2022-09-14 11:00:00,477.12,478.39,476.195,478.16,17958.0
2022-09-14 11:15:00,477.99,478.99,476.225,476.51,41643.0
2022-09-14 11:30:00,476.25,476.83,475.26,475.42,54613.0
2022-09-14 11:45:00,475.21,475.5,474.0,475.09,21849.0
2022-09-14 12:00:00,474.96,476.22,474.85,475.985,27038.0
2022-09-14 12:15:00,476.18,478.12,476.18,477.73,21286.0
2022-09-14 12:30:00,478.0,479.21,477.86,479.17,19355.0
2022-09-14 12:45:00,479.33,480.53,478.89,480.2,18788.0
2022-09-14 13:00:00,480.0,481.67,479.85,480.675,20386.0
2022-09-14 13:15:00,480.82,482.65,480.42,482.41,23428.0
2022-09-14 13:30:00,482.25,484.73,482.25,484.6944,31272.0
2022-09-14 13:45:00,484.48,484.76,483.21,483.88,30429.0
2022-09-14 14:00:00,484.155,484.16,481.61,482.12,31168.0
2022-09-14 14:15:00,482.085,482.15,480.18,480.745,25634.0
2022-09-14 14:30:00,480.79,482.0,480.3169,481.74,20326.0
2022-09-14 14:45:00,481.9,483.0,481.9,482.745,51809.0
2022-09-14 15:00:00,482.805,483.98,482.285,483.5,88656.0
2022-09-14 15:15:00,483.45,484.13,483.105,483.47,43455.0
2022-09-14 15:30:00,483.37,483.57,480.86,481.45,81773.0
2022-09-14 15:45:00,481.25,482.43,480.2767,482.1,48319.0
2022-09-14 16:00:00,482.06,485.2,481.91,484.99,156066.0
2022-09-14 16:15:00,484.88,484.88,484.88,484.88,8730.0
2022-09-15 09:45:00,482.73,483.435,478.54,480.36,20532.0
2022-09-15 10:00:00,479.75,485.23,479.5,485.23,27361.0
2022-09-15 10:15:00,485.17,486.27,483.395,483.52,27357.0
2022-09-15 10:30:00,483.8,483.8,482.18,482.88,15672.0
2022-09-15 10:45:00,482.55,482.86,481.47,481.99,13859.0
2022-09-15 11:00:00,481.9,483.4,481.26,482.98,22166.0
2022-09-15 11:15:00,482.5201,485.12,482.4,482.9706,13819.0
2022-09-15 11:30:00,482.97,485.79,482.97,484.97,9751.0
2022-09-15 11:45:00,484.3343,484.3343,483.56,483.8075,7610.0
2022-09-15 12:00:00,483.55,483.73,482.05,482.05,10056.0
2022-09-15 12:15:00,481.97,482.77,481.69,482.7,21787.0
2022-09-15 12:30:00,482.7,483.41,482.26,482.34,8734.0
2022-09-15 12:45:00,482.45,485.52,482.4,484.91,21666.0
2022-09-15 13:00:00,484.685,486.14,484.67,485.85,28825.0
2022-09-15 13:15:00,486.04,487.76,486.04,486.19,19756.0
2022-09-15 13:30:00,486.26,487.5,486.105,487.075,13294.0
2022-09-15 13:45:00,487.045,487.045,486.47,486.57,93434.0
2022-09-15 14:00:00,486.44,486.44,485.115,485.115,10823.0
2022-09-15 14:15:00,484.875,484.875,483.33,483.785,12616.0
2022-09-15 14:30:00,483.77,485.02,483.77,485.02,11218.0
2022-09-15 14:45:00,485.01,485.355,484.32,484.36,11475.0
2022-09-15 15:00:00,484.55,484.745,483.44,483.925,15596.0
2022-09-15 15:15:00,483.915,483.915,482.84,483.23,17699.0
2022-09-15 15:30:00,483.275,484.44,482.62,483.87,35128.0
2022-09-15 15:45:00,483.66,484.56,483.3,484.27,34082.0
2022-09-15 16:00:00,484.3,486.22,484.2,484.91,118246.0
2022-09-15 16:15:00,485.08,485.08,485.08,485.08,18476.0
2022-09-15 17:30:00,485.08,485.08,485.08,485.08,351.0
2022-09-15 17:45:00,485.08,485.08,485.08,485.08,1000.0
2022-09-15 19:00:00,483.89,484.0,483.89,484.0,411.0
2022-09-16 09:45:00,483.36,484.68,481.63,483.92,194834.0
2022-09-16 10:00:00,484.11,485.85,482.7087,482.7087,25511.0
2022-09-16 10:15:00,483.7,487.83,483.7,487.56,22186.0
2022-09-16 10:30:00,487.28,487.7,486.1376,486.66,22360.0
2022-09-16 10:45:00,485.8563,486.25,484.81,485.69,12857.0
2022-09-16 11:00:00,485.56,485.63,483.085,483.83,16242.0
2022-09-16 11:15:00,483.99,485.885,483.89,485.725,20815.0
2022-09-16 11:30:00,485.715,486.36,485.04,485.895,14349.0
2022-09-16 11:45:00,485.895,486.95,485.64,486.81,21083.0
2022-09-16 12:00:00,486.71,486.9631,486.025,486.145,11644.0
2022-09-16 12:15:00,486.4,487.849,485.0,485.0,14035.0
2022-09-16 12:30:00,484.8,484.8,483.28,483.57,14301.0
2022-09-16 12:45:00,483.18,483.82,482.72,483.48,19512.0
2022-09-16 13:00:00,483.42,484.66,483.4,483.905,17347.0
2022-09-16 13:15:00,483.905,484.23,483.54,483.54,10592.0
2022-09-16 13:30:00,483.5,484.0768,482.85,482.93,12463.0
2022-09-16 13:45:00,483.02,483.9,482.78,482.95,16909.0
2022-09-16 14:00:00,482.9325,483.07,481.68,482.68,24963.0
2022-09-16 14:15:00,482.67,482.67,480.3,480.985,30838.0
2022-09-16 14:30:00,480.83,483.32,480.7,482.95,25444.0
2022-09-16 14:45:00,482.785,483.88,482.395,483.88,22333.0
2022-09-16 15:00:00,483.785,484.62,483.6,483.68,17187.0
2022-09-16 15:15:00,483.75,485.24,483.61,483.61,15867.0
2022-09-16 15:30:00,483.34,484.74,482.898,484.21,23340.0
2022-09-16 15:45:00,483.97,485.99,483.52,485.61,26768.0
2022-09-16 16:00:00,485.53,486.75,484.85,485.08,127106.0
2022-09-16 16:15:00,485.2,485.2,485.2,485.2,58062.0
2022-09-16 16:30:00,485.2,485.2,485.2,485.2,1271.0
2022-09-16 17:15:00,486.95,486.95,486.95,486.95,150.0
2022-09-19 06:30:00,479.0,479.0,479.0,479.0,375.0
2022-09-19 09:15:00,479.35,479.35,479.2,479.2,300.0
2022-09-19 09:45:00,483.19,486.505,482.025,486.505,33567.0
2022-09-19 10:00:00,486.67,489.63,485.15,485.15,35407.0
2022-09-19 10:15:00,485.49,489.49,484.81,489.005,23405.0
2022-09-19 10:30:00,489.34,492.57,488.88,492.35,30262.0
2022-09-19 10:45:00,492.51,492.51,490.39,491.38,24994.0
2022-09-19 11:00:00,491.46,491.6886,488.9488,490.0,28160.0
2022-09-19 11:15:00,489.6431,490.83,489.28,490.11,13543.0
2022-09-19 11:30:00,489.77,490.42,488.1,488.1,14849.0
2022-09-19 11:45:00,488.38,489.68,488.1,488.465,15635.0
2022-09-19 12:00:00,488.68,489.3954,487.82,487.97,24085.0
2022-09-19 12:15:00,488.29,488.445,486.28,486.2868,17119.0
2022-09-19 12:30:00,486.43,487.1359,486.07,486.08,14743.0
2022-09-19 12:45:00,485.95,487.51,485.84,487.46,24105.0
2022-09-19 13:00:00,487.25,487.59,486.315,486.565,11906.0
2022-09-19 13:15:00,486.7575,486.86,485.73,486.0141,13189.0
2022-09-19 13:30:00,485.975,486.135,485.23,485.85,19782.0
2022-09-19 13:45:00,485.64,486.14,484.035,485.09,30974.0
2022-09-19 14:00:00,485.35,485.56,484.53,485.19,22467.0
2022-09-19 14:15:00,485.17,485.48,483.84,483.98,28502.0
2022-09-19 14:30:00,483.88,483.97,482.9256,482.9256,20381.0
2022-09-19 14:45:00,483.2,483.38,481.05,481.82,39830.0
2022-09-19 15:00:00,481.705,482.18,481.365,482.18,36211.0
2022-09-19 15:15:00,482.28,485.891,482.28,485.6575,46571.0
2022-09-19 15:30:00,485.81,487.87,485.465,487.25,53234.0
2022-09-19 15:45:00,487.34,489.56,487.34,488.795,48618.0
2022-09-19 16:00:00,489.14,489.3249,487.5,487.9,74317.0
2022-09-19 16:15:00,488.07,488.07,488.07,488.07,7603.0
2022-09-19 17:15:00,488.07,488.07,488.07,488.07,535.0
2022-09-19 18:00:00,488.07,488.07,488.07,488.07,200.0
2022-09-20 09:45:00,488.06,489.02,483.98,484.95,26601.0
2022-09-20 10:00:00,485.14,485.14,482.11,482.11,10470.0
2022-09-20 10:15:00,482.25,483.4,481.26,481.7367,15077.0
2022-09-20 10:30:00,481.56,484.23,481.03,483.47,19305.0
2022-09-20 10:45:00,483.805,486.29,483.56,486.29,14524.0
2022-09-20 11:00:00,485.6672,489.55,485.6672,488.23,26406.0
2022-09-20 11:15:00,487.85,488.76,486.85,488.65,17072.0
2022-09-20 11:30:00,488.78,488.94,486.78,487.095,16666.0
2022-09-20 11:45:00,486.98,487.34,486.7065,487.34,9891.0
2022-09-20 12:00:00,487.7525,488.88,487.75,488.88,11506.0
2022-09-20 12:15:00,488.91,490.42,488.91,489.89,13755.0
2022-09-20 12:30:00,490.09,490.97,489.86,489.86,9172.0
2022-09-20 12:45:00,490.22,491.215,490.09,490.89,39256.0
2022-09-20 13:00:00,490.785,491.8919,489.685,491.62,56199.0
2022-09-20 13:15:00,491.765,492.26,490.8301,492.12,42018.0
2022-09-20 13:30:00,491.97,493.58,491.26,492.56,33581.0
2022-09-20 13:45:00,492.565,493.72,492.07,493.72,34548.0
2022-09-20 14:00:00,493.59,493.77,492.62,493.33,52256.0
2022-09-20 14:15:00,493.54,494.26,493.0567,493.0567,29754.0
2022-09-20 14:30:00,493.3159,495.1,493.08,495.03,35895.0
2022-09-20 14:45:00,495.0,495.0,493.81,494.68,33509.0
2022-09-20 15:00:00,494.88,496.08,494.09,495.13,40751.0
2022-09-20 15:15:00,494.955,495.65,492.63,493.19,31874.0
2022-09-20 15:30:00,493.055,493.675,492.335,493.07,26859.0
2022-09-20 15:45:00,492.42,495.82,492.34,495.45,29082.0
2022-09-20 16:00:00,495.68,496.04,493.55,493.86,109087.0
2022-09-20 16:15:00,494.0,494.0,494.0,494.0,10086.0
2022-09-20 16:30:00,494.0,494.0,494.0,494.0,200.0
2022-09-20 17:00:00,494.0,494.0,494.0,494.0,1507.0
2022-09-20 17:15:00,494.0,494.0,494.0,494.0,2793.0
2022-09-21 04:15:00,500.6,502.0,500.6,502.0,656.0
2022-09-21 05:00:00,503.31,503.5,503.25,503.5,500.0
2022-09-21 06:15:00,504.38,504.38,504.38,504.38,200.0
2022-09-21 07:00:00,502.59,502.98,502.59,502.98,341.0
2022-09-21 07:15:00,502.59,502.59,502.59,502.59,400.0
2022-09-21 07:30:00,500.6,500.6,500.6,500.6,251.0
2022-09-21 08:45:00,500.6,500.6,500.6,500.6,368.0
2022-09-21 09:30:00,500.05,502.74,500.05,502.74,748.0
2022-09-21 09:45:00,505.49,510.48,503.335,507.9754,136081.0
2022-09-21 10:00:00,507.785,509.37,506.22,507.505,56357.0
2022-09-21 10:15:00,508.07,515.4899,507.86,510.05,140884.0
2022-09-21 10:30:00,510.29,512.345,508.7225,509.35,51298.0
2022-09-21 10:45:00,509.36,511.47,508.155,510.0275,38252.0
2022-09-21 11:00:00,510.11,510.13,507.67,508.48,20570.0
2022-09-21 11:15:00,508.03,508.5,505.18,506.3141,70488.0
2022-09-21 11:30:00,505.95,506.0,504.25,505.79,30431.0
2022-09-21 11:45:00,506.0,506.71,505.48,505.805,17782.0
2022-09-21 12:00:00,505.865,506.18,504.555,505.9,22545.0
2022-09-21 12:15:00,505.73,507.115,505.57,506.64,32662.0
2022-09-21 12:30:00,506.425,506.87,505.78,506.12,23536.0
2022-09-21 12:45:00,506.35,506.73,505.1,505.45,25441.0
2022-09-21 13:00:00,505.39,505.44,504.14,504.2,19804.0
2022-09-21 13:15:00,504.38,504.835,503.6004,504.835,20453.0
2022-09-21 13:30:00,504.63,504.69,502.69,503.135,29518.0
2022-09-21 13:45:00,503.39,503.95,503.08,503.92,14967.0
2022-09-21 14:00:00,504.39,504.7,502.665,503.03,20137.0
2022-09-21 14:15:00,502.56,502.56,497.88,498.055,41151.0
2022-09-21 14:30:00,497.94,499.98,497.2301,497.245,30503.0
2022-09-21 14:45:00,497.325,505.262,496.575,505.26,35025.0
2022-09-21 15:00:00,505.63,505.87,501.6591,504.55,36724.0
2022-09-21 15:15:00,504.91,505.5809,499.0,502.09,34329.0
2022-09-21 15:30:00,502.87,503.16,497.73,497.8,24884.0
2022-09-21 15:45:00,497.37,498.285,494.82,494.94,59069.0
2022-09-21 16:00:00,495.01,495.4,492.61,492.62,98023.0
2022-09-21 16:15:00,492.87,492.87,492.87,492.87,12968.0
2022-09-21 17:15:00,492.87,492.87,492.87,492.87,13706.0
2022-09-21 17:30:00,492.86,493.822,492.86,493.822,1211.0
